pl_name,hostname,discoverymethod,disc_year,pl_controv_flag,pl_orbper,pl_orbpererr1,pl_orbpererr2,pl_orbperlim,pl_rade,pl_radeerr1,pl_radeerr2,pl_radelim,sy_dist,sy_disterr1,sy_disterr2
11 Com b,11 Com,Radial Velocity,2007,0,323.21,0.06,-0.05,0,12.2,,,0,93.1846,1.9238,-1.9238
11 UMi b,11 UMi,Radial Velocity,2009,0,516.21997,3.2,-3.2,0,12.3,,,0,125.321,1.9765,-1.9765
14 And b,14 And,Radial Velocity,2008,0,186.76,0.11,-0.12,0,13.1,,,0,75.4392,0.714,-0.714
14 Her b,14 Her,Radial Velocity,2002,0,1766.41,0.67,-0.68,0,12.5,,,0,17.9323,0.0073,-0.0073
16 Cyg B b,16 Cyg B,Radial Velocity,1996,0,798.5,1,-1,0,13.5,,,0,21.1397,0.011,-0.0111
17 Sco b,17 Sco,Radial Velocity,2020,0,578.38,2.01,-2.09,0,12.9,,,0,124.953,2.59,-2.59
18 Del b,18 Del,Radial Velocity,2008,0,982.85,1.06,-0.92,0,12.5,,,0,76.222,0.6217,-0.6217
1RXS J160929.1-210524 b,1RXS J160929.1-210524,Imaging,2008,0,,,,,18.647,,,0,139.135,1.332,-1.307
24 Boo b,24 Boo,Radial Velocity,2018,0,30.33,0,-0.01,0,13.9,,,0,95.9863,0.63685,-0.63685
24 Sex b,24 Sex,Radial Velocity,2010,0,452.8,2.1,-4.5,0,13.4,,,0,72.0691,0.6854,-0.6728
24 Sex c,24 Sex,Radial Velocity,2010,0,883,32.4,-13.8,0,13.9,,,0,72.0691,0.6854,-0.6728
2M0437 b,2MASS J04372171+2651014,Imaging,2021,0,,,,,13,,,0,128.484,1.196,-1.174
2MASS J01033563-5515561 AB b,2MASS J01033563-5515561 A,Imaging,2013,0,,,,,12.3,,,0,47.2,3.1,-3.1
2MASS J01225093-2439505 b,2MASS J01225093-2439505,Imaging,2013,0,,,,,11.209,,,0,33.8281,0.0864,-0.086
2MASS J02192210-3925225 b,2MASS J02192210-3925225,Imaging,2015,0,,,,,16.14096,0.33627,-0.33627,0,40.08964117,0.19404958,-0.19404958
2MASS J0249-0557 c,2MASS J0249-0557 A,Imaging,2018,0,,,,,17.37392009,0.33626942,-0.33626942,0,66.0613,0.4543,-0.4482
2MASS J03590986+2009361 b,2MASS J03590986+2009361,Imaging,2024,0,,,,,12.2,,,0,117.435,2.32,-2.233
2MASS J04414489+2301513 b,2MASS J04414489+2301513,Imaging,2010,0,,,,,12.6,,,0,120.423987,5.4783417,-5.4783417
2MASS J11011926-7732383 b,2MASS J11011926-7732383,Imaging,2024,0,,,,,11.9,,,0,,,
2MASS J11550485-7919108 b,2MASS J11550485-7919108,Imaging,2024,0,,,,,12.1,,,0,100.862,0.603,-0.596
2MASS J12073346-3932539 b,2MASS J12073346-3932539,Imaging,2004,0,,,,,15.69257298,0.33626942,-0.44835923,0,64.308,0.6569,-0.644
2MASS J19383260+4603591 b,2MASS J19383260+4603591,Eclipse Timing Variations,2015,0,406,4,-4,0,13.4,,,0,396.332,6.3885,-6.3885
2MASS J21252752-8138278 b,2MASS J21252752-8138278,Imaging,2024,0,,,,,12.4,,,0,34.1154,0.0811,-0.0807
2MASS J22362452+4751425 b,2MASS J22362452+4751425,Imaging,2016,0,,,,,12.3,,,0,69.5737,0.1592,-0.1585
2MASS J22501512+2325342 b,2MASS J22501512+2325342,Imaging,2018,0,,,,,11.9,,,0,57.2309,0.1437,-0.1429
4 UMa b,4 UMa,Radial Velocity,2006,0,270.27,0.24,-0.09,0,12.6,,,0,73.4603,1.18605,-1.18605
47 UMa b,47 UMa,Radial Velocity,1996,0,1078,2,-2,0,13.2,,,0,13.7967,0.0289,-0.0289
47 UMa c,47 UMa,Radial Velocity,2001,0,2391,100,-87,0,14.2,,,0,13.7967,0.0289,-0.0289
47 UMa d,47 UMa,Radial Velocity,2009,0,14002,4018,-5095,0,13.5,,,0,13.7967,0.0289,-0.0289
51 Eri b,51 Eri,Imaging,2015,0,9100,1100,-1500,0,,,,,29.7575,0.1213,-0.1203
51 Peg b,51 Peg,Radial Velocity,1995,0,4.2307966,0.0000027,-0.0000027,0,14.1,,,0,15.4614,0.0297,-0.0297
55 Cnc B b,55 Cnc B,Radial Velocity,2025,0,6.7994,0.0013,-0.0014,0,1.69,,,0,12.4773,0.0171,-0.0171
55 Cnc B c,55 Cnc B,Radial Velocity,2025,0,33.747,0.035,-0.035,0,2.16,,,0,12.4773,0.0171,-0.0171
55 Cnc b,55 Cnc,Radial Velocity,1996,0,14.651552,0.000036,-0.000036,0,13.9,,,0,12.5855,0.0124,-0.0123
55 Cnc c,55 Cnc,Radial Velocity,2004,0,44.3936,0.0024,-0.0024,0,8.51,,,0,12.5855,0.0124,-0.0123
55 Cnc d,55 Cnc,Radial Velocity,2002,0,4799,4.9,-15,0,13,,,0,12.5855,0.0124,-0.0123
55 Cnc e,55 Cnc,Radial Velocity,2004,0,0.7365474,0.0000013,-0.0000014,0,1.875,0.029,-0.029,0,12.5855,0.0124,-0.0123
55 Cnc f,55 Cnc,Radial Velocity,2007,0,260.58,0.15,-0.15,0,7.59,,,0,12.5855,0.0124,-0.0123
6 Lyn b,6 Lyn,Radial Velocity,2008,0,919.86,1.92,-3.71,0,13.4,,,0,54.6599,0.2734,-0.2734
61 Vir b,61 Vir,Radial Velocity,2009,0,4.215,0.0006,-0.0006,0,2.11,,,0,8.50332,0.01737,-0.0173
61 Vir c,61 Vir,Radial Velocity,2009,0,38.021,0.034,-0.034,0,4.46,,,0,8.50332,0.01737,-0.0173
61 Vir d,61 Vir,Radial Velocity,2009,0,123.01,0.55,-0.55,0,5.11,,,0,8.50332,0.01737,-0.0173
7 CMa b,7 CMa,Radial Velocity,2011,0,735.1,14.8,-1,0,13.4,,,0,19.8101,0.1648,-0.1648
7 CMa c,7 CMa,Radial Velocity,2019,0,996,1.5,-52.4,0,13.9,,,0,19.8101,0.1648,-0.1648
70 Vir b,70 Vir,Radial Velocity,1996,0,116.688,0.0054,-0.0054,0,12.6,,,0,17.9011,0.056,-0.0557
75 Cet b,75 Cet,Radial Velocity,2012,0,696.62,1.33,-1.69,0,13.3,,,0,82.9613,0.72365,-0.72365
75 Cet c,75 Cet,Radial Velocity,2023,0,2051.62,45.98,-40.47,0,13.9,,,0,82.9613,0.72365,-0.72365
8 UMi b,8 UMi,Radial Velocity,2015,0,93.31,0.06,-0.06,0,13.5,,,0,162.552,0.651,-0.646
81 Cet b,81 Cet,Radial Velocity,2008,0,1005.57,1.84,-1.94,0,13.1,,,0,101.26,1.222,-1.222
91 Aqr b,91 Aqr,Radial Velocity,2013,0,181.4,0.1,-0.1,0,13.1,,,0,44.0304,0.51325,-0.51325
AB Aur b,AB Aur,Imaging,2022,0,,,,,12.5,,,0,162.127,1.526,-1.498
AB Pic b,AB Pic,Imaging,2005,0,,,,,12.3,,,0,50.0475,0.0735,-0.0733
AF Lep b,AF Lep,Imaging,2023,0,8905,400,-150,0,13,,,0,26.8564,0.0189,-0.0188
AT2021ueyL b,AT2021ueyL,Microlensing,2025,0,4168.69,2910.76,-1713.98,0,13.6,,,0,1040,740,-440
AU Mic b,AU Mic,Transit,2020,0,8.463446,0.000005,-0.000005,0,4.79,0.29,-0.29,0,9.7221,0.004625,-0.004625
AU Mic c,AU Mic,Transit,2021,0,18.859023,0.000022,-0.000024,0,2.79,0.18,-0.17,0,9.7221,0.004625,-0.004625
AU Mic d,AU Mic,Transit Timing Variations,2023,0,12.73596,0.00793,-0.00793,0,1.02,,,0,9.7221,0.004625,-0.004625
AU Mic e,AU Mic,Radial Velocity,2025,1,33.11,0.06,-0.06,0,4.87,,,0,9.7221,0.004625,-0.004625
BD+03 2562 b,BD+03 2562,Radial Velocity,2017,0,481.9,2.7,-2.8,0,12.7,,,0,1070.63,63.875,-63.875
BD+05 4868 A b,BD+05 4868 A,Transit,2025,0,1.271869,0.000001,-0.000001,0,,,,,43.5687,0.0975,-0.0971
BD+14 4559 b,BD+14 4559,Radial Velocity,2009,0,268.94,0.99,-0.99,0,13.8,,,0,49.352,0.0846,-0.0844
BD+15 2375 b,BD+15 2375,Radial Velocity,2016,0,153.22,0.44,-0.44,0,13.8,,,0,768.045,45.038,-45.038
BD+15 2940 b,BD+15 2940,Radial Velocity,2013,0,137.48,0.34,-0.34,0,13.7,,,0,426.42,6.44,-6.44
BD+20 2457 b,BD+20 2457,Radial Velocity,2009,0,379.63,2.01,-2.01,0,12.1,,,0,1539.71,189.925,-189.925
BD+20 2457 c,BD+20 2457,Radial Velocity,2009,0,621.99,10.2,-10.2,0,12.4,,,0,1539.71,189.925,-189.925
BD+20 274 b,BD+20 274,Radial Velocity,2012,0,578.2,5.4,-5.4,0,13,,,0,1322.51,80.535,-80.535
BD+20 594 b,BD+20 594,Transit,2016,0,41.6855,0.003,-0.003,0,2.57807,0.11209,-0.11209,0,179.461,1.257,-1.24
BD+37 3172 b,BD+37 3172,Radial Velocity,2023,0,1887.76,0.01,-0.01,0,12.4,,,0,454.251,4.6385,-4.6385
BD+42 2315 b,BD+42 2315,Radial Velocity,2023,0,123.05,0.04,-0.04,0,14.2,,,0,610.715,14.311,-14.311
BD+45 564 b,BD+45 564,Radial Velocity,2021,0,307.88,1.47,-1.47,0,13.6,,,0,53.622,0.1919,-0.1905
BD+48 738 b,BD+48 738,Radial Velocity,2011,0,392.6,5.5,-5.5,0,13.9,,,0,871.493,43.849,-43.849
BD+48 740 b,BD+48 740,Radial Velocity,2018,0,733,5,-8,0,13.5,,,0,666.589,21.5335,-21.5335
BD+49 828 b,BD+49 828,Radial Velocity,2015,0,2590,300,-180,0,13.5,,,0,442.042,7.654,-7.654
BD+55 362 b,BD+55 362,Radial Velocity,2021,0,265.59,1.04,-1.04,0,14,,,0,52.5697,0.0974,-0.0971
BD+60 1417 b,BD+60 1417,Imaging,2021,0,,,,,14.68376472,0.67253884,-0.67253884,0,44.9543,0.0593,-0.0592
BD+63 1405 b,BD+63 1405,Radial Velocity,2021,0,1198.48,60.79,-60.79,0,12.4,,,0,38.0473,0.0329,-0.0329
BD-06 1339 b,BD-06 1339,Radial Velocity,2013,1,3.8728,0.0004,-0.0004,0,,,,,20.2695,0.022,-0.0218
BD-06 1339 c,BD-06 1339,Radial Velocity,2013,0,125.94,0.44,-0.44,0,8.38,,,0,20.2695,0.022,-0.0218
BD-08 2823 b,BD-08 2823,Radial Velocity,2009,0,5.6,0.02,-0.02,0,,,,,41.3342,0.0685,-0.0682
BD-08 2823 c,BD-08 2823,Radial Velocity,2009,0,237.6,1.5,-1.5,0,12.5,,,0,41.3342,0.0685,-0.0682
BD-10 3166 b,BD-10 3166,Radial Velocity,2000,0,3.48777,0.00011,-0.00011,0,14.1,,,0,84.4069,0.3537,-0.3508
BD-11 4672 b,BD-11 4672,Radial Velocity,2014,0,1634,13,-14,0,14.1,,,0,27.1665,0.0346,-0.0346
BD-11 4672 c,BD-11 4672,Radial Velocity,2020,0,74.2,0.06,-0.08,0,4.04,,,0,27.1665,0.0346,-0.0346
BD-13 2130 b,BD-13 2130,Radial Velocity,2007,0,714.29999,5.3,-5.3,0,12.5,,,0,925.214,41.211,-41.211
BD-14 3065 b,BD-14 3065 A,Transit,2024,0,4.2889731,0.0000052,-0.0000052,0,21.59,1.05,-1.05,0,589.423,16.599,-15.729
BD-17 63 b,BD-17 63,Radial Velocity,2008,0,655.57,0.58,-0.58,0,12.8,,,0,34.4603,0.0929,-0.0924
BD-210397 b,BD-210397,Radial Velocity,2023,0,1891,56,-48,0,14,,,0,23.7324,0.0228,-0.0227
BD-210397 c,BD-210397,Radial Velocity,2023,0,6240,151,-156,0,12.9,,,0,23.7324,0.0228,-0.0227
BEBOP-3 b,BEBOP-3,Radial Velocity,2025,0,547,6.2,-7.6,0,14.2,,,0,119.052,0.341,-0.34
BEBOP-4 AB b,BEBOP-4 A,Radial Velocity,2025,0,1823.5,5.1,-4.9,0,,,,,234.294,2.194,-2.155
Barnard b,Barnard's star,Radial Velocity,2024,0,3.1542,0.0004,-0.0004,0,0.72,,,0,1.82655,0.000975,-0.000975
Barnard c,Barnard's star,Radial Velocity,2025,0,4.1244,0.0006,-0.0006,0,0.743,,,0,1.82655,0.000975,-0.000975
Barnard d,Barnard's star,Radial Velocity,2025,0,2.3402,0.0003,-0.0003,0,0.694,,,0,1.82655,0.000975,-0.000975
Barnard e,Barnard's star,Radial Velocity,2025,0,6.7392,0.003,-0.003,0,0.637,,,0,1.82655,0.000975,-0.000975
CD Cet b,CD Cet,Radial Velocity,2020,0,2.2907,0.00012,-0.00012,0,1.82,,,0,8.60715,0.00658,-0.00658
CD-35 2722 b,CD-35 2722,Imaging,2011,0,,,,,17.37392009,0.56044903,-0.67253884,0,22.3896,0.01325,-0.01325
CFBDSIR J145829+101343 b,CFBDSIR J145829+101343,Imaging,2011,0,10037.5,2737.5,-2737.5,0,12.4,,,0,23.1,2.4,-2.4
CFHTWIR-Oph 98 b,CFHTWIR-Oph 98 A,Imaging,2020,0,8040000,470000,-470000,0,20.8487041,0.56044903,-0.56044903,0,,,
CHXR 73 b,CHXR 73,Imaging,2006,0,,,,,12.3,,,0,190.374,6.647,-6.22
CI Tau c,CI Tau,Radial Velocity,2024,0,25.2,1.7,-1.8,0,13,,,0,157.998,1.198,-1.18
COCONUTS-2 b,COCONUTS-2 A,Imaging,2021,0,402000000,470000000,-100000000,0,12.57647635,0.0560449,-0.04483592,0,10.8864,0.0041,-0.0042
CT Cha b,CT Cha,Imaging,2007,0,,,,,24.66,9.08,-6.73,0,190.72,0.778,-0.771
CWISEP J193518.59-154620.3 b,CWISEP J193518.59-154620.3,Imaging,2025,0,,,,,12.2,,,0,14.43,,
CoRoT-1 b,CoRoT-1,Transit,2008,0,1.5089557,0.0000064,-0.0000064,0,16.7,0.9,-0.9,0,787.909,23.491,-23.491
CoRoT-10 b,CoRoT-10,Transit,2010,0,13.2406,0.0002,-0.0002,0,10.87,0.78,-0.78,0,338.386,3.9865,-3.9865
CoRoT-11 b,CoRoT-11,Transit,2010,0,2.99433,0.000011,-0.000011,0,16.03,0.34,-0.34,0,655.037,24.947,-23.209
CoRoT-12 b,CoRoT-12,Transit,2010,0,2.828042,0.000013,-0.000013,0,16.14,1.46,-1.46,0,1126.37,55.745,-55.745
CoRoT-13 b,CoRoT-13,Transit,2010,0,4.03519,0.00003,-0.00003,0,9.92,0.157,-0.157,0,1148.93,62.12,-56.15
CoRoT-14 b,CoRoT-14,Transit,2010,0,1.51214,0.00013,-0.00013,0,12.22,0.78,-0.78,0,1744.6,173.03,-144.9
CoRoT-16 b,CoRoT-16,Transit,2011,0,5.35227,0.0002,-0.0002,0,13.11,1.79,-1.57,0,732.409,35.344,-32.282
CoRoT-17 b,CoRoT-17,Transit,2011,0,3.7681,0.0003,-0.0003,0,11.43,0.78,-0.78,0,1176.12,57.17,-52.19
CoRoT-18 b,CoRoT-18,Transit,2011,0,1.9000693,0.0000028,-0.0000028,0,14.68,2.02,-2.02,0,764.889,27.614,-25.784
CoRoT-19 b,CoRoT-19,Transit,2011,0,3.89713,0.00002,-0.00002,0,14.46,0.34,-0.34,0,790.663,26.737,-25.071
CoRoT-2 b,CoRoT-2,Transit,2008,0,1.7429935,0.000001,-0.000001,0,16.432,0.471,-0.493,0,213.283,2.485,-2.43
CoRoT-20 b,CoRoT-20,Transit,2011,0,9.24285,0.0003,-0.0003,0,9.41556,0.44836,-0.44836,0,844.061,24.171,-22.883
CoRoT-20 c,CoRoT-20,Radial Velocity,2018,0,1675,19,-17,0,12.2,,,0,844.061,24.171,-22.883
CoRoT-21 b,CoRoT-21,Transit,2012,0,2.72474,0.00014,-0.00014,0,14.5717,1.56926,-1.56926,0,1398.834197,286.4501849,-286.4501849
CoRoT-22 b,CoRoT-22,Transit,2014,0,9.75598,0.00011,-0.00011,0,4.88,0.17,-0.39,0,627.158,11.187,-10.808
CoRoT-23 b,CoRoT-23,Transit,2011,0,3.6313,0.0001,-0.0001,0,11.77,1.46,-1.46,0,1060.97,45.47,-41.94
CoRoT-24 b,CoRoT-24,Transit,2014,0,5.1134,0.0006,-0.0006,0,3.7,0.4,-0.4,0,591.555,16.043,-15.232
CoRoT-24 c,CoRoT-24,Transit,2014,0,11.759,0.0063,-0.0063,0,5,0.5,-0.5,0,591.555,16.043,-15.232
CoRoT-25 b,CoRoT-25,Transit,2013,0,4.86069,0.00006,-0.00006,0,12.11,3.4,-1.12,0,1103.48,44.28,-41.05
CoRoT-26 b,CoRoT-26,Transit,2013,0,4.20474,0.00005,-0.00005,0,14.12,1.46,-0.78,0,1045.18,,
CoRoT-27 b,CoRoT-27,Transit,2014,0,3.57532,0.00006,-0.00006,0,11.287,0.493,-0.493,0,1010.28,69.26,-61.036
CoRoT-28 b,CoRoT-28,Transit,2015,0,5.20851,0.00038,-0.00038,0,10.704595,0.739794,-0.739794,0,766.183,14.685,-14.152
CoRoT-29 b,CoRoT-29,Transit,2015,0,2.85057,0.000006,-0.000006,0,10.0881,1.79344,-1.79344,0,806.507,44.027,-39.76
CoRoT-3 b,CoRoT-3,Transit,2008,0,4.2568,0.000005,-0.000005,0,11.32,0.78,-0.78,0,768.771,30.791,-28.545
CoRoT-30 b,CoRoT-30,Transit,2020,0,9.06005,0.00024,-0.00024,0,11.309881,0.851884,-0.851884,0,1032.23,48.57,-44.467
CoRoT-31 b,CoRoT-31,Transit,2020,0,4.62941,0.00075,-0.00075,0,16.36514,3.3627,-3.3627,0,2005.76,169.79,-145.71
CoRoT-32 b,CoRoT-32,Transit,2018,0,6.71837,0.00001,-0.00001,0,6.38913,0.67254,-0.56045,0,576.683,10.436,-10.436
CoRoT-35 b,CoRoT-35,Transit,2022,0,3.22748,0.00008,-0.00008,0,18.83108758,1.23298788,-1.23298788,0,1123.21,55.9,-50.92
CoRoT-36 b,CoRoT-36,Transit,2022,0,5.616531,0.000023,-0.000023,0,15.80466279,1.5692573,-1.5692573,0,925.958,27.796,-26.247
CoRoT-4 b,CoRoT-4,Transit,2008,0,9.20205,0.00037,-0.00037,0,13.34,0.67,-0.56,0,726.412,15.181,-14.582
CoRoT-5 b,CoRoT-5,Transit,2009,0,4.0378962,0.0000019,-0.0000019,0,15.558,0.516,-0.527,0,882.472,25.62,-25.62
CoRoT-6 b,CoRoT-6,Transit,2009,0,8.886593,0.000004,-0.000004,0,13.068,0.392,-0.392,0,645.294,12.453,-11.997
CoRoT-7 b,CoRoT-7,Transit,2009,0,0.85359163,0.000000006,-0.000000006,0,1.68135,0.11209,-0.11209,0,159.906,0.917,-0.906
CoRoT-7 c,CoRoT-7,Radial Velocity,2009,0,3.698,0.003,-0.003,0,2.83,,,0,159.906,0.917,-0.906
CoRoT-7 d,CoRoT-7,Radial Velocity,2022,0,8.966,1.546,-1.546,0,4.31,,,0,159.906,0.917,-0.906
CoRoT-8 b,CoRoT-8,Transit,2010,0,6.21229,0.00003,-0.00003,0,6.39,0.22,-0.22,0,322.037,2.714,-2.714
CoRoT-9 b,CoRoT-9,Transit,2009,0,95.272656,0.000068,-0.000068,0,11.948794,0.840675,-0.706167,0,412.98,4.725,-4.622
DE CVn b,DE CVn,Eclipse Timing Variations,2018,1,4098.1,131.5,-131.5,0,12.4,,,0,30.5225,0.0284,-0.0285
DENIS-P J082303.1-491201 b,DENIS-P J082303.1-491201,Astrometry,2013,0,246.36,1.38,-1.35,0,11.9,,,0,20.77,0.08,-0.08
DH Tau b,DH Tau,Imaging,2004,0,,,,,30.2643,8.9672,-8.9672,0,134.846,1.282,-1.258
DMPP-1 b,DMPP-1,Radial Velocity,2019,0,17.812,0.025,-0.019,0,4.26,,,0,62.5388,0.1782,-0.1773
DMPP-1 c,DMPP-1,Radial Velocity,2019,0,10.03,0.53,-0.24,0,3.31,,,0,62.5388,0.1782,-0.1773
DMPP-1 d,DMPP-1,Radial Velocity,2019,0,3.1417,0.002,-0.0248,0,2.02,,,0,62.5388,0.1782,-0.1773
DMPP-1 e,DMPP-1,Radial Velocity,2019,0,5.516,0.002,-0.004,0,1.86,,,0,62.5388,0.1782,-0.1773
DMPP-2 b,DMPP-2,Radial Velocity,2019,0,5.203,0.0012,-0.0012,0,14.2,,,0,137.94,0.681,-0.675
DMPP-2 c,DMPP-2,Radial Velocity,2026,0,3.168,0.355,-0.002,0,8.26,,,0,137.94,0.681,-0.675
DMPP-2 d,DMPP-2,Radial Velocity,2026,0,16.491,0.067,-0.053,0,11.6,,,0,137.94,0.681,-0.675
DMPP-3 A b,DMPP-3 A,Radial Velocity,2019,0,5.59,0.169,-0.002,0,1.44,,,0,46.8917,0.2296,-0.2274
DMPP-4 b,DMPP-4,Radial Velocity,2023,0,3.4982,0.0022,-0.2327,0,3.53,,,0,25.3284,0.0382,-0.038
DMPP-6 b,DMPP-6,Radial Velocity,2026,0,7.6027,0.0261,-0.0016,0,2.28,,,0,54.6303,0.0815,-0.0812
DMPP-6 c,DMPP-6,Radial Velocity,2026,0,36.441,0.077,-0.07,0,3.74,,,0,54.6303,0.0815,-0.0812
DMPP-7 b,DMPP-7,Radial Velocity,2026,0,4.984,0.069,-0.061,0,9.13,,,0,101.386,0.53,-0.526
DMPP-8 b,DMPP-8,Radial Velocity,2026,0,62.915,0.041,-0.033,0,10.8,,,0,76.1335,0.1902,-0.1892
DMPP-9 b,DMPP-9,Radial Velocity,2026,0,12.733,0.584,-0.524,0,3.89,,,0,109.539,0.31,-0.309
DP Leo b,DP Leo,Eclipse Timing Variations,2009,0,10220,730,-730,0,12.7,,,0,305.684,33.554,-27.604
DS Tuc A b,DS Tuc A,Transit,2019,0,8.138268,0.000011,-0.000011,0,5.7,0.17,-0.17,0,44.0622,0.0693,-0.0691
EPIC 201170410.02,EPIC 201170410,Transit,2020,0,6.7987,0.0001,-0.0001,0,1.047,0.276,-0.257,0,134,45.8,-39.8
EPIC 201238110 b,EPIC 201238110,Transit,2019,0,28.1656,0.0027,-0.0028,0,1.87,0.2,-0.45,0,159.259,1.414,-1.39
EPIC 201427007 b,EPIC 201427007,Transit,2021,0,0.72091,0.00014,-0.00014,0,1.5,0.2,-0.2,0,706.391,16.79,-16.79
EPIC 201497682 b,EPIC 201497682,Transit,2019,0,2.13174,0.00022,-0.00022,0,0.692,0.059,-0.048,0,253.026,1.664,-1.664
EPIC 201595106 b,EPIC 201595106,Transit,2021,0,0.87724,0.00004,-0.00004,0,1.565,0.079,-0.079,0,232.1,2.706,-2.646
EPIC 201615463 c,K2-166,Transit,2019,0,3.80464,0.00091,-0.00105,0,1.22,0.21,-0.17,0,476.882,9.692,-9.321
EPIC 201754305 d,K2-16,Transit,2019,0,2.71578,0.00031,-0.00031,0,1.03,0.085,-0.086,0,334.967,4.1785,-4.1785
EPIC 201757695.02,EPIC 201757695,Transit,2020,0,2.0478,0.0001,-0.0001,0,0.90819,0.05861,-0.06401,0,577.6,33.2,-29.8
EPIC 201833600 c,K2-50,Transit,2019,0,3.96151,0.00046,-0.00051,0,1,0.12,-0.11,0,257.443,3.239,-3.239
EPIC 201841433 b,EPIC 201841433,Transit,2019,0,4.1698,0.0001,-0.0001,0,1.04,0.037,-0.032,0,436.488,8.178001,-7.888
EPIC 205950854 c,K2-168,Transit,2019,0,8.050722,0.000075,-0.000038,0,1.31,0.144,-0.063,0,243.935,4.239,-4.099
EPIC 206024342 b,EPIC 206024342,Transit,2019,0,4.50756,0.00062,-0.0006,0,1.7,0.59,-0.31,0,369.888,4.99,-4.86
EPIC 206024342 c,EPIC 206024342,Transit,2021,0,0.911724,0.000076,-0.000076,0,1.4,0.5,-0.5,0,369.888,4.99,-4.86
EPIC 206024342 d,EPIC 206024342,Transit,2021,0,14.647531,0.0000041,-0.0000041,0,2.6,0.9,-0.9,0,369.888,4.99,-4.86
EPIC 206032309 b,EPIC 206032309,Transit,2019,0,2.87814,0.00023,-0.00026,0,1.01,0.24,-0.13,0,161.365,1.793,-1.793
EPIC 206042996 b,EPIC 206042996,Transit,2019,0,5.2986,0.0006,-0.0006,0,1.7,0.2,-0.2,0,451.769,13.976,-13.176
EPIC 206042996 c,EPIC 206042996,Transit,2021,0,0.354884,0.000063,-0.000063,0,1.2,0.2,-0.1,0,451.769,13.976,-13.176
EPIC 206215704 b,EPIC 206215704,Transit,2019,0,2.255436,0.000091,-0.000091,0,1,0.1,-0.09,0,109.888,1.08,-1.08
EPIC 206317286 b,EPIC 206317286,Transit,2019,0,1.58252,0.00017,-0.00018,0,0.96,0.11,-0.15,0,314.35,2.936,-2.882
EPIC 206317286 c,EPIC 206317286,Transit,2022,0,17.515472,0.002288,-0.002965,0,2.094,0.176,-0.16,0,314.35,2.936,-2.882
EPIC 211822797 b,EPIC 211822797,Transit,2016,0,21.1701963,0.0000662,-0.0000642,0,1.92,0.12,-0.07,0,186.197,1.3645,-1.3645
EPIC 211945201 b,EPIC 211945201,Transit,2018,0,19.49221,0.000666,-0.000653,0,5.76,0.3,-0.3,0,181.69,1.295,-1.277
EPIC 212297394 b,EPIC 212297394,Transit,2019,0,2.289363,0.000232,-0.000251,0,1.48,0.13,-0.11,0,418.395,7.353,-7.107
EPIC 212297394 c,EPIC 212297394,Transit,2021,0,5.213965,0.000442,-0.000442,0,2.27,0.19,-0.14,0,418.395,7.353,-7.107
EPIC 212424622 b,EPIC 212424622,Transit,2019,0,18.0983,0.006,-0.0058,0,2.17,0.67,-0.42,0,611.804,10.285,-9.956
EPIC 212499991 b,EPIC 212499991,Transit,2019,0,34.885,0.011,-0.01,0,1.6,0.13,-0.16,0,283.29,2.043,-2.015
EPIC 212587672 b,EPIC 212587672,Transit,2019,0,15.28078,0.000121,-0.000116,0,1.26,0.11,-0.09,0,320.07,6.392,-6.152
EPIC 212587672 c,EPIC 212587672,Transit,2021,0,23.228555,0.000068,-0.000071,0,2.32,0.19,-0.12,0,320.07,6.392,-6.152
EPIC 212624936 b,EPIC 212624936,Transit,2021,0,0.578657,0.000016,-0.000016,0,1.2,0.3,-0.3,0,561.929,8.913,-8.644
EPIC 212624936 c,EPIC 212624936,Transit,2021,0,11.811437,0.00011,-0.00011,0,2.3,0.5,-0.5,0,561.929,8.913,-8.644
EPIC 212737443 b,EPIC 212737443,Transit,2019,0,13.603,0.0013,-0.0013,0,2.586,0.126,-0.126,0,336.25,4.743,-4.615
EPIC 212737443 c,EPIC 212737443,Transit,2019,0,65.55,0.0089,-0.0089,0,2.69,0.146,-0.146,0,336.25,4.743,-4.615
EPIC 220492298 b,EPIC 220492298,Transit,2021,0,0.762406,0.00015,-0.00015,0,0.99,0.1,-0.1,0,624.512,14.947,-14.947
EPIC 220554210 c,K2-282,Transit,2019,0,0.70531,0.000037,-0.000037,0,1.6,0.1,-0.1,0,496.289,7.902,-7.663
EPIC 220674823 b,EPIC 220674823,Transit,2016,0,0.57130782,0.00000056,-0.00000057,0,1.606,0.034,-0.033,0,244.59,3.044,-2.972
EPIC 220674823 c,EPIC 220674823,Transit,2016,0,13.340603,0.000021,-0.000021,0,2.712,0.071,-0.071,0,244.59,3.044,-2.972
EPIC 228836835 b,EPIC 228836835,Transit,2021,0,0.728113,0.000063,-0.000063,0,1.1,0.3,-0.2,0,150.124,1.799,-1.758
EPIC 229004835 b,EPIC 229004835,Transit,2023,0,16.141132,0.000019,-0.000019,0,2.332,0.08,-0.094,0,121.971,0.879,-0.866
EPIC 246851721 b,EPIC 246851721,Transit,2018,0,6.180235,0.000014,-0.000014,0,11.780659,0.493196,-0.493196,0,372.632,19.456,-17.644
EPIC 248847494 b,EPIC 248847494,Transit,2018,0,3650,1280,-1130,0,12.44199,0.78463,-0.78463,0,551.886,12.752,-12.752
EPIC 249893012 b,EPIC 249893012,Transit,2020,0,3.5951,0.0003,-0.0003,0,1.95,0.09,-0.08,0,321.296,4.189,-4.085
EPIC 249893012 c,EPIC 249893012,Transit,2020,0,15.624,0.001,-0.001,0,3.67,0.17,-0.14,0,321.296,4.189,-4.085
EPIC 249893012 d,EPIC 249893012,Transit,2020,0,35.747,0.005,-0.005,0,3.94,0.13,-0.12,0,321.296,4.189,-4.085
FU Tau b,FU Tau,Imaging,2008,0,,,,,12.2,,,0,133.4950466,22.96498906,-22.96498906
G 192-15 b,G 192-15,Radial Velocity,2025,0,2.27476,0.00026,-0.00028,0,1.02,,,0,9.53114,0.006825,-0.006825
G 192-15 c,G 192-15,Radial Velocity,2025,0,1219,13,-11,0,3.87,,,0,9.53114,0.006825,-0.006825
G 196-3 b,G 196-3,Imaging,2024,0,,,,,12,,,0,21.7912,0.01855,-0.01855
G 261-6 b,G 261-6,Radial Velocity,2025,0,5.4536,0.0031,-0.0032,0,1.1,,,0,10.6267,0.0063,-0.0063
G 264-012 b,G 264-012,Radial Velocity,2021,0,2.30538,0.00031,-0.00031,0,1.39,,,0,16.009,0.0104,-0.0103
G 264-012 c,G 264-012,Radial Velocity,2021,0,8.0518,0.0034,-0.0034,0,1.76,,,0,16.009,0.0104,-0.0103
G 268-110 b,G 268-110,Radial Velocity,2025,0,1.43263,0.000072,-0.000076,0,1.13,,,0,,,
G 9-40 b,G 9-40,Transit,2019,0,5.7459982,0.000002,-0.000002,0,1.9,0.065,-0.065,0,27.9276,0.0451,-0.045
GJ 1002 b,GJ 1002,Radial Velocity,2022,0,10.3465,0.027,-0.027,0,1.03,,,0,4.84867,0.00303,-0.00304
GJ 1002 c,GJ 1002,Radial Velocity,2022,0,21.202,0.013,-0.013,0,1.1,,,0,4.84867,0.00303,-0.00304
GJ 1061 b,GJ 1061,Radial Velocity,2020,0,3.2073,0.0002,-0.0003,0,1.04,,,0,3.67278,0.00089,-0.0009
GJ 1061 c,GJ 1061,Radial Velocity,2020,0,6.6821,0.0008,-0.0008,0,1.19,,,0,3.67278,0.00089,-0.0009
GJ 1061 d,GJ 1061,Radial Velocity,2020,0,13.066,0.002,-0.002,0,1.16,,,0,3.67278,0.00089,-0.0009
GJ 1132 b,GJ 1132,Transit,2015,0,1.62892911,0.00000029,-0.0000003,0,1.19151465,0.03811053,-0.04483592,0,12.613,0.007,-0.007
GJ 1132 c,GJ 1132,Radial Velocity,2018,0,8.929,0.0008,-0.0008,0,1.52,,,0,12.613,0.007,-0.007
GJ 1137 c,HD 93083,Radial Velocity,2026,0,9.6412,0.0012,-0.0011,0,2.11,,,0,28.5159,0.0397,-0.0397
GJ 1148 b,GJ 1148,Radial Velocity,2010,0,41.38,0.002,-0.001,0,11.9,,,0,11.0143,0.0064,-0.0065
GJ 1148 c,GJ 1148,Radial Velocity,2017,0,532.58,4.14,-2.52,0,9.71,,,0,11.0143,0.0064,-0.0065
GJ 1151 c,GJ 1151,Radial Velocity,2023,0,389.7,5.4,-6.5,0,3.25,,,0,8.03625,0.00772,-0.00771
GJ 1214 b,GJ 1214,Transit,2009,0,1.580404531,0.000000018,-0.000000017,0,2.733,0.033,-0.031,0,14.6427,0.0372,-0.0372
GJ 1252 b,GJ 1252,Transit,2020,0,0.5182331,0.0000084,-0.0000084,0,1.193,0.074,-0.074,0,20.373,0.0192,-0.0192
GJ 1265 b,GJ 1265,Radial Velocity,2018,0,3.6511,0.0012,-0.0012,0,2.63,,,0,10.2525,0.0075,-0.0076
GJ 1289 b,GJ 1289,Radial Velocity,2024,0,111.74,0.73,-0.71,0,2.38,,,0,8.35147,0.00819,-0.00818
GJ 143 b,GJ 143,Transit,2019,0,35.61253,0.0006,-0.00062,0,2.61,0.17,-0.16,0,16.32,0.0071,-0.0071
GJ 15 A b,GJ 15 A,Radial Velocity,2014,1,11.4407,0.0017,-0.0016,0,1.55,,,0,3.56228,0.00055,-0.00055
GJ 15 A c,GJ 15 A,Radial Velocity,2018,0,7600,2200,-1700,0,6.67,,,0,3.56228,0.00055,-0.00055
GJ 160.2 b,GJ 160.2,Radial Velocity,2014,0,5.2354,0.0027,-0.0065,0,3.17,,,0,25.8557,0.0393,-0.0391
GJ 163 b,GJ 163,Radial Velocity,2013,0,8.63182,0.00155,-0.00155,0,3.25,,,0,15.1285,0.0072,-0.0072
GJ 163 c,GJ 163,Radial Velocity,2013,0,25.63058,0.0255,-0.0255,0,2.5,,,0,15.1285,0.0072,-0.0072
GJ 163 d,GJ 163,Radial Velocity,2013,0,603.95116,7.55862,-7.55862,0,5.92,,,0,15.1285,0.0072,-0.0072
GJ 179 b,GJ 179,Radial Velocity,2009,0,2288,59,-59,0,13.8,,,0,12.356,0.0093,-0.0093
GJ 180 b,GJ 180,Radial Velocity,2014,0,17.133,0.003,-0.003,0,2.43,,,0,11.9407,0.0045,-0.0045
GJ 180 c,GJ 180,Radial Velocity,2014,0,24.329,0.052,-0.066,0,2.41,,,0,11.9407,0.0045,-0.0045
GJ 180 d,GJ 180,Radial Velocity,2020,0,106.3,0.129,-0.129,0,2.66,,,0,11.9407,0.0045,-0.0045
GJ 2030 b,GJ 2030,Radial Velocity,2022,0,2.38129,0.00015,-0.00013,0,2.03,,,0,37.0788,0.0647,-0.0644
GJ 2030 c,GJ 2030,Radial Velocity,2022,0,25533.11353,2549.01187,-2322.57168,0,12.3,,,0,37.0788,0.0647,-0.0644
GJ 2056 b,GJ 2056,Radial Velocity,2020,0,69.971,0.061,-0.061,0,4.17,,,0,28.4434,0.0234,-0.0233
GJ 2126 b,GJ 2126,Radial Velocity,2025,0,272.7,0.1,-0.1,0,13.6,,,0,38.129,0.1175,-0.1167
GJ 229 A c,GJ 229,Radial Velocity,2020,1,121.93268,0.06708,-0.08158,0,2.87,,,0,5.75624,0.001525,-0.001525
GJ 229 b,GJ 229,Radial Velocity,2014,1,579.47495,1.67942,-1.41414,0,3.97,,,0,5.75624,0.001525,-0.001525
GJ 238 b,GJ 238,Transit,2024,0,1.7446999,0.0000019,-0.0000018,0,0.566,0.014,-0.014,0,15.2142,0.0071,-0.0072
GJ 251 b,GJ 251,Radial Velocity,2020,0,14.237,0.0015,-0.0015,0,1.79,,,0,5.58057,0.00198,-0.00198
GJ 251 c,GJ 251,Radial Velocity,2025,0,53.647,0.044,-0.044,0,1.8,,,0,5.58057,0.00198,-0.00198
GJ 27.1 b,GJ 27.1,Radial Velocity,2014,0,15.819,0.023,-0.026,0,3.66,,,0,23.6062,0.02565,-0.02565
GJ 273 b,GJ 273,Radial Velocity,2017,0,18.6498,0.0059,-0.0052,0,1.51,,,0,5.921535,0.0206332,-0.0206332
GJ 273 c,GJ 273,Radial Velocity,2017,0,4.7234,0.0004,-0.0004,0,1.06,,,0,5.921535,0.0206332,-0.0206332
GJ 3021 b,GJ 3021,Radial Velocity,2000,0,133.71,0.2,-0.2,0,13.1,,,0,17.5559,0.0073,-0.0073
GJ 3082 b,GJ 3082,Radial Velocity,2020,0,11.949,0.022,-0.022,0,2.79,,,0,16.6186,0.00745,-0.00745
GJ 3090 b,GJ 3090,Transit,2022,0,2.85310198,0.00000082,-0.00000082,0,2.18,0.06,-0.06,0,22.4751,0.02605,-0.02605
GJ 3090 c,GJ 3090,Radial Velocity,2026,0,15.9407,0.0058,-0.0058,0,3.14,,,0,22.4751,0.02605,-0.02605
GJ 3138 b,GJ 3138,Radial Velocity,2017,0,1.22003,0.00006,-0.00004,0,1.18,,,0,28.4712,0.03505,-0.03505
GJ 3138 c,GJ 3138,Radial Velocity,2017,0,5.974,0.001,-0.001,0,1.88,,,0,28.4712,0.03505,-0.03505
GJ 3138 d,GJ 3138,Radial Velocity,2017,0,257.8,3.6,-3.5,0,3.23,,,0,28.4712,0.03505,-0.03505
GJ 317 b,GJ 317,Radial Velocity,2007,0,695.69,0.26,-0.25,0,13.3,,,0,15.1968,0.013,-0.0129
GJ 317 c,GJ 317,Radial Velocity,2016,0,6500,169,-166,0,13.6,,,0,15.1968,0.013,-0.0129
GJ 3222 b,GJ 3222,Radial Velocity,2022,0,10.66669,0.00285,-0.00231,0,3.4,,,0,18.23817,,
GJ 328 b,GJ 328,Radial Velocity,2013,0,3771,17,-17,0,13.3,,,0,20.5266,0.01685,-0.01685
GJ 328 c,GJ 328,Radial Velocity,2023,0,241.8,1.3,-1.7,0,4.91,,,0,20.5266,0.01685,-0.01685
GJ 3293 b,GJ 3293,Radial Velocity,2015,0,30.5987,0.0083,-0.0084,0,5.19,,,0,20.1903,0.0216,-0.0216
GJ 3293 c,GJ 3293,Radial Velocity,2015,0,122.6196,0.2429,-0.2371,0,4.87,,,0,20.1903,0.0216,-0.0216
GJ 3293 d,GJ 3293,Radial Velocity,2017,0,48.1345,0.0628,-0.0661,0,2.67,,,0,20.1903,0.0216,-0.0216
GJ 3293 e,GJ 3293,Radial Velocity,2017,0,13.2543,0.0078,-0.0104,0,1.63,,,0,20.1903,0.0216,-0.0216
GJ 3323 b,GJ 3323,Radial Velocity,2017,0,5.3636,0.0007,-0.0007,0,1.23,,,0,5.37484,0.00172,-0.00172
GJ 3323 c,GJ 3323,Radial Velocity,2017,0,40.54,0.21,-0.19,0,1.32,,,0,5.37484,0.00172,-0.00172
GJ 3341 b,GJ 3341,Radial Velocity,2015,0,14.207,0.007,-0.007,0,2.46,,,0,23.619,0.0291,-0.029
GJ 3378 b,GJ 3378,Radial Velocity,2026,0,21.45,0.01,-0.01,0,1.32,,,0,7.72274,0.0048,-0.0048
GJ 338 B b,GJ 338 B,Radial Velocity,2020,0,24.422,0.014,-0.014,0,3.25,,,0,6.33256,0.00167,-0.00168
GJ 341 b,GJ 341,Transit,2025,0,7.57686,0.000034,-0.00002,0,0.88,0.05,-0.05,0,10.454,0.00315,-0.00315
GJ 3470 b,GJ 3470,Radial Velocity,2012,0,3.3366496,0.0000039,-0.0000033,0,4.57,0.18,-0.18,0,29.4214,0.0508,-0.0507
GJ 3473 b,GJ 3473,Transit,2020,0,1.1980035,0.0000018,-0.0000019,0,1.264,0.05,-0.049,0,27.3644,0.0376,-0.0376
GJ 3473 c,GJ 3473,Radial Velocity,2020,0,15.509,0.033,-0.033,0,2.63,,,0,27.3644,0.0376,-0.0376
GJ 3512 b,GJ 3512,Radial Velocity,2019,0,203.109,0.035,-0.034,0,14.3,,,0,9.48637,0.00857,-0.00856
GJ 3512 c,GJ 3512,Radial Velocity,2020,0,2354,36,-30,0,14.3,,,0,9.48637,0.00857,-0.00856
GJ 357 b,GJ 357,Transit,2019,0,3.9306,0.000002,-0.000002,0,1.2,0.06,-0.06,0,9.44181,0.00511,-0.00511
GJ 357 c,GJ 357,Radial Velocity,2019,0,9.1247,0.0011,-0.001,0,1.66,,,0,9.44181,0.00511,-0.00511
GJ 357 d,GJ 357,Radial Velocity,2019,0,55.661,0.055,-0.055,0,2.34,,,0,9.44181,0.00511,-0.00511
GJ 3634 b,GJ 3634,Radial Velocity,2010,0,2.64561,0.00066,-0.00066,0,2.83,,,0,20.3779,0.03165,-0.03165
GJ 367 b,GJ 367,Transit,2021,0,0.3219226,0.000001,-0.000001,0,0.736,0.035,-0.035,0,9.41263,0.002835,-0.002835
GJ 367 c,GJ 367,Radial Velocity,2023,0,11.5301,0.0078,-0.0078,0,1.86,,,0,9.41263,0.002835,-0.002835
GJ 367 d,GJ 367,Radial Velocity,2023,0,34.369,0.073,-0.073,0,2.33,,,0,9.41263,0.002835,-0.002835
GJ 3779 b,GJ 3779,Radial Velocity,2018,0,3.0232,0.0013,-0.0013,0,2.75,,,0,13.743,0.0117,-0.0116
GJ 3929 b,GJ 3929,Transit,2022,0,2.616235,0.000005,-0.000005,0,1.09,0.04,-0.04,0,15.8095,0.0096,-0.0095
GJ 3929 c,GJ 3929,Radial Velocity,2022,0,15.04,0.03,-0.03,0,2.26,,,0,15.8095,0.0096,-0.0095
GJ 393 b,GJ 393,Radial Velocity,2021,0,7.02679,0.00082,-0.00085,0,1.17,,,0,7.03149,0.002485,-0.002485
GJ 3942 b,GJ 3942,Radial Velocity,2017,0,6.905,0.04,-0.04,0,2.57,,,0,16.9287,0.00635,-0.00635
GJ 3988 b,GJ 3988,Radial Velocity,2023,0,6.9442,0.001,-0.001,0,1.74,,,0,9.9105,0.00416,-0.00416
GJ 3998 b,GJ 3998,Radial Velocity,2016,0,2.65033,0.00022,-0.00019,0,1.39,,,0,18.1459,0.0165,-0.0165
GJ 3998 c,GJ 3998,Radial Velocity,2016,0,13.727,0.003,-0.004,0,2.5,,,0,18.1459,0.0165,-0.0165
GJ 3998 d,GJ 3998,Radial Velocity,2025,0,41.78,0.05,-0.05,0,2.34,,,0,18.1459,0.0165,-0.0165
GJ 411 b,GJ 411,Radial Velocity,2019,0,12.9394,0.0014,-0.0013,0,1.45,,,0,5.675773,0.0059099,-0.0059099
GJ 414 A b,GJ 414 A,Radial Velocity,2021,0,50.8,0.1,-0.26,0,2.63,1.22,-0.85,0,11.8893,0.0067,-0.0067
GJ 414 A c,GJ 414 A,Radial Velocity,2021,0,749.83,4.35,-3.63,0,8.4,3.6,-2.5,0,11.8893,0.0067,-0.0067
GJ 422 b,GJ 422,Radial Velocity,2014,0,20.129,0.005,-0.005,0,3.33,,,0,12.6631,0.0072,-0.0073
GJ 4274 b,GJ 4274,Radial Velocity,2026,0,1.6339,0.0001,-0.0001,0,1.53,,,0,7.23556,0.01313,-0.01308
GJ 4274 c,GJ 4274,Radial Velocity,2026,0,69.57,0.32,-1.14,0,2.83,,,0,7.23556,0.01313,-0.01308
GJ 4276 b,GJ 4276,Radial Velocity,2019,0,13.352,0.003,-0.003,0,4.22,,,0,21.3362,0.0172,-0.0172
GJ 433 b,GJ 433,Radial Velocity,2013,0,7.3705,0.0005,-0.0005,0,2.33,,,0,9.06456,0.00367,-0.00367
GJ 433 c,GJ 433,Radial Velocity,2014,0,5094.105,608.617,-608.617,0,6.27,,,0,9.06456,0.00367,-0.00367
GJ 433 d,GJ 433,Radial Velocity,2020,0,36.059,0.016,-0.016,0,2.14,,,0,9.06456,0.00367,-0.00367
GJ 436 b,GJ 436,Radial Velocity,2004,0,2.64388312,0.00000057,-0.00000057,0,4.17,0.168,-0.168,0,9.75321,0.00898,-0.00896
GJ 463 b,GJ 463,Radial Velocity,2022,0,3459,22,-22,0,13.1,,,0,18.3554,0.0109,-0.0109
GJ 480 b,GJ 480,Radial Velocity,2020,0,9.5536,0.0006,-0.0006,0,2.91,,,0,14.2358,0.01515,-0.01515
GJ 486 b,GJ 486,Radial Velocity,2021,0,1.46712127,0.00000031,-0.00000035,0,1.289,0.019,-0.014,0,8.07426,0.004095,-0.004095
GJ 504 b,GJ 504,Imaging,2013,0,,,,,12.10569916,0.44835923,-0.33626942,0,17.5299,0.0785,-0.0778
GJ 508.2 b,GJ 508.2,Radial Velocity,2025,0,5300,,,-1,,,,,16.6374,0.0118,-0.0118
GJ 514 b,GJ 514,Radial Velocity,2022,0,140.43,0.41,-0.41,0,2.13,,,0,7.61778,0.003175,-0.003175
GJ 536 b,GJ 536,Radial Velocity,2016,0,8.70874,0.00056,-0.00056,0,2.41,,,0,10.4092,0.00955,-0.00955
GJ 536 c,GJ 536,Radial Velocity,2025,0,32.761,0.015,-0.015,0,2.3,,,0,10.4092,0.00955,-0.00955
GJ 581 b,GJ 581,Radial Velocity,2005,0,5.3686,0.0001,-0.0001,0,4.79,,,0,6.2981,0.002095,-0.002095
GJ 581 c,GJ 581,Radial Velocity,2007,0,12.9211,0.0008,-0.0007,0,2.5,,,0,6.2981,0.002095,-0.002095
GJ 581 e,GJ 581,Radial Velocity,2009,0,3.1481,0.0004,-0.0004,0,1.38,,,0,6.2981,0.002095,-0.002095
GJ 625 b,GJ 625,Radial Velocity,2017,0,14.628,0.012,-0.013,0,1.49,,,0,6.47249,0.001155,-0.001155
GJ 649 b,GJ 649,Radial Velocity,2009,0,600.1,1.7,-1.7,0,10.8,,,0,10.3796,0.00335,-0.00335
GJ 667 C b,GJ 667 C,Radial Velocity,2012,0,7.203,0.0019,-0.0019,0,2.25,,,0,7.24396,0.00486,-0.00485
GJ 667 C c,GJ 667 C,Radial Velocity,2013,0,28.14,0.053,-0.065,0,1.77,,,0,7.24396,0.00486,-0.00485
GJ 667 C e,GJ 667 C,Radial Velocity,2013,1,62.24,0.55,-0.55,0,1.45,,,0,7.24396,0.00486,-0.00485
GJ 667 C f,GJ 667 C,Radial Velocity,2013,1,39.026,0.194,-0.211,0,1.45,,,0,7.24396,0.00486,-0.00485
GJ 667 C g,GJ 667 C,Radial Velocity,2013,1,256.2,13.8,-7.9,0,1.99,,,0,7.24396,0.00486,-0.00485
GJ 674 b,GJ 674,Radial Velocity,2007,0,4.6938,0.007,-0.007,0,3.33,,,0,4.54896,0.001015,-0.001015
GJ 676 A b,GJ 676 A,Radial Velocity,2010,0,1051.44521,0.37707,-0.40023,0,12.8,,,0,16.0272,0.0101,-0.0101
GJ 676 A c,GJ 676 A,Radial Velocity,2016,0,13921.42302,1232.33794,-1514.65143,0,12.3,,,0,16.0272,0.0101,-0.0101
GJ 676 A d,GJ 676 A,Radial Velocity,2012,0,3.60076,0.00019,-0.0002,0,1.78,,,0,16.0272,0.0101,-0.0101
GJ 676 A e,GJ 676 A,Radial Velocity,2012,0,35.47358,0.0156,-0.01472,0,2.47,,,0,16.0272,0.0101,-0.0101
GJ 680 b,GJ 680,Radial Velocity,2022,0,17281.66514,4832.84502,-3919.17991,0,12,,,0,9.67315,0.005135,-0.005135
GJ 682 b,GJ 682,Radial Velocity,2014,0,17.478,0.062,-0.04,0,1.93,,,0,5.00671,0.0021,-0.0021
GJ 682 c,GJ 682,Radial Velocity,2014,0,57.32,0.45,-0.48,0,2.89,,,0,5.00671,0.0021,-0.0021
GJ 685 b,GJ 685,Radial Velocity,2019,0,24.16,0.061,-0.047,0,2.95,,,0,14.3155,0.0081,-0.0081
GJ 687 b,GJ 687,Radial Velocity,2014,0,38.142,0.007,-0.007,0,4.32,,,0,4.54939,0.00068,-0.00068
GJ 687 c,GJ 687,Radial Velocity,2020,0,727.562,12.198,-12.198,0,4.14,,,0,4.54939,0.00068,-0.00068
GJ 720 A b,GJ 720 A,Radial Velocity,2021,0,19.466,0.005,-0.005,0,3.77,,,0,15.5575,0.0061,-0.0061
GJ 724 b,GJ 724,Radial Velocity,2023,0,5.101284,0.00008,-0.000077,0,3.27,,,0,16.9658,0.014,-0.014
GJ 740 b,GJ 740,Radial Velocity,2021,0,2.37756,0.00013,-0.00011,0,1.53,,,0,11.1017,0.00605,-0.00605
GJ 806 b,GJ 806,Transit,2023,0,0.9263237,0.0000009,-0.0000009,0,1.331,0.023,-0.023,0,12.0445,0.00435,-0.00435
GJ 806 c,GJ 806,Radial Velocity,2023,0,6.64064,0.00025,-0.00025,0,2.28,,,0,12.0445,0.00435,-0.00435
GJ 832 b,GJ 832,Radial Velocity,2008,0,3853,51,-47,0,13.8,,,0,4.96435,0.001065,-0.001065
GJ 849 b,GJ 849,Radial Velocity,2006,0,1925.31,6.5,-6.5,0,13.9,,,0,8.80058,0.003615,-0.003615
GJ 849 c,GJ 849,Radial Velocity,2014,0,5990,110,-100,0,13.8,,,0,8.80058,0.003615,-0.003615
GJ 86 b,GJ 86,Radial Velocity,1999,0,15.76491,0.00039,-0.00039,0,12.9,,,0,10.7836,0.0054,-0.0053
GJ 876 b,GJ 876,Radial Velocity,1998,0,61.1166,0.0086,-0.0086,0,13.3,,,0,4.67517,0.00167,-0.00167
GJ 876 c,GJ 876,Radial Velocity,2000,0,30.0881,0.0082,-0.0082,0,14,,,0,4.67517,0.00167,-0.00167
GJ 876 d,GJ 876,Radial Velocity,2005,0,1.93778,0.00002,-0.00002,0,2.51,,,0,4.67517,0.00167,-0.00167
GJ 876 e,GJ 876,Radial Velocity,2010,0,124.26,0.7,-0.7,0,3.92,,,0,4.67517,0.00167,-0.00167
GJ 887 b,GJ 887,Radial Velocity,2020,0,9.2619,0.0005,-0.0005,0,1.8,,,0,3.28679,0.00049,-0.00049
GJ 887 c,GJ 887,Radial Velocity,2020,0,21.784,0.004,-0.004,0,2.43,,,0,3.28679,0.00049,-0.00049
GJ 887 d,GJ 887,Radial Velocity,2026,0,50.77,0.05,-0.05,0,2.34,,,0,3.28679,0.00049,-0.00049
GJ 887 e,GJ 887,Radial Velocity,2026,0,4.4249,0.00014,-0.00013,0,1.12,,,0,3.28679,0.00049,-0.00049
GJ 896 A b,GJ 896 A,Astrometry,2022,0,284.39,1.47,-1.47,0,13.3,,,0,6.26022,0.003265,-0.003265
GJ 900 b,GJ 900 A,Imaging,2024,0,,,,,12.4,,,0,20.8065,0.0357,-0.0357
GJ 9066 c,GJ 9066,Radial Velocity,2020,0,771.36,1.34,-1.23,0,9.6,,,0,4.471,0.00215,-0.00215
GJ 9404 b,GJ 9404,Radial Velocity,2023,0,13.4586,0.0044,-0.0067,0,3.48,,,0,23.8839,0.0254,-0.0253
GJ 96 b,GJ 96,Radial Velocity,2018,0,73.94,0.33,-0.38,0,4.67,,,0,11.9315,0.0093,-0.0093
GJ 9689 b,GJ 9689,Radial Velocity,2020,0,18.27,0.01,-0.01,0,3.07,,,0,30.6203,0.04185,-0.04185
GJ 9714 b,GJ 9714,Radial Velocity,2022,0,19240.75467,8353.76637,-4514.3201,0,12.5,,,0,20.5121,0.0247,-0.0247
GJ 9773 b,GJ 9773,Radial Velocity,2025,0,2965,41,-37,0,14.2,,,0,15.9211,0.02515,-0.02515
GJ 9827 b,GJ 9827,Transit,2017,0,1.208974,0.000001,-0.000001,0,1.44,0.09,-0.07,0,29.661,0.0543,-0.0541
GJ 9827 c,GJ 9827,Transit,2017,0,3.648103,0.000013,-0.00001,0,1.13,0.07,-0.05,0,29.661,0.0543,-0.0541
GJ 9827 d,GJ 9827,Transit,2017,0,6.20183,0.000003,-0.000003,0,1.98,0.11,-0.1,0,29.661,0.0543,-0.0541
GPX-1 b,GPX-1,Transit,2021,0,1.744579,0.000008,-0.000008,0,16.47720163,1.12089807,-1.12089807,0,655.013,17.102,-16.269
GQ Lup b,GQ Lup,Imaging,2004,0,,,,,33.6,5.6,-5.6,0,151.169,1.096,-1.081
GSC 06214-00210 b,GSC 06214-00210,Imaging,2010,0,,,,,20.1762,5.6045,-5.6045,0,108.5,0.513,-0.508
GU Psc b,GU Psc,Imaging,2014,0,,,,,14.179,1.289,-1.289,0,47.5501,0.1649,-0.1638
Gaia-1 b,Gaia-1,Transit,2022,0,3.052524,0.000017,-0.000017,0,13.77583728,0.23538859,-0.23538859,0,363.66,3.058,-3.008
Gaia-2 b,Gaia-2,Transit,2022,0,3.6915224,0.0000039,-0.0000039,0,14.81827249,0.14571675,-0.14571675,0,209.229,1.134,-1.121
Gaia-4 b,Gaia-4,Astrometry,2025,0,571.3,1.4,-1.3,0,12.4,,,0,73.4829,0.1536,-0.1529
Gaia-5 b,Gaia-5,Astrometry,2025,0,358.62,0.2,-0.2,0,12.1,,,0,41.1813,0.097,-0.0965
Gaia22dkvL b,Gaia22dkvL,Microlensing,2024,0,,,,,14.1,,,0,1270,430,-250
Gaia23braL b,Gaia23braL,Microlensing,2026,0,,,,,13.5,,,0,4330,1003,-1012
Gl 378 b,Gl 378,Radial Velocity,2019,0,3.822,0.001,-0.001,0,3.66,,,0,14.9545,0.00725,-0.00725
Gl 410 b,Gl 410,Radial Velocity,2025,0,6.02,0.004,-0.004,0,2.83,,,0,11.9324,0.0082,-0.0082
Gl 49 b,Gl 49,Radial Velocity,2019,0,13.8508,0.0053,-0.0051,0,2.24,,,0,9.8528,0.00328,-0.00328
Gl 686 b,Gl 686,Radial Velocity,2018,0,15.53,0.0011,-0.0011,0,2.46,,,0,8.15728,0.00232,-0.00232
Gl 725 A b,Gl 725 A,Radial Velocity,2025,0,11.2201,0.0051,-0.0051,0,1.48,,,0,3.5214,0.00078,-0.00078
Gliese 12 b,Gliese 12,Transit,2024,0,12.761418,0.00006,-0.000055,0,0.93,0.06,-0.06,0,12.21,0.01305,-0.01305
Gliese 48 b,Gliese 48,Radial Velocity,2026,0,39.6299,0.29,-0.29,0,2.77,,,0,8.23366,0.00232,-0.00232
HAT-P-1 b,HAT-P-1,Transit,2006,0,4.46529976,0.00000055,-0.00000055,0,14.784671,0.212971,-0.212971,0,158.979,0.977,-0.965
HAT-P-11 b,HAT-P-11,Transit,2010,0,4.888,0.0001,-0.0001,0,4.36,0.06,-0.06,0,37.7647,0.0337,-0.0336
HAT-P-11 c,HAT-P-11,Radial Velocity,2018,0,3361,31,-31,0,13.2,,,0,37.7647,0.0337,-0.0336
HAT-P-12 b,HAT-P-12,Transit,2009,0,3.2130598,0.0000021,-0.0000021,0,10.749,0.325,-0.235,0,142.751,0.453,-0.45
HAT-P-13 b,HAT-P-13,Transit,2009,0,2.91625,0.000015,-0.000015,0,14.258,0.729,-0.729,0,246.81,2.228,-2.188
HAT-P-13 c,HAT-P-13,Radial Velocity,2009,0,446.27,0.22,-0.22,0,12.3,,,0,246.81,2.228,-2.188
HAT-P-14 b,HAT-P-14,Transit,2010,0,4.62767,0.000005,-0.000005,0,15.91678,1.34508,-1.34508,0,222.663,1.257,-1.244
HAT-P-15 b,HAT-P-15,Transit,2010,0,10.8635,0.000027,-0.000027,0,11.88154,0.78463,-0.78463,0,192.516,2.053,-2.01
HAT-P-16 b,HAT-P-16,Transit,2010,0,2.77596727,0.00000009,-0.00000009,0,14.68376472,0.67253884,-0.67253884,0,226.637,4.471,-4.305
HAT-P-17 b,HAT-P-17,Transit,2012,0,10.33852,0.000009,-0.000009,0,11.76945,0.44836,-0.44836,0,92.3831,0.4851,-0.4802
HAT-P-17 c,HAT-P-17,Radial Velocity,2012,0,5584,7700,-2100,0,13.1,,,0,92.3831,0.4851,-0.4802
HAT-P-18 b,HAT-P-18,Transit,2010,0,5.508023,0.000006,-0.000006,0,11.153,0.583,-0.583,0,161.4,0.61,-0.605
HAT-P-19 b,HAT-P-19,Transit,2010,0,4.00878322,0.00000019,-0.00000019,0,11.29865255,0.15692573,-0.14571675,0,202.078,1.471,-1.451
HAT-P-2 b,HAT-P-2,Transit,2007,0,5.6335158,0.0000036,-0.0000036,0,10.659759,0.437151,-0.594077,0,127.774,0.425,-0.423
HAT-P-2 c,HAT-P-2,Radial Velocity,2023,0,8500,2600,-1500,0,12.4,,,0,127.774,0.425,-0.423
HAT-P-20 b,HAT-P-20,Transit,2010,0,2.875317,0.000004,-0.000004,0,9.718,0.37,-0.37,0,71.0374,0.1994,-0.1983
HAT-P-21 b,HAT-P-21,Transit,2010,0,4.12448,0.000007,-0.000007,0,12.44199,1.79344,-1.79344,0,277.278,3.215,-3.144
HAT-P-22 b,HAT-P-22,Transit,2010,0,3.21222,0.000009,-0.000009,0,12.89035,2.12971,-2.12971,0,81.7647,0.2505,-0.2489
HAT-P-23 b,HAT-P-23,Transit,2010,0,1.212884,0.000002,-0.000002,0,15.334,1.009,-1.009,0,364.813,4.772,-4.653
HAT-P-24 b,HAT-P-24,Transit,2010,0,3.35524,0.000007,-0.000007,0,14.5717,2.35389,-2.35389,0,415.344,6.636,-6.435
HAT-P-25 b,HAT-P-25,Transit,2012,0,3.65281514,0.00000076,-0.00000075,0,12.722215,0.538032,-0.538032,0,300.384,4.3,-4.182
HAT-P-26 b,HAT-P-26,Transit,2010,0,4.23452,0.000015,-0.000015,0,7.06167,0.44836,-0.44836,0,141.837,1.152,-1.133
HAT-P-27 b,HAT-P-27,Transit,2011,0,3.039577,0.000005,-0.000006,0,11.43,0.78,-0.67,0,199.173,1.451,-1.43
HAT-P-28 b,HAT-P-28,Transit,2011,0,3.257215,0.000007,-0.000007,0,13.585,1.267,-0.919,0,401.319,5.542,-5.395
HAT-P-29 b,HAT-P-29,Transit,2011,0,5.72319,0.000049,-0.000049,0,13.11453,1.45717,-1.45717,0,313.576,4.43,-4.31
HAT-P-3 b,HAT-P-3,Transit,2007,0,2.8997,0.000054,-0.000054,0,10.53646,0.78463,-0.78463,0,134.554,0.48,-0.477
HAT-P-30 b,HAT-P-30,Transit,2011,0,2.8106,0.000005,-0.000005,0,16.14096,1.68135,-1.68135,0,213.985,2.217,-2.173
HAT-P-31 b,HAT-P-31,Transit,2011,0,5.00542,0.000091,-0.000091,0,12.21781,1.68135,-1.68135,0,344.05,2.913,-2.865
HAT-P-32 b,HAT-P-32,Transit,2011,0,2.1500082,0.00000013,-0.00000013,0,22.19382,0.504405,-0.504405,0,289.205,5.355,-5.167
HAT-P-33 b,HAT-P-33,Transit,2011,0,3.47447,0.000001,-0.000001,0,20.73665,5.49241,-5.49241,0,396.11,7.647,-7.368
HAT-P-34 b,HAT-P-34,Transit,2011,0,5.452654,0.000016,-0.000016,0,13.417173,1.45717,-1.031228,0,249.325,2.804,-2.744
HAT-P-35 b,HAT-P-35,Transit,2011,0,3.646706,0.000021,-0.000021,0,14.930388,1.098482,-1.098482,0,506.965,13.193,-12.551
HAT-P-36 b,HAT-P-36,Transit,2011,0,1.32734683,0.00000048,-0.00000048,0,14.313893,0.22418,-0.22418,0,294.419,2.269,-2.235
HAT-P-37 b,HAT-P-37,Transit,2011,0,2.797436,0.000007,-0.000007,0,13.204,0.863,-0.863,0,390.594,2.723,-2.686
HAT-P-38 b,HAT-P-38,Transit,2012,0,4.640382,0.000032,-0.000032,0,9.247,1.031,-0.706,0,255.206,2.473,-2.427
HAT-P-39 b,HAT-P-39,Transit,2012,0,3.54387,0.000005,-0.000005,0,17.609,1.211,-0.908,0,697.004,17.938,-17.075
HAT-P-4 b,HAT-P-4,Transit,2007,0,3.056536,,,0,14.28,0.549,-0.673,0,320.451,2.852,-2.802
HAT-P-40 b,HAT-P-40,Transit,2012,0,4.45724,0.00001,-0.00001,0,17.03768,1.90553,-1.90553,0,464.469,6.537,-6.361
HAT-P-41 b,HAT-P-41,Transit,2012,0,2.69405,0.000004,-0.000004,0,22.97845,5.6045,-5.6045,0,348.185,4.529,-4.417
HAT-P-42 b,HAT-P-42,Transit,2012,0,4.641878,0.000032,-0.000032,0,14.348,1.715,-1.715,0,405.238,7.779,-7.496
HAT-P-43 b,HAT-P-43,Transit,2012,0,3.3326414,0.0000151,-0.0000153,0,13.63,0.64,-0.63,0,528.825,7.587,-7.379
HAT-P-44 b,HAT-P-44,Transit,2014,0,4.301219,0.000019,-0.000019,0,13.922,1.188,-0.572,0,347.85,2.226,-2.199
HAT-P-44 c,HAT-P-44,Radial Velocity,2014,0,872.2,1.7,-1.7,0,13,,,0,347.85,2.226,-2.199
HAT-P-45 b,HAT-P-45,Transit,2014,0,3.128992,0.000021,-0.000021,0,15.984,1.962,-0.975,0,298.64,6.031,-5.801
HAT-P-46 b,HAT-P-46,Transit,2014,0,4.463129,0.000048,-0.000048,0,14.392,3.038,-1.491,0,290.736,5.11,-4.94
HAT-P-47 b,HAT-P-47,Transit,2026,0,4.73217441,0.00000055,-0.00000055,0,14.71739166,0.50440413,-0.50440413,0,282.096,4.83,-4.672
HAT-P-49 b,HAT-P-49,Transit,2014,0,2.69155,0.000006,-0.000006,0,17.82231,2.01762,-2.01762,0,350.351,3.552,-3.482
HAT-P-5 b,HAT-P-5,Transit,2007,0,2.78849,0.000025,-0.000025,0,13.56289,1.1209,-1.1209,0,303.336,1.812,-1.791
HAT-P-50 b,HAT-P-50,Transit,2015,0,3.1220109,0.0000065,-0.0000065,0,14.437192,0.717376,-0.717376,0,515.458,16.696,-15.697
HAT-P-51 b,HAT-P-51,Transit,2015,0,4.21802091,0.00000066,-0.00000066,0,13.50682174,0.19055267,-0.17934369,0,440.089,8.189,-7.901
HAT-P-52 b,HAT-P-52,Transit,2015,0,2.7535953,0.0000094,-0.0000094,0,11.309881,0.807048,-0.807048,0,361.155,4.2875,-4.2875
HAT-P-53 b,HAT-P-53,Transit,2015,0,1.9616241,0.0000039,-0.0000039,0,14.773462,1.020019,-1.020019,0,666.802,15.276,-14.619
HAT-P-54 b,HAT-P-54,Transit,2015,0,3.799847,0.000014,-0.000014,0,10.581296,0.313852,-0.313852,0,143.651,0.583,-0.579
HAT-P-55 b,HAT-P-55,Transit,2015,0,3.5852313,0.00000051,-0.00000051,0,14.84069045,0.25780656,-0.24659758,0,511.388,3.634,-3.585
HAT-P-56 b,HAT-P-56,Transit,2015,0,2.79083,0.000005,-0.000005,0,16.92559,1.23299,-1.23299,0,320.639,5.652,-5.463
HAT-P-57 b,HAT-P-57,Transit,2015,0,2.4653,0.000003,-0.000003,0,19.50366,4.03524,-4.03524,0,279.86,3.249,-3.176
HAT-P-58 b,HAT-P-58,Transit,2021,0,4.0138379,0.0000024,-0.0000024,0,14.93036229,0.48198617,-0.48198617,0,515.59,12.777,-12.184
HAT-P-59 b,HAT-P-59,Transit,2021,0,4.1419771,0.0000012,-0.0000012,0,12.58768533,0.14571675,-0.14571675,0,265.471,1.374,-1.36
HAT-P-6 b,HAT-P-6,Transit,2007,0,3.85298,0.000005,-0.000005,0,16.58932,1.68135,-1.68135,0,275.358,3.636,-3.545
HAT-P-60 b,HAT-P-60,Transit,2021,0,4.7947813,0.0000024,-0.0000024,0,18.28184752,0.26901554,-0.26901554,0,233.22,2.687,-2.627
HAT-P-61 b,HAT-P-61,Transit,2021,0,1.90231289,0.00000077,-0.00000077,0,10.07687365,0.30264248,-0.30264248,0,338.84,4.149,-4.051
HAT-P-62 b,HAT-P-62,Transit,2021,0,2.6453235,0.0000039,-0.0000039,0,12.02723629,0.32506044,-0.32506044,0,348.815,4.951,-4.816
HAT-P-63 b,HAT-P-63,Transit,2021,0,3.377728,0.000013,-0.000013,0,12.5428494,0.36989636,-0.36989636,0,403.458,3.98,-3.904
HAT-P-64 b,HAT-P-64,Transit,2021,0,4.007232,0.0000017,-0.0000017,0,19.08889413,0.78462865,-0.78462865,0,651.897,15.413,-14.728
HAT-P-65 b,HAT-P-65,Transit,2016,0,2.60544751,0.0000005,-0.00000049,0,18.05766791,0.26901554,-0.26901554,0,738.519,19.924,-18.922
HAT-P-66 b,HAT-P-66,Transit,2016,0,2.972086,0.0000057,-0.0000057,0,17.82231,1.79344,-1.1209,0,935.456,24.361,-23.177
HAT-P-67 b,HAT-P-67,Transit,2017,0,4.8101069,0.0000007,-0.00000068,0,23.9872187,0.28022452,-0.28022452,0,371.686,3.563,-3.497
HAT-P-68 b,HAT-P-68,Transit,2020,0,2.29840551,0.00000052,-0.00000052,0,12.016048,0.134508,-0.134508,0,202.152,0.953,-0.943
HAT-P-69 b,HAT-P-69,Transit,2019,0,4.7869491,0.0000018,-0.0000021,0,18.786284,0.571659,-0.369897,0,341.263,5.116,-4.969
HAT-P-7 b,HAT-P-7,Transit,2008,0,2.20474,0.000017,-0.000017,0,16.92559,2.35389,-2.35389,0,341.079,2.431,-2.397
HAT-P-70 b,HAT-P-70,Transit,2019,0,2.74432452,0.00000079,-0.00000068,0,20.96083,1.68135,-1.1209,0,330.739,6.818,-6.552
HAT-P-8 b,HAT-P-8,Transit,2008,0,3.07634,0.000004,-0.000004,0,15.6926,1.45717,-1.45717,0,211.553,1.709,-1.682
HAT-P-9 b,HAT-P-9,Transit,2008,0,3.92281072,0.00000102,-0.00000102,0,15.614137,0.751003,-0.728585,0,455.203,8.968,-8.635
HATS-1 b,HATS-1,Transit,2012,0,3.446459,0.000004,-0.000004,0,14.594,1.816,-1.098,0,283.971,3.778,-3.682
HATS-10 b,HATS-10,Transit,2015,0,3.312846,0.0000058,-0.0000058,0,10.861521,0.683749,-0.504405,0,534.889,7.724,-7.512
HATS-11 b,HATS-11,Transit,2016,0,3.619188,0.000028,-0.000029,0,18.03,0.72,-0.72,0,944.603,32.262,-30.233
HATS-12 b,HATS-12,Transit,2016,0,3.142702,0.000053,-0.000053,0,7.76,0.47,-0.47,0,746.138,,
HATS-13 b,HATS-13,Transit,2015,0,3.0440499,0.0000027,-0.0000027,0,13.585308,0.392315,-0.392315,0,421.855,8.501,-8.177
HATS-14 b,HATS-14,Transit,2015,0,2.7667641,0.0000027,-0.0000027,0,11.646151,0.358688,-0.246598,0,513.011,9.287,-8.968
HATS-15 b,HATS-15,Transit,2016,0,1.74748753,0.00000094,-0.00000094,0,12.385945,0.44836,-0.44836,0,1139.55,99.7,-85.11
HATS-16 b,HATS-16,Transit,2016,0,2.686502,0.000011,-0.000011,0,14.5717,1.68135,-1.68135,0,757.044,13.735,-13.262
HATS-17 b,HATS-17,Transit,2016,0,16.254611,0.000073,-0.000073,0,8.709393,0.627704,-0.627704,0,400.331,10.228,-9.74
HATS-18 b,HATS-18,Transit,2016,0,0.83784,0.00000047,-0.00000047,0,14.896761,0.840675,-0.840675,0,624.368,16.147,-15.366
HATS-2 b,HATS-2,Transit,2013,0,1.35413379,0.00000008,-0.00000008,0,12.57647635,0.26901554,-0.26901554,0,341.925,3.674,-3.598
HATS-22 b,HATS-22,Transit,2017,0,4.7228124,0.0000052,-0.0000052,0,10.682177,0.538032,-0.325061,0,229.518,1.612,-1.59
HATS-23 b,HATS-23,Transit,2017,0,2.1605156,0.0000045,-0.0000045,0,20.84874,3.3627,-4.4836,0,639.004,9.609,-9.334
HATS-24 b,HATS-24,Transit,2017,0,1.3484978,0.0000009,-0.0000009,0,15.636555,0.638913,-0.638913,0,494.182,12.468,-11.88
HATS-25 b,HATS-25,Transit,2016,0,4.2986432,0.0000045,-0.0000045,0,14.12334,1.1209,-1.1209,0,471.158,9.125,-8.79
HATS-26 b,HATS-26,Transit,2016,0,3.3023881,0.0000076,-0.0000076,0,19.61575,2.35389,-2.35389,0,861.843,25.218,-23.847
HATS-27 b,HATS-27,Transit,2016,0,4.637038,0.000014,-0.000014,0,16.8135,2.2418,-1.23299,0,816.988,41.072,-37.381
HATS-28 b,HATS-28,Transit,2016,0,3.1810781,0.0000039,-0.0000039,0,13.383546,0.78463,-0.78463,0,535.383,7.926,-7.703
HATS-29 b,HATS-29,Transit,2016,0,4.6058749,0.0000063,-0.0000063,0,14.022459,0.683749,-0.683749,0,353.891,4.986,-4.852
HATS-3 b,HATS-3,Transit,2013,0,3.547851,0.000005,-0.000005,0,15.48,0.392,-0.392,0,411.211,7.896,-7.608
HATS-30 b,HATS-30,Transit,2016,0,3.1743516,0.0000026,-0.0000026,0,13.170575,0.582868,-0.582868,0,342.14,2.936,-2.888
HATS-31 b,HATS-31,Transit,2016,0,3.37796,0.000012,-0.000012,0,18.38276,2.46598,-2.46598,0,773.974,20.317,-19.321
HATS-32 b,HATS-32,Transit,2016,0,2.8126548,0.0000055,-0.0000055,0,14.000041,1.614096,-1.076064,0,745.116,17.503,-16.731
HATS-33 b,HATS-33,Transit,2016,0,2.5495551,0.0000061,-0.0000061,0,13.78707,1.255408,-0.907929,0,248.46,2.164,-2.127
HATS-34 b,HATS-34,Transit,2016,0,2.1061607,0.0000047,-0.0000047,0,16.02887,2.12971,-2.12971,0,508.842,3.896,-3.896
HATS-35 b,HATS-35,Transit,2016,0,1.8209993,0.0000016,-0.0000016,0,16.409976,0.773421,-0.493196,0,514.555,10.199,-9.817
HATS-36 b,HATS-36,Transit,2018,0,4.175186,0.000033,-0.000033,0,12.92,0.38,-0.38,0,856.436,21.874,-20.829
HATS-37 A b,HATS-37 A,Transit,2020,0,4.3315366,0.0000041,-0.0000041,0,6.792654,0.179344,-0.179344,0,211.896,2.803,-2.733
HATS-38 b,HATS-38,Transit,2020,0,4.375021,0.00001,-0.00001,0,6.882326,0.190553,-0.190553,0,343.525,5.122,-4.976
HATS-39 b,HATS-39,Transit,2018,0,4.5776348,0.0000073,-0.0000073,0,17.59813,1.34508,-1.34508,0,878.521,79.923,-67.787
HATS-4 b,HATS-4,Transit,2014,0,2.516729,0.000002,-0.000002,0,11.433,0.415,-0.415,0,416.459,2.726,-2.691
HATS-40 b,HATS-40,Transit,2018,0,3.2642736,0.0000058,-0.0000058,0,17.71022,1.79344,-1.34508,0,1342.29,31.8,-30.39
HATS-41 b,HATS-41,Transit,2018,0,4.193649,0.000013,-0.000013,0,14.90797,3.25061,-2.2418,0,737.668,14.203,-13.685
HATS-42 b,HATS-42,Transit,2018,0,2.292102,0.0000021,-0.0000021,0,15.6926,2.80225,-1.56926,0,800.377,10.533,-10.269
HATS-43 b,HATS-43,Transit,2018,0,4.3888497,0.0000059,-0.0000059,0,13.22662,0.56045,-0.56045,0,362.273,2.259,-2.232
HATS-44 b,HATS-44,Transit,2018,0,2.7439004,0.0000032,-0.0000032,0,11.960003,1.401125,-0.795839,0,446.035,3.241,-3.196
HATS-45 b,HATS-45,Transit,2018,0,4.1876244,0.0000056,-0.0000056,0,14.414774,1.042437,-1.042437,0,772.11,11.303,-10.987
HATS-46 b,HATS-46,Transit,2018,0,4.7423729,0.0000049,-0.0000049,0,10.121727,0.650122,-0.504405,0,453.808,3.927,-3.861
HATS-47 b,HATS-47,Transit,2020,0,3.9228038,0.0000022,-0.0000022,0,12.520453,0.156926,-0.156926,0,300.67,3.853,-3.759
HATS-48 A b,HATS-48 A,Transit,2020,0,3.1316666,0.0000037,-0.0000037,0,8.9672,0.168135,-0.168135,0,263.609,1.669,-1.649
HATS-49 b,HATS-49,Transit,2020,0,4.1480467,0.0000037,-0.0000037,0,8.574885,0.145717,-0.145717,0,324.413,2.387,-2.353
HATS-5 b,HATS-5,Transit,2014,0,4.763387,0.00001,-0.00001,0,10.223,0.28,-0.28,0,246.384,1.742,-1.719
HATS-50 b,HATS-50,Transit,2017,0,3.8297015,0.0000046,-0.0000046,0,12.66617,0.840675,-0.840675,0,756.742,16.978,-16.261
HATS-51 b,HATS-51,Transit,2017,0,3.3488702,0.0000039,-0.0000039,0,15.80469,2.12971,-2.12971,0,389.57,3.949,-3.872
HATS-52 b,HATS-52,Transit,2017,0,1.36665436,0.00000094,-0.00000094,0,15.490838,0.963974,-0.963974,0,555.134,6.057,-6.057
HATS-53 b,HATS-53,Transit,2017,0,3.8537768,0.0000038,-0.0000038,0,15.02006,0.627704,-0.627704,0,585.77,8.501,-8.265
HATS-54 b,HATS-54,Transit,2019,0,2.5441765,0.0000024,-0.0000024,0,11.37711541,0.26901554,-0.26901554,0,748.585,22.665,-21.392
HATS-55 b,HATS-55,Transit,2019,0,4.2042001,0.0000033,-0.0000033,0,14.022459,0.291434,-0.291434,0,609.838,6.099,-5.982
HATS-56 b,HATS-56,Transit,2019,0,4.324799,0.000027,-0.000027,0,18.920792,0.437151,-0.616495,0,564.409,11.513,-11.07
HATS-57 b,HATS-57,Transit,2019,0,2.350621,0.0000013,-0.0000013,0,12.767051,0.313852,-0.313852,0,279.485,3.118,-3.05
HATS-58 A b,HATS-58 A,Transit,2019,0,4.2180896,0.0000089,-0.0000089,0,12.273855,0.694958,-0.694958,0,403.591,,
HATS-59 b,HATS-59,Transit,2018,0,5.416081,0.000016,-0.000016,0,12.621334,0.863093,-0.863093,0,642.884,13.94,-13.371
HATS-59 c,HATS-59,Radial Velocity,2018,0,1422,14,-14,0,12.3,,,0,642.884,13.94,-13.371
HATS-6 b,HATS-6,Transit,2015,0,3.3252725,0.0000021,-0.0000021,0,11.186582,0.212971,-0.212971,0,169.318,1.065,-1.051
HATS-60 b,HATS-60,Transit,2018,0,3.560829,0.000032,-0.000032,0,12.923977,0.594077,-0.594077,0,486.474,8.584,-8.296
HATS-61 b,HATS-61,Transit,2018,0,7.817953,0.000024,-0.000024,0,13.394755,0.751003,-0.751003,0,679.761,8.732,-8.518
HATS-62 b,HATS-62,Transit,2018,0,3.2768837,0.0000033,-0.0000033,0,11.825495,0.280225,-0.280225,0,523.067,10.426,-10.033
HATS-63 b,HATS-63,Transit,2018,0,3.0566527,0.0000049,-0.0000049,0,13.529263,0.437151,-0.437151,0,623.232,6.092,-5.977
HATS-64 b,HATS-64,Transit,2018,0,4.908897,0.000013,-0.000013,0,18.819911,0.907929,-0.907929,0,1080.15,42.25,-39.24
HATS-65 b,HATS-65,Transit,2018,0,3.105161,0.0000016,-0.0000016,0,16.824709,0.56045,-0.56045,0,493.32,12.619,-12.015
HATS-66 b,HATS-66,Transit,2018,0,3.1414391,0.0000074,-0.0000074,0,15.815899,0.941556,-0.941556,0,1477.98,36.6,-34.9
HATS-67 b,HATS-67,Transit,2018,0,1.6091788,0.000004,-0.000004,0,18.887165,0.526823,-0.526823,0,960.109,24.025,-22.9
HATS-68 b,HATS-68,Transit,2018,0,3.5862202,0.0000047,-0.0000047,0,13.809488,0.437151,-0.325061,0,603.955,10.371,-10.034
HATS-69 b,HATS-69,Transit,2018,0,2.2252577,0.0000019,-0.0000019,0,10.592505,0.246598,-0.246598,0,414.537,3.545,-3.487
HATS-7 b,HATS-7,Transit,2015,0,3.185315,0.0000054,-0.0000054,0,6.310667,0.515614,-0.381106,0,240.707,1.649,-1.628
HATS-70 b,HATS-70,Transit,2019,0,1.8882378,0.0000015,-0.0000015,0,15.513256,0.885511,-0.829466,0,1458.83,68.6,-62.81
HATS-71 b,HATS-71,Transit,2020,0,3.7955202,0.000001,-0.000001,0,11.478016,0.201762,-0.201762,0,140.225,0.865,-0.855
HATS-72 b,HATS-72,Transit,2020,0,7.3279474,0.0000016,-0.0000016,0,8.0973816,0.0358688,-0.0358688,0,127.589,0.614,-0.609
HATS-74 A b,HATS-74 A,Transit,2021,0,1.73185606,0.00000055,-0.00000055,0,11.56766808,0.23538859,-0.23538859,0,299.389,7.188,-6.865
HATS-75 b,HATS-75,Transit,2021,0,2.7886556,0.0000011,-0.0000011,0,9.90873894,0.14571675,-0.14571675,0,194.964,1.125,-1.111
HATS-76 b,HATS-76,Transit,2021,0,1.9416423,0.0000014,-0.0000014,0,12.09449018,0.3474784,-0.3474784,0,385.689,5.7415,-5.7415
HATS-77 b,HATS-77,Transit,2021,0,3.0876262,0.0000016,-0.0000016,0,13.05846252,0.23538859,-0.23538859,0,436.176,10.91,-10.4
HATS-8 b,HATS-8,Transit,2015,0,3.583893,0.00001,-0.00001,0,9.785457,1.378707,-0.840675,0,794.637,19.412,-18.524
HATS-9 b,HATS-9,Transit,2015,0,1.915291,0.000019,-0.000018,0,13.85,0.35,-0.35,0,638.7,12.633,-12.16
HD 100508 b,HD 100508,Radial Velocity,2026,0,5681,42,-42,0,13.7,,,0,32.7548,0.0317,-0.0317
HD 100546 b,HD 100546,Imaging,2014,1,,,,,77.3421,30.2643,-32.5061,0,109.677,0.621,-0.613
HD 100655 b,HD 100655,Radial Velocity,2011,0,157.57001,0.65,-0.65,0,13.5,,,0,137.178,0.895,-0.895
HD 100777 b,HD 100777,Radial Velocity,2007,0,383,1,-1,0,13.7,,,0,49.5336,0.1459,-0.1451
HD 101581 b,HIP 56998,Transit,2025,0,4.46569,0.00029,-0.00032,0,0.956,0.061,-0.063,0,12.7781,0.0114,-0.0114
HD 101581 c,HIP 56998,Transit,2025,0,6.20401,0.00054,-0.00044,0,0.99,0.07,-0.07,0,12.7781,0.0114,-0.0114
HD 10180 c,HD 10180,Radial Velocity,2010,0,5.75969,0.00028,-0.00028,0,,,,,38.9607,0.0387,-0.0386
HD 10180 d,HD 10180,Radial Velocity,2010,0,16.357,0.0038,-0.0038,0,,,,,38.9607,0.0387,-0.0386
HD 10180 e,HD 10180,Radial Velocity,2010,0,49.748,0.025,-0.025,0,5.39,,,0,38.9607,0.0387,-0.0386
HD 10180 f,HD 10180,Radial Velocity,2010,0,122.744,0.232,-0.232,0,5.24,,,0,38.9607,0.0387,-0.0386
HD 10180 g,HD 10180,Radial Velocity,2010,0,604.67,10.42,-10.42,0,,,,,38.9607,0.0387,-0.0386
HD 10180 h,HD 10180,Radial Velocity,2010,0,2205,105.9,-105.9,0,9.4,,,0,38.9607,0.0387,-0.0386
HD 101930 b,HD 101930,Radial Velocity,2005,0,70.46,0.18,-0.18,0,10.6,,,0,30.0274,0.0409,-0.0407
HD 102117 b,HD 102117,Radial Velocity,2005,0,20.8133,0.0064,-0.0064,0,8.47,,,0,39.5792,0.0646,-0.0644
HD 102195 b,HD 102195,Radial Velocity,2006,0,4.11377,0.00056,-0.00056,0,14.2,,,0,29.3386,0.0482,-0.048
HD 102272 b,HD 102272,Radial Velocity,2008,0,127.58,0.3,-0.3,0,12.9,,,0,347.097,13.7975,-13.7975
HD 102329 b,HD 102329,Radial Velocity,2011,0,778.09998,7.5,-7.5,0,12.6,,,0,217.107,3.172,-3.083
HD 102329 c,HD 102329,Radial Velocity,2016,0,1123,79,-53,0,13.5,,,0,217.107,3.172,-3.083
HD 102843 b,HD 102843,Radial Velocity,2019,0,3090.942,295.049,-295.049,0,13.1,,,0,62.758,0.2124,-0.2111
HD 102888 b,HD 102888,Radial Velocity,2025,0,252.06,0.24,-0.24,0,12.8,,,0,126.484,1.161,-1.14
HD 102956 b,HD 102956,Radial Velocity,2010,0,6.4947,0.00019,-0.00019,0,13.8,,,0,121.89,0.4345,-0.4345
HD 103197 b,HD 103197,Radial Velocity,2011,0,47.84,0.03,-0.03,0,5.83,,,0,57.1463,0.097,-0.0967
HD 103720 b,HD 103720,Radial Velocity,2014,0,4.5557,0.0001,-0.0001,0,14.1,,,0,45.5352,0.1032,-0.1026
HD 103774 b,HD 103774,Radial Velocity,2013,0,5.8881,0.0005,-0.0005,0,13.3,,,0,56.4089,0.1785,-0.1774
HD 103891 b,HD 103891,Radial Velocity,2022,0,1919,14,-15,0,13.2,,,0,55.5213,0.4446,-0.4378
HD 103949 b,HD 103949,Radial Velocity,2019,0,120.878,0.446,-0.446,0,3.35,,,0,26.4997,0.0538,-0.0537
HD 104067 b,HD 104067,Radial Velocity,2011,0,55.851,0.017,-0.017,0,9.2,,,0,20.3632,0.0245,-0.0244
HD 104067 c,HD 104067,Radial Velocity,2024,0,13.8992,0.0047,-0.0037,0,3.69,,,0,20.3632,0.0245,-0.0244
HD 10442 b,HD 10442,Radial Velocity,2014,0,1032.3,8.9,-8.9,0,13.6,,,0,135.374,1.3395,-1.3395
HD 104985 b,HD 104985,Radial Velocity,2003,0,199.68,0.09,-0.07,0,12.8,,,0,100.576,0.719,-0.719
HD 105618 b,HD 105618,Radial Velocity,2022,0,10.02245,0.00139,-0.00118,0,5.44,,,0,70.0837,0.2478,-0.2462
HD 105618 c,HD 105618,Radial Velocity,2022,0,77114.07158,22860.71764,-10271.15556,0,11.9,,,0,70.0837,0.2478,-0.2462
HD 105779 b,HD 105779,Radial Velocity,2022,0,2412,55,-52,0,14.1,,,0,55.2411,0.17,-0.169
HD 106252 b,HD 106252,Radial Velocity,2002,0,1535,4,-4,0,12.5,,,0,38.185,0.079,-0.0787
HD 106270 b,HD 106270,Radial Velocity,2011,0,1888,16,-16,0,12.4,,,0,93.808,0.5686,-0.5686
HD 106315 b,HD 106315,Transit,2017,0,9.55237,0.00089,-0.00089,0,2.44,0.17,-0.17,0,109.353,0.691,-0.681
HD 106315 c,HD 106315,Transit,2017,0,21.05704,0.00046,-0.00046,0,4.35,0.23,-0.23,0,109.353,0.691,-0.681
HD 10647 b,HD 10647,Radial Velocity,2006,0,989.2,8.1,-8.1,0,13.8,,,0,17.3357,0.0223,-0.0223
HD 106515 A b,HD 106515 A,Radial Velocity,2012,0,3626,11,-12,0,12.1,,,0,34.0915,0.0856,-0.0851
HD 106906 b,HD 106906,Imaging,2013,0,,,,,12.4,,,0,103.029,0.461,-0.457
HD 10697 b,HD 10697,Radial Velocity,1999,0,1075.3799,0.82091,-0.74513,0,12.8,,,0,33.1205,0.0442,-0.0442
HD 107148 b,HD 107148,Radial Velocity,2005,0,48.056,0.057,-0.057,0,9.6,,,0,49.4156,0.116,-0.1154
HD 107148 c,HD 107148,Radial Velocity,2021,0,18.3267,0.0022,-0.0024,0,4.7,,,0,49.4156,0.116,-0.1154
HD 108147 b,HD 108147,Radial Velocity,2002,0,10.8985,0.0045,-0.0045,0,10.9,,,0,38.92,0.0488,-0.0487
HD 108202 b,HD 108202,Radial Velocity,2023,0,2990,54,-51,0,13.1,,,0,38.6846,0.0675,-0.0673
HD 108236 b,HD 108236,Transit,2020,0,3.795963,0.000025,-0.000034,0,1.615,0.051,-0.051,0,64.5978,0.1943,-0.1932
HD 108236 c,HD 108236,Transit,2020,0,6.203449,0.000049,-0.000046,0,2.071,0.052,-0.052,0,64.5978,0.1943,-0.1932
HD 108236 e,HD 108236,Transit,2020,0,19.590025,0.000083,-0.000089,0,3.083,0.052,-0.052,0,64.5978,0.1943,-0.1932
HD 108236 f,HD 108236,Transit,2021,0,29.54115,0.00033,-0.00042,0,2.017,0.052,-0.057,0,64.5978,0.1943,-0.1932
HD 108341 b,HD 108341,Radial Velocity,2014,0,1129,6,-8,0,13.3,,,0,48.9102,0.0618,-0.0615
HD 108863 b,HD 108863,Radial Velocity,2011,0,437.7,2.8,-2.8,0,13.3,,,0,164.742,1.3265,-1.3265
HD 108874 b,HD 108874,Radial Velocity,2002,0,394.48123,0.6,-0.6,0,13.6,,,0,59.5175,0.1585,-0.1576
HD 108874 c,HD 108874,Radial Velocity,2005,0,1624,23,-23,0,13.8,,,0,59.5175,0.1585,-0.1576
HD 109246 b,HD 109246,Radial Velocity,2010,0,68.27,0.13,-0.13,0,13.9,,,0,67.8349,0.1236,-0.1232
HD 109271 b,HD 109271,Radial Velocity,2013,0,7.8543,0.0009,-0.0009,0,4.31,,,0,55.8716,0.2082,-0.2068
HD 109271 c,HD 109271,Radial Velocity,2013,0,30.93,0.02,-0.02,0,5.27,,,0,55.8716,0.2082,-0.2068
HD 109286 b,HD 109286,Radial Velocity,2021,0,520.1,2.3,-2.3,0,13.2,,,0,55.4156,0.157,-0.1562
HD 109749 b,HD 109749,Radial Velocity,2005,0,5.239891,0.000099,-0.000099,0,11.1,,,0,63.0821,0.2965,-0.2938
HD 10975 b,HD 10975,Radial Velocity,2021,0,283.8,12.7,-0.1,0,14.3,,,0,116.506,0.975,-0.975
HD 109833 b,HD 109833,Transit,2022,0,9.188526,0.000026,-0.000026,0,2.888,0.152,-0.127,0,79.5561,0.1488,-0.1483
HD 109833 c,HD 109833,Transit,2022,0,13.900148,0.000057,-0.000057,0,2.59,0.196,-0.175,0,79.5561,0.1488,-0.1483
HD 109988 b,HD 109988,Radial Velocity,2022,0,17132.15854,3942.55441,-2033.89457,0,12.1,,,0,42.5279,0.0817,-0.0813
HD 110014 b,HD 110014,Radial Velocity,2009,0,835.477,6.04,-6.04,0,12.4,,,0,100.758,1.97315,-1.97315
HD 110067 b,HD 110067,Transit,2023,0,9.113678,0.00001,-0.00001,0,2.2,0.03,-0.03,0,32.1585,0.0572,-0.0569
HD 110067 c,HD 110067,Transit,2023,0,13.673694,0.000024,-0.000024,0,2.388,0.036,-0.036,0,32.1585,0.0572,-0.0569
HD 110067 d,HD 110067,Transit,2023,0,20.519617,0.00004,-0.00004,0,2.852,0.039,-0.039,0,32.1585,0.0572,-0.0569
HD 110067 e,HD 110067,Transit,2023,0,30.793091,0.000012,-0.000012,0,1.94,0.04,-0.04,0,32.1585,0.0572,-0.0569
HD 110067 f,HD 110067,Transit,2023,0,41.05854,0.0001,-0.0001,0,2.601,0.042,-0.042,0,32.1585,0.0572,-0.0569
HD 110067 g,HD 110067,Transit,2023,0,54.76992,0.0002,-0.0002,0,2.607,0.052,-0.052,0,32.1585,0.0572,-0.0569
HD 110082 b,HD 110082,Transit,2021,0,10.18271,0.00004,-0.00004,0,3.2,0.1,-0.1,0,105.096,0.266,-0.266
HD 110113 b,HD 110113,Transit,2021,0,2.541,0.0005,-0.001,0,2.05,0.12,-0.12,0,106.307,0.724,-0.715
HD 110113 c,HD 110113,Radial Velocity,2021,0,6.744,0.008,-0.009,0,2.11384817,4.644325,-4.644325,0,106.307,0.724,-0.715
HD 110537 b,HD 110537,Radial Velocity,2022,0,24469.67342,9917.49437,-7987.53151,0,11.9,,,0,45.0858,0.0975,-0.097
HD 11112 b,HD 11112,Radial Velocity,2022,0,17244.90764,3936.68342,-1253.09468,0,12.6,,,0,44.3804,0.0549,-0.0548
HD 111232 b,HD 111232,Radial Velocity,2003,0,1169.13202,0.6138,-0.39663,0,12.6,,,0,28.9571,0.0362,-0.0361
HD 111232 c,HD 111232,Radial Velocity,2022,0,26472.44623,5155.42268,-4507.69327,0,12.2,,,0,28.9571,0.0362,-0.0361
HD 111591 b,HD 111591,Radial Velocity,2017,0,1056.4,14.3,-14.3,0,12.9,,,0,114.166,0.702,-0.693
HD 111998 b,HD 111998,Radial Velocity,2016,0,810,6,-5,0,12.9,,,0,33.2237,0.0603,-0.06
HD 112300 b,HD 112300,Radial Velocity,2023,0,466.63,1.47,-1.28,0,12.2,,,0,62.07324,3.39072,-3.39072
HD 112570 b,HD 112570,Radial Velocity,2023,0,2615,85,-77,0,13.1,,,0,101.166,0.479,-0.474
HD 112640 b,HD 112640,Radial Velocity,2020,0,613.2,5.8,-5.8,0,12.9,,,0,323.335,2.496,-2.458
HD 113337 b,HD 113337,Radial Velocity,2013,0,317.58639,1.62423,-1.4301,0,13.1,,,0,36.18,0.0565,-0.0563
HD 113337 c,HD 113337,Radial Velocity,2020,0,5429.93477,452.06707,-283.91966,0,12.1,,,0,36.18,0.0565,-0.0563
HD 11343 c,HIP 8541,Radial Velocity,2022,0,228.53731,3.24097,-3.78842,0,13.9,,,0,155.121,0.638,-0.634
HD 113538 b,HD 113538,Radial Velocity,2010,0,663.2,8.4,-7.4,0,13.2,,,0,16.2817,0.0139,-0.014
HD 113538 c,HD 113538,Radial Velocity,2010,0,1818,25,-22,0,13.8,,,0,16.2817,0.0139,-0.014
HD 113996 b,HD 113996,Radial Velocity,2017,0,610.2,3.8,-3.8,0,12.7,,,0,116.334,5.332,-4.89
HD 114082 b,HD 114082,Radial Velocity,2022,0,109.75,0.4,-0.37,0,11.2089807,0.33626942,-0.33626942,0,95.3906,0.4518,-0.4476
HD 114386 b,HD 114386,Radial Velocity,2003,0,937.70001,16,-16,0,13.6,,,0,27.9243,0.0404,-0.0404
HD 114386 c,HD 114386,Radial Velocity,2026,0,444,0.93,-0.88,0,13.4,,,0,27.9243,0.0404,-0.0404
HD 114729 b,HD 114729,Radial Velocity,2002,0,1121.79,3.53,-3.43,0,13.9,,,0,37.8063,0.0518,-0.0517
HD 114783 b,HD 114783,Radial Velocity,2001,0,493.7,1.8,-1.8,0,13.7,,,0,21.0628,0.0285,-0.0284
HD 114783 c,HD 114783,Radial Velocity,2016,0,4352,88,-76,0,13.4,,,0,21.0628,0.0285,-0.0284
HD 11505 b,HD 11505,Radial Velocity,2022,0,32669.22247,12712.99788,-7172.26632,0,12.6,,,0,38.9679,0.1628,-0.1615
HD 11506 b,HD 11506,Radial Velocity,2007,0,1617.7,1.9,-1.9,0,12.9,,,0,51.261,0.1351,-0.1343
HD 11506 c,HD 11506,Radial Velocity,2008,0,223.92,0.37,-0.37,0,14,,,0,51.261,0.1351,-0.1343
HD 11506 d,HD 11506,Radial Velocity,2022,0,26500,300,-300,0,12.3,,,0,51.261,0.1351,-0.1343
HD 115404 A b,HD 115404 A,Radial Velocity,2022,0,10.49488,0.00141,-0.00167,0,6.09,,,0,10.9816,0.0044,-0.0044
HD 115404 A c,HD 115404 A,Radial Velocity,2022,0,15319.22517,7240.32595,-3541.36457,0,12.5,,,0,10.9816,0.0044,-0.0044
HD 115954 b,HD 115954,Radial Velocity,2021,0,3700,1500,-390,0,12.6,,,0,87.6437,0.2763,-0.2747
HD 116029 b,HD 116029,Radial Velocity,2011,0,670,11,-11,0,13.6,,,0,123.245,0.588,-0.588
HD 116029 c,HD 116029,Radial Velocity,2016,0,907,30,-29,0,13.7,,,0,123.245,0.588,-0.588
HD 117207 b,HD 117207,Radial Velocity,2004,0,2621.75,8.37,-8.53,0,13.4,,,0,32.3547,0.0524,-0.0522
HD 11755 b,HD 11755,Radial Velocity,2015,0,433.70001,3.2,-3.2,0,12.8,,,0,235.045,1.616,-1.595
HD 117618 b,HD 117618,Radial Velocity,2004,0,25.8,0.004,-0.004,0,8.59,,,0,37.7781,0.0924,-0.0919
HD 118203 b,HD 118203,Radial Velocity,2005,0,6.1349779,0.000002,-0.000002,0,12.778238,0.32506044,-0.32506044,0,92.2589,0.2364,-0.2352
HD 118203 c,HD 118203,Radial Velocity,2024,0,5103,76,-77,0,12.4,,,0,92.2589,0.2364,-0.2352
HD 11964 b,HD 11964,Radial Velocity,2005,0,1945,26,-26,0,14.1,,,0,33.5369,0.0428,-0.0428
HD 11964 c,HD 11964,Radial Velocity,2008,0,37.91,0.041,-0.041,0,5.38,,,0,33.5369,0.0428,-0.0428
HD 11977 b,HD 11977,Radial Velocity,2005,0,711,8,-8,0,12.7,,,0,67.9331,0.70825,-0.70825
HD 120084 b,HD 120084,Radial Velocity,2013,0,2142,9,-9,0,12.7,,,0,103.044,0.5175,-0.5175
HD 121504 b,HD 121504,Radial Velocity,2003,0,63.33,0.03,-0.03,0,13.6,,,0,41.6592,0.069,-0.0687
HD 12235 b,HD 12235,Radial Velocity,2022,0,4.36305,0.00025,-0.00042,0,3.23,,,0,31.7627,0.1073,-0.1066
HD 12235 c,HD 12235,Radial Velocity,2022,0,36336.70679,9732.19598,-6058.52006,0,12.5,,,0,31.7627,0.1073,-0.1066
HD 122562 c,HD 122562,Radial Velocity,2022,0,84.96276,0.3467,-0.47059,0,10.1,,,0,53.2528,0.1223,-0.1218
HD 124330 b,HD 124330,Radial Velocity,2021,0,270.66,1.21,-1.21,0,14,,,0,60.1977,0.1025,-0.1022
HD 12484 b,HD 12484,Radial Velocity,2016,0,58.83,0.08,-0.08,0,13.2,,,0,48.3367,0.1378,-0.137
HD 125136 b,HD 125136,Radial Velocity,2026,0,849.77,4.61,-4.73,0,13.3,,,0,121.257,0.441,-0.441
HD 125271 b,HD 125271,Radial Velocity,2022,0,14901.99295,3707.63683,-3025.64091,0,12.4,,,0,39.3466,0.0672,-0.067
HD 125390 b,HD 125390,Radial Velocity,2019,0,1757.39151,4.66922,-5.44185,0,11.9,,,0,153.647,0.854,-0.854
HD 125595 b,HD 125595,Radial Velocity,2011,0,9.6737,0.0039,-0.0039,0,,,,,28.1989,0.0611,-0.0609
HD 125612 b,HD 125612,Radial Velocity,2007,0,557.69994,0.68131,-0.69344,0,13.2,,,0,57.6207,0.1644,-0.1635
HD 125612 c,HD 125612,Radial Velocity,2009,0,4.15466,0.00043,-0.0004,0,4.07,,,0,57.6207,0.1644,-0.1635
HD 125612 d,HD 125612,Radial Velocity,2009,0,2822.72698,15.02596,-15.41723,0,12.7,,,0,57.6207,0.1644,-0.1635
HD 126105 b,HD 126105,Radial Velocity,2026,0,524,2.9,-2.9,0,13.5,,,0,82.8811,0.331,-0.3284
HD 12648 b,HD 12648,Radial Velocity,2015,0,133.60001,0.5,-0.5,0,13.4,,,0,182.192,0.951,-0.941
HD 126525 b,HD 126525,Radial Velocity,2018,0,960.41,6.19,-6.33,0,10.3,,,0,37.6506,0.0665,-0.0663
HD 12661 b,HD 12661,Radial Velocity,2000,0,262.70862,0.083,-0.083,0,13.3,,,0,37.8478,0.0633,-0.063
HD 12661 c,HD 12661,Radial Velocity,2002,0,1708,14,-14,0,13.2,,,0,37.8478,0.0633,-0.063
HD 126614 b,HD 126614,Radial Velocity,2009,0,1257.25303,5.95652,-6.1876,0,12.7,,,0,73.0961,0.2453,-0.2436
HD 127195 b,HD 127195,Radial Velocity,2026,0,534.5,2.85,-2.92,0,14,,,0,84.7167,0.5738,-0.5738
HD 127195 c,HD 127195,Radial Velocity,2026,0,836.99,9.35,-9.67,0,14.1,,,0,84.7167,0.5738,-0.5738
HD 127506 b,HD 127506,Radial Velocity,2022,0,65.78395,0.3436,-0.25547,0,5.67,,,0,22.5279,0.0189,-0.019
HD 128311 b,HD 128311,Radial Velocity,2002,0,453.019,0.404,-0.404,0,13.5,,,0,16.3292,0.0199,-0.0198
HD 128311 c,HD 128311,Radial Velocity,2005,0,921.538,1.15,-1.15,0,13,,,0,16.3292,0.0199,-0.0198
HD 128356 b,HD 128356,Radial Velocity,2016,0,298.2,1.6,-1.6,0,13.9,,,0,26.1548,0.0446,-0.0445
HD 128717 b,HD 128717,Astrometry,2025,0,3420,20,-20,0,12.1,,,0,73.636,0.1689,-0.168
HD 129445 b,HD 129445,Radial Velocity,2009,0,1840,55,-55,0,13.3,,,0,67.4386,0.1609,-0.1601
HD 130322 b,HD 130322,Radial Velocity,1999,0,10.70871,0.00018,-0.00018,0,13.7,,,0,31.8766,0.0729,-0.0727
HD 131496 b,HD 131496,Radial Velocity,2011,0,896,16,-16,0,13.4,,,0,131.849,1.153,-1.153
HD 13167 b,HD 13167,Radial Velocity,2018,0,2613,17,-17,0,13.1,,,0,148.934,1.092,-1.076
HD 13189 b,HD 13189,Radial Velocity,2005,0,471.60001,6,-6,0,12.4,,,0,497.823,15.517,-15.517
HD 132406 b,HD 132406,Radial Velocity,2007,0,908,16,-16,0,12.8,,,0,70.7832,0.1387,-0.1381
HD 132563 b,HD 132563,Radial Velocity,2011,0,1544,34,-34,0,13.6,,,0,105.155,0.282,-0.282
HD 133131 A b,HD 133131 A,Radial Velocity,2016,0,649,3,-3,0,13.6,,,0,51.4736,0.1491,-0.1483
HD 133131 A c,HD 133131 A,Radial Velocity,2016,0,3568,1084,-1084,0,14.3,,,0,51.4736,0.1491,-0.1483
HD 133131 B b,HD 133131 B,Radial Velocity,2016,0,5769,831,-831,0,13.3,,,0,51.2993,0.1684,-0.1673
HD 134060 b,HD 134060,Radial Velocity,2019,0,3.2696,0.0001,-0.0001,0,3.16,,,0,24.0125,0.0204,-0.0203
HD 134060 c,HD 134060,Radial Velocity,2019,0,1291.5646,48.0333,-44.2197,0,5.91,,,0,24.0125,0.0204,-0.0203
HD 134606 b,HD 134606,Radial Velocity,2024,0,12.089,0.0016,-0.0015,0,2.97,,,0,26.7909,0.0204,-0.0205
HD 134606 c,HD 134606,Radial Velocity,2024,0,58.883,0.041,-0.039,0,3.37,,,0,26.7909,0.0204,-0.0205
HD 134606 d,HD 134606,Radial Velocity,2024,0,966.5,5.3,-6.9,0,7.59,,,0,26.7909,0.0204,-0.0205
HD 134606 e,HD 134606,Radial Velocity,2024,0,4.3203,0.00051,-0.00047,0,1.33,,,0,26.7909,0.0204,-0.0205
HD 134606 f,HD 134606,Radial Velocity,2024,0,26.915,0.016,-0.016,0,2.24,,,0,26.7909,0.0204,-0.0205
HD 134987 b,HD 134987,Radial Velocity,1999,0,258.17999,0.07,-0.07,0,13.5,,,0,26.1804,0.0516,-0.0515
HD 134987 c,HD 134987,Radial Velocity,2009,0,5000,400,-400,0,13.9,,,0,26.1804,0.0516,-0.0515
HD 135344 A b,HD 135344 A,Imaging,2025,0,,,,,16.25302201,0.67253884,-0.33626942,0,141.595,1.839,-1.793
HD 135625 b,HD 135625,Radial Velocity,2023,0,4055,45,-44,0,13.3,,,0,56.518,0.1166,-0.116
HD 135694 b,HD 135694,Transit,2023,0,15.92347557,0.000019743,-0.000020416,0,2.857,0.227,-0.206,0,73.8713,0.1439,-0.1434
HD 135872 b,HD 135872,Radial Velocity,2022,0,2422.32597,571.78773,-231.95308,0,12.8,,,0,82.4251,0.3022,-0.3022
HD 136118 b,HD 136118,Radial Velocity,2022,0,1187.59765,2.22732,-2.38111,0,12.3,,,0,51.4359,0.1984,-0.1969
HD 136352 b,HD 136352,Radial Velocity,2019,0,11.57797,0.00008,-0.00013,0,1.664,0.043,-0.043,0,14.682,0.0199,-0.0198
HD 136352 c,HD 136352,Radial Velocity,2019,0,27.59221,0.00011,-0.00011,0,2.916,0.075,-0.073,0,14.682,0.0199,-0.0198
HD 136352 d,HD 136352,Radial Velocity,2019,0,107.245,0.05,-0.05,0,2.562,0.088,-0.079,0,14.682,0.0199,-0.0198
HD 136418 b,HD 136418,Radial Velocity,2009,0,464.29999,3.2,-3.2,0,13.3,,,0,105.168,0.311,-0.31
HD 136925 b,HD 136925,Radial Velocity,2021,0,4540,160,-140,0,13.9,,,0,47.874,0.2448,-0.2423
HD 13724 c,HD 13724,Radial Velocity,2022,0,142.22895,0.58279,-0.17514,0,8.18,,,0,43.465,0.0528,-0.0527
HD 137388 b,HD 137388,Radial Velocity,2011,0,330,3,-3,0,9.32,,,0,40.4841,0.054,-0.054
HD 137496 b,HD 137496,Transit,2021,0,1.62116,0.0000791,-0.0000806,0,1.31,0.06,-0.05,0,155.317,1.739,-1.702
HD 137496 c,HD 137496,Radial Velocity,2021,0,479.9,1.1,-1,0,12.6,,,0,155.317,1.739,-1.702
HD 13808 b,HD 13808,Radial Velocity,2021,0,14.1815,0.0015,-0.0015,0,3.35,,,0,28.2305,0.0257,-0.0258
HD 13808 c,HD 13808,Radial Velocity,2021,0,53.753,0.05,-0.082,0,3.13,,,0,28.2305,0.0257,-0.0258
HD 13908 b,HD 13908,Radial Velocity,2013,0,19.382,0.006,-0.006,0,13.9,,,0,79.5515,0.2196,-0.2185
HD 13908 c,HD 13908,Radial Velocity,2013,0,931,17,-17,0,12.8,,,0,79.5515,0.2196,-0.2185
HD 13931 b,HD 13931,Radial Velocity,2009,0,4218,390,-390,0,13.2,,,0,47.3963,0.1446,-0.1438
HD 139357 b,HD 139357,Radial Velocity,2008,0,1124.79139,11.83794,-9.83725,0,12.1,,,0,112.09,0.698,-0.698
HD 1397 b,HD 1397,Transit,2018,0,11.53533,0.00079,-0.0008,0,11.500434,0.280225,-0.302643,0,79.5702,0.1738,-0.1731
HD 14067 b,HD 14067,Radial Velocity,2014,0,2744,16,-14,0,12.2,,,0,142.024,0.845,-0.835
HD 140901 b,HD 140901,Radial Velocity,2022,1,9.02378,0.00013,-0.00123,0,4.07,,,0,15.2528,0.0112,-0.0112
HD 140901 c,HD 140901,Radial Velocity,2022,0,14386,8099,-4415,0,13.4,,,0,15.2528,0.0112,-0.0112
HD 141004 b,HD 141004,Radial Velocity,2021,0,15.5083,0.0016,-0.0018,0,3.77,,,0,11.8148,0.0361,-0.0359
HD 141399 b,HD 141399,Radial Velocity,2014,0,94.44,0.05,-0.05,0,14.3,,,0,37.0169,0.033,-0.0329
HD 141399 c,HD 141399,Radial Velocity,2014,0,201.99,0.08,-0.08,0,13.6,,,0,37.0169,0.033,-0.0329
HD 141399 d,HD 141399,Radial Velocity,2014,0,1069.8,6.7,-6.7,0,13.7,,,0,37.0169,0.033,-0.0329
HD 141399 e,HD 141399,Radial Velocity,2014,0,5000,560,-2000,0,14.1,,,0,37.0169,0.033,-0.0329
HD 141937 b,HD 141937,Radial Velocity,2002,0,662.37,0.09,-0.09,0,12.4,,,0,33.3622,0.0719,-0.0717
HD 142 A d,HD 142,Radial Velocity,2022,0,108.45299,0.09021,-0.08819,0,10.9,,,0,26.1853,0.0449,-0.0446
HD 142 b,HD 142,Radial Velocity,2001,0,351.43394,0.3746,-0.3777,0,12.7,,,0,26.1853,0.0449,-0.0446
HD 142 c,HD 142,Radial Velocity,2012,0,10159.64279,380.8401,-321.75084,0,12.4,,,0,26.1853,0.0449,-0.0446
HD 142022 A b,HD 142022 A,Radial Velocity,2005,0,1928,46,-46,0,12.9,,,0,34.2802,0.0315,-0.0315
HD 142245 b,HD 142245,Radial Velocity,2011,0,1299,48,-48,0,13.1,,,0,97.2305,0.3914,-0.3914
HD 142415 b,HD 142415,Radial Velocity,2003,0,386.29999,1.6,-1.6,0,13.5,,,0,35.5318,0.0418,-0.0417
HD 143105 b,HD 143105,Radial Velocity,2016,0,2.1974,0.0003,-0.0003,0,13.7,,,0,46.7789,0.0435,-0.0433
HD 143361 b,HD 143361,Radial Velocity,2008,0,1039.15,1.64,-1.7,0,12.9,,,0,68.5146,0.2971,-0.2946
HD 143811 AB b,HD 143811 A,Imaging,2025,0,117000,90600,-31000,0,15.69257298,1.12089807,-1.12089807,0,136.608,0.825,-0.815
HD 144899 b,HD 144899,Radial Velocity,2022,0,40.43914,0.03099,-0.04979,0,4.77,,,0,115.665,0.512,-0.507
HD 145377 b,HD 145377,Radial Velocity,2008,0,103.95,0.13,-0.13,0,12.8,,,0,53.4884,0.144,-0.1431
HD 145457 b,HD 145457,Radial Velocity,2010,0,176.13,0.18,-0.2,0,13.2,,,0,135.292,0.4035,-0.4035
HD 145675 c,14 Her,Radial Velocity,2021,0,15732.45889,2654.17497,-1896.09685,0,12.6,,,0,17.9323,0.0073,-0.0073
HD 145934 b,HD 145934,Radial Velocity,2015,0,2751.53433,48.76203,-49.34891,0,13.4,,,0,227.881,2.3975,-2.3975
HD 1461 b,HD 1461,Radial Velocity,2010,0,5.77152,0.00045,-0.00045,0,2.42,,,0,23.4534,0.0309,-0.0309
HD 1461 c,HD 1461,Radial Velocity,2015,0,13.5052,0.0029,-0.0029,0,2.23,,,0,23.4534,0.0309,-0.0309
HD 147018 b,HD 147018,Radial Velocity,2009,0,44.236,0.008,-0.008,0,13.4,,,0,40.4256,0.0716,-0.0713
HD 147018 c,HD 147018,Radial Velocity,2009,0,1008,18,-18,0,12.7,,,0,40.4256,0.0716,-0.0713
HD 147379 b,HD 147379,Radial Velocity,2017,0,86.58,0.14,-0.14,0,4.94,,,0,10.7643,0.00365,-0.00365
HD 147513 b,HD 147513,Radial Velocity,2003,1,528.4,6.3,-6.3,0,13.7,,,0,12.9032,0.0234,-0.0233
HD 14787 b,HD 14787,Radial Velocity,2018,0,676.6,8.1,-8.1,0,13.7,,,0,119.137,0.7555,-0.7555
HD 147873 b,HD 147873,Radial Velocity,2016,0,116.596,0.023,-0.023,0,12.8,,,0,109.055,1.021,-1.002
HD 147873 c,HD 147873,Radial Velocity,2016,0,491.54,0.79,-0.79,0,13.3,,,0,109.055,1.021,-1.002
HD 148156 b,HD 148156,Radial Velocity,2009,0,1027,28,-28,0,13.9,,,0,57.1289,0.1488,-0.1481
HD 148164 b,HD 148164,Radial Velocity,2018,0,328.55,0.41,-0.41,0,13.7,,,0,77.1971,0.3014,-0.2992
HD 148164 c,HD 148164,Radial Velocity,2018,0,5062,114,-114,0,12.8,,,0,77.1971,0.3014,-0.2992
HD 148427 b,HD 148427,Radial Velocity,2009,1,331.9,1.9,-2.2,0,13.7,,,0,71.3499,0.30705,-0.30705
HD 149026 b,HD 149026,Radial Velocity,2005,0,2.87589,0.000002,-0.000002,0,8.29466,0.22418,-0.22418,0,75.8643,0.174,-0.1733
HD 149143 b,HD 149143,Radial Velocity,2005,0,4.07182,0.00001,-0.00001,0,13.6,,,0,73.2801,0.3623,-0.3588
HD 149806 b,HD 149806,Radial Velocity,2022,0,16521.52778,6426.22918,-3696.60573,0,12.3,,,0,20.2727,0.0179,-0.0179
HD 150010 b,HD 150010,Radial Velocity,2022,0,562,8,-8,0,13.3,,,0,144.49,0.673,-0.673
HD 1502 b,HD 1502,Radial Velocity,2011,0,428.5,1.2,-1.2,0,13.2,,,0,190.953,2.7675,-2.7675
HD 150706 b,HD 150706,Radial Velocity,2012,0,5894,5584,-1498,0,13.3,,,0,28.2697,0.0229,-0.0228
HD 151450 b,HD 151450,Radial Velocity,2022,0,21.89288,0.00846,-0.00539,0,6.94,,,0,43.6002,0.1302,-0.1295
HD 151450 c,HD 151450,Radial Velocity,2022,0,18144.76236,5356.32955,-4350.39093,0,12.8,,,0,43.6002,0.1302,-0.1295
HD 152079 b,HD 152079,Radial Velocity,2009,0,2918.92,37.87,-39.28,0,13.2,,,0,87.8888,0.3583,-0.3554
HD 152581 b,HD 152581,Radial Velocity,2011,0,686.5,4.8,-4.8,0,13.4,,,0,165.76,1.1715,-1.1715
HD 152843 b,HD 152843,Transit,2021,0,11.62071,0.000096,-0.000106,0,3.05,0.11,-0.11,0,107.898,0.318,-0.316
HD 152843 c,HD 152843,Transit,2021,0,19.502104,0.000074,-0.000085,0,5.94,0.18,-0.16,0,107.898,0.318,-0.316
HD 15337 b,HD 15337,Transit,2019,0,4.7559804,0.0000062,-0.0000037,0,1.77,0.032,-0.03,0,44.8155,0.0707,-0.0704
HD 15337 c,HD 15337,Transit,2019,0,17.180546,0.000021,-0.000026,0,2.526,0.086,-0.075,0,44.8155,0.0707,-0.0704
HD 153557 b,HD 153557,Radial Velocity,2022,0,7.29903,0.00033,-0.00031,0,4.77,,,0,17.9412,0.0084,-0.0084
HD 153557 c,HD 153557,Radial Velocity,2022,0,15.27018,0.0014,-0.00117,0,4.36,,,0,17.9412,0.0084,-0.0084
HD 153557 d,HD 153557,Radial Velocity,2022,0,40654.64809,3874.17546,-4234.02733,0,11.9,,,0,17.9412,0.0084,-0.0084
HD 153950 b,HD 153950,Radial Velocity,2008,0,499.39999,3.6,-3.6,0,13.2,,,0,48.4549,0.1168,-0.1163
HD 154088 b,HD 154088,Radial Velocity,2021,0,18.56,0.01,-0.01,0,2.46,,,0,18.2692,0.0158,-0.0157
HD 154345 b,HD 154345,Radial Velocity,2006,0,3280,29,-28,0,13.7,,,0,18.284,0.0072,-0.0071
HD 154391 b,HD 154391,Radial Velocity,2023,0,5163,60,-57,0,12.5,,,0,100.947,0.248,-0.248
HD 154672 b,HD 154672,Radial Velocity,2008,0,163.94,0.01,-0.01,0,12.8,,,0,63.0484,0.1947,-0.1936
HD 154857 b,HD 154857,Radial Velocity,2004,0,408.60001,0.5,-0.5,0,13.3,,,0,63.4482,0.1565,-0.1558
HD 154857 c,HD 154857,Radial Velocity,2014,0,3452,105,-105,0,13.2,,,0,63.4482,0.1565,-0.1558
HD 155193 b,HD 155193,Radial Velocity,2021,0,352.65,2.58,-2.58,0,14,,,0,57.7995,0.1224,-0.1219
HD 155358 b,HD 155358,Radial Velocity,2007,0,194.3,0.3,-0.3,0,13.8,,,0,43.6197,0.0472,-0.0472
HD 155358 c,HD 155358,Radial Velocity,2007,0,391.9,1,-1,0,13.9,,,0,43.6197,0.0472,-0.0472
HD 155918 b,HD 155918,Radial Velocity,2022,0,1.87567,0.00004,-0.00004,0,2.67,,,0,27.561,0.0227,-0.0226
HD 155918 c,HD 155918,Radial Velocity,2022,0,17202.19446,2100.79072,-1950.03472,0,12.8,,,0,27.561,0.0227,-0.0226
HD 156098 b,HD 156098,Radial Velocity,2022,0,21.85849,0.01232,-0.00601,0,4.12,,,0,48.249,0.3786,-0.3729
HD 156098 c,HD 156098,Radial Velocity,2022,0,7841.5839,247.41756,-516.56728,0,12.8,,,0,48.249,0.3786,-0.3729
HD 156279 b,HD 156279,Radial Velocity,2011,0,133.40355,0.00417,-0.00405,0,12.5,,,0,36.1945,0.0361,-0.0359
HD 156279 c,HD 156279,Radial Velocity,2016,0,4818.25358,44.45769,-43.09387,0,12.5,,,0,36.1945,0.0361,-0.0359
HD 156411 b,HD 156411,Radial Velocity,2009,0,842.2,14.5,-14.5,0,14,,,0,56.8655,0.1828,-0.1817
HD 156668 b,HD 156668,Radial Velocity,2010,0,4.6455,0.0011,-0.0011,0,1.87,,,0,24.3323,0.0165,-0.0166
HD 156668 c,HD 156668,Radial Velocity,2021,0,811.3,5.2,-5.3,0,6.17,,,0,24.3323,0.0165,-0.0166
HD 156846 b,HD 156846,Radial Velocity,2007,0,359.51001,0.09,-0.09,0,12.4,,,0,47.7332,0.117,-0.1163
HD 158038 b,HD 158038,Radial Velocity,2011,0,521,6.9,-6.9,0,13.5,,,0,94.8625,0.22625,-0.22625
HD 158259 b,HD 158259,Radial Velocity,2020,0,2.178,0.00009,-0.0001,0,1.28228,0.0665152,-0.0665152,0,27.0498,0.0215,-0.0215
HD 158259 c,HD 158259,Radial Velocity,2020,0,3.432,0.0003,-0.00016,0,2.23,,,0,27.0498,0.0215,-0.0215
HD 158259 d,HD 158259,Radial Velocity,2020,0,5.1980814,0.0008186,-0.0008814,0,2.18,,,0,27.0498,0.0215,-0.0215
HD 158259 e,HD 158259,Radial Velocity,2020,0,7.951,0.0022,-0.0021,0,2.34,,,0,27.0498,0.0215,-0.0215
HD 158259 f,HD 158259,Radial Velocity,2020,0,12.028,0.009,-0.009,0,2.35,,,0,27.0498,0.0215,-0.0215
HD 158996 b,HD 158996,Radial Velocity,2018,0,820.2,14,-14,0,12.3,,,0,283.659,4.573,-4.573
HD 15906 b,HD 15906,Transit,2023,0,10.924709,0.000032,-0.000032,0,2.24,0.08,-0.08,0,45.5621,0.0883,-0.088
HD 15906 c,HD 15906,Transit,2023,0,21.583298,0.000052,-0.000055,0,2.93,0.07,-0.06,0,45.5621,0.0883,-0.088
HD 159243 b,HD 159243,Radial Velocity,2013,0,12.62,0.004,-0.004,0,13.7,,,0,73.3055,0.2358,-0.2344
HD 159243 c,HD 159243,Radial Velocity,2013,0,248.4,4.9,-4.9,0,13.4,,,0,73.3055,0.2358,-0.2344
HD 159868 b,HD 159868,Radial Velocity,2006,0,1184.1,7.1,-7.1,0,13.3,,,0,55.8503,0.1669,-0.166
HD 159868 c,HD 159868,Radial Velocity,2012,0,351,1.1,-1.1,0,14,,,0,55.8503,0.1669,-0.166
HD 1605 b,HD 1605,Radial Velocity,2015,0,577.2,2.5,-2.5,0,13.8,,,0,88.8047,0.3754,-0.3724
HD 1605 c,HD 1605,Radial Velocity,2015,0,2149,16,-16,0,13,,,0,88.8047,0.3754,-0.3724
HD 160691 b,HD 160691,Radial Velocity,2000,0,645,0.3,-0.3,0,,,,,15.5981,0.0296,-0.0294
HD 160691 c,HD 160691,Radial Velocity,2004,0,3947,23,-23,0,,,,,15.5981,0.0296,-0.0294
HD 160691 d,HD 160691,Radial Velocity,2004,0,9.6392,0.0006,-0.0006,0,3.23,,,0,15.5981,0.0296,-0.0294
HD 160691 e,HD 160691,Radial Velocity,2006,0,307.9,0.3,-0.3,0,,,,,15.5981,0.0296,-0.0294
HD 161178 b,HD 161178,Radial Velocity,2021,0,279.3,1,-0.8,0,14.1,,,0,107.188,0.4905,-0.4905
HD 16141 b,HD 16141,Radial Velocity,2000,0,75.523,0.055,-0.055,0,10.9,,,0,37.7861,0.0836,-0.0832
HD 16175 b,HD 16175,Radial Velocity,2009,0,990,20,-20,0,12.8,,,0,59.859,0.2478,-0.2457
HD 162020 b,HD 162020,Radial Velocity,2002,0,8.4282,0.000056,-0.000056,0,12.5,,,0,30.8248,0.0715,-0.0712
HD 163607 b,HD 163607,Radial Velocity,2012,0,75.2203,0.0094,-0.0094,0,13.9,,,0,67.7855,0.1639,-0.1632
HD 163607 c,HD 163607,Radial Velocity,2012,0,1272,4.4,-4.4,0,13.3,,,0,67.7855,0.1639,-0.1632
HD 16417 b,HD 16417,Radial Velocity,2008,0,17.24,0.01,-0.01,0,5,,,0,25.3936,0.0353,-0.0352
HD 164509 b,HD 164509,Radial Velocity,2012,0,280.17,0.82,-0.82,0,14.3,,,0,53.1119,0.1432,-0.1425
HD 164595 b,HD 164595,Radial Velocity,2015,0,40,0.24,-0.24,0,4.16,,,0,28.254,0.0208,-0.0207
HD 164604 b,HD 164604,Radial Velocity,2009,0,653.9,1.5,-1.7,0,12.3,,,0,39.3633,0.0963,-0.0959
HD 164604 c,HD 164604,Radial Velocity,2026,0,5387,120,-127,0,12.5,,,0,39.3633,0.0963,-0.0959
HD 164922 b,HD 164922,Radial Velocity,2005,0,1207,4,-5,0,13.3,,,0,22.0016,0.0152,-0.0151
HD 164922 c,HD 164922,Radial Velocity,2016,0,75.74,0.06,-0.05,0,3.66,,,0,22.0016,0.0152,-0.0151
HD 164922 d,HD 164922,Radial Velocity,2020,0,12.458,0.003,-0.003,0,1.83,,,0,22.0016,0.0152,-0.0151
HD 164922 e,HD 164922,Radial Velocity,2021,0,41.763,0.012,-0.012,0,3.23,,,0,22.0016,0.0152,-0.0151
HD 165131 b,HD 165131,Radial Velocity,2023,0,2342.6,1.3,-1.3,0,12.1,,,0,57.4263,0.2111,-0.2096
HD 165155 b,HD 165155,Radial Velocity,2016,0,434.5,2.1,-2.1,0,13.2,,,0,63.3574,0.2184,-0.2168
HD 1666 b,HD 1666,Radial Velocity,2015,0,270,0.8,-0.9,0,12.7,,,0,117.908,0.687,-0.679
HD 166724 b,HD 166724,Radial Velocity,2012,0,5144,705,-467,0,13,,,0,45.1342,0.0903,-0.0899
HD 167042 b,HD 167042,Radial Velocity,2007,0,417.67,0.43,-0.41,0,13.6,,,0,49.6633,0.1348,-0.1348
HD 16760 b,HD 16760,Radial Velocity,2009,1,466.08,0.08,-0.08,0,12.1,,,0,50.17561,,
HD 167677 b,HD 167677,Radial Velocity,2023,0,1820,10,-14,0,13.2,,,0,54.3258,0.2769,-0.2741
HD 167768 b,HD 167768,Radial Velocity,2022,0,20.6532,0.0034,-0.0035,0,13.9,,,0,107.214,1.0755,-1.0755
HD 168009 b,HD 168009,Radial Velocity,2021,0,15.1479,0.0035,-0.0037,0,3.05,,,0,23.3032,0.0118,-0.0118
HD 168443 b,HD 168443,Radial Velocity,1998,0,58.11187,0.00024,-0.00018,0,12.6,,,0,39.6245,0.1224,-0.1217
HD 168443 c,HD 168443,Radial Velocity,2000,0,1753.1096,0.77149,-0.72042,0,12.2,,,0,39.6245,0.1224,-0.1217
HD 168746 b,HD 168746,Radial Velocity,2002,0,6.404,0.0014,-0.0014,0,11.1,,,0,41.5681,0.1,-0.0995
HD 168863 b,HD 168863,Radial Velocity,2022,0,14773.93272,8638.61024,-2644.05863,0,12.7,,,0,39.8979,0.0924,-0.0919
HD 1690 b,HD 1690,Radial Velocity,2010,0,533,1.7,-1.7,0,12.5,,,0,752.615,27.894,-27.894
HD 16905 b,HD 16905,Radial Velocity,2022,0,10256,618,-522,0,12.4,,,0,39.7401,0.0452,-0.0452
HD 169142 b,HD 169142,Imaging,2023,0,,,,,13.1,,,0,113.6,0.833,-0.82
HD 169830 b,HD 169830,Radial Velocity,2000,0,225.67372,0.05685,-0.065,0,13.2,,,0,37.6048,0.1484,-0.1473
HD 169830 c,HD 169830,Radial Velocity,2003,0,1818.82339,5.67578,-6.41838,0,12.6,,,0,37.6048,0.1484,-0.1473
HD 170469 b,HD 170469,Radial Velocity,2007,0,1145,18,-18,0,14.1,,,0,60.178,0.1491,-0.1484
HD 17092 b,HD 17092,Radial Velocity,2007,0,359.89999,2.4,-2.4,0,12.5,,,0,228.422,2.713,-2.713
HD 171028 b,HD 171028,Radial Velocity,2007,0,550,3,-3,0,13.2,,,0,111.659,0.627,-0.621
HD 171238 b,HD 171238,Radial Velocity,2009,0,1515,16,-17,0,12.5,,,0,44.8113,0.1117,-0.1112
HD 17156 b,HD 17156,Radial Velocity,2007,0,21.2164294,0.0000061,-0.0000061,0,12.26262489,0.3474784,-0.33626942,0,78.0863,0.2397,-0.2383
HD 173416 b,HD 173416,Radial Velocity,2008,0,322.03,1.33,-1.52,0,13.4,,,0,132.184,0.7355,-0.7355
HD 174205 b,HD 174205,Radial Velocity,2022,0,582,17,-17,0,13,,,0,234.027,1.392,-1.375
HD 175167 b,HD 175167,Radial Velocity,2009,0,1175,25,-25,0,12.3,,,0,71.0863,0.1691,-0.1684
HD 175541 b,HD 175541,Radial Velocity,2007,0,298.43,0.45,-0.45,0,14.1,,,0,129.603,1.0065,-1.0065
HD 175607 b,HD 175607,Radial Velocity,2015,0,29.01,0.02,-0.02,0,,,,,40.3303,0.0616,-0.0613
HD 17674 b,HD 17674,Radial Velocity,2017,0,623.8,1.6,-1.5,0,13.9,,,0,44.4264,0.0861,-0.0859
HD 176986 b,HD 176986,Radial Velocity,2017,0,6.49164,0.0003,-0.00029,0,,,,,27.7843,0.0483,-0.0481
HD 176986 c,HD 176986,Radial Velocity,2017,0,16.8124,0.0015,-0.0015,0,,,,,27.7843,0.0483,-0.0481
HD 176986 d,HD 176986,Radial Velocity,2026,0,61.376,0.051,-0.049,0,2.49,,,0,27.7843,0.0483,-0.0481
HD 177565 b,HD 177565,Radial Velocity,2017,0,44.505,0.586,-0.293,0,4,,,0,16.9179,0.0192,-0.0192
HD 177830 b,HD 177830,Radial Velocity,1999,0,410.10001,2.2,-2.2,0,13.5,,,0,62.7674,0.1244,-0.1244
HD 177830 c,HD 177830,Radial Velocity,2010,0,110.9,0.1,-0.1,0,7.87,,,0,62.7674,0.1244,-0.1244
HD 178911 B b,HD 178911 B,Radial Velocity,2001,0,71.484,0.02,-0.02,0,12.6,,,0,40.9727,0.0464,-0.0462
HD 179079 b,HD 179079,Radial Velocity,2008,0,14.479,0.01,-0.01,0,,,,,69.7116,0.3982,-0.3938
HD 179949 b,HD 179949,Radial Velocity,2000,0,3.092514,0.000032,-0.000032,0,13.9,,,0,27.4573,0.0578,-0.0577
HD 180053 b,HD 180053,Radial Velocity,2018,0,213.72,0.47,-0.47,0,13.3,,,0,137.043,0.609,-0.609
HD 18015 b,HD 18015,Radial Velocity,2018,0,2278,71,-71,0,13.1,,,0,123.801,0.7975,-0.7975
HD 180314 b,HD 180314,Radial Velocity,2010,0,394.73,0.13,-0.13,0,12,,,0,122.362,0.449,-0.449
HD 180617 b,HD 180617,Radial Velocity,2018,0,105.911,0.109,-0.109,0,3.53,,,0,5.91059,0.00183,-0.00183
HD 180902 b,HD 180902,Radial Velocity,2009,0,510.9,1.5,-1.5,0,13.5,,,0,104.577,0.5735,-0.5735
HD 181234 b,HD 181234,Radial Velocity,2019,0,7593.40512,113.6102,-121.82598,0,12.5,,,0,47.7458,0.1298,-0.129
HD 181342 b,HD 181342,Radial Velocity,2009,0,564.1,4.1,-4.1,0,13.2,,,0,120.391,0.694,-0.694
HD 18143 b,HD 18143,Radial Velocity,2022,0,10.2851,0.00213,-0.00263,0,3.28,,,0,22.5243,0.023,-0.023
HD 18143 c,HD 18143,Radial Velocity,2022,0,28982.41764,18264.56731,-7978.16709,0,12.5,,,0,22.5243,0.023,-0.023
HD 181433 b,HD 181433,Radial Velocity,2008,0,9.3745,0.00025,-0.00038,0,,,,,26.8762,0.0225,-0.0225
HD 181433 c,HD 181433,Radial Velocity,2008,0,1018.5,1.47,-0.78,0,,,,,26.8762,0.0225,-0.0225
HD 181433 d,HD 181433,Radial Velocity,2008,0,6896.1,102.7,-123.7,0,13.2,,,0,26.8762,0.0225,-0.0225
HD 181720 b,HD 181720,Radial Velocity,2009,0,956,14,-14,0,14,,,0,60.2046,0.2433,-0.2414
HD 183263 b,HD 183263,Radial Velocity,2004,0,624.87404,0.2537,-0.26179,0,13.1,,,0,54.1955,0.1131,-0.1127
HD 183263 c,HD 183263,Radial Velocity,2008,0,4667.97841,18.57225,-17.90216,0,12.5,,,0,54.1955,0.1131,-0.1127
HD 183579 b,HD 183579,Transit,2021,0,17.471291,0.000027,-0.000028,0,3.49,0.07,-0.064,0,57.2651,0.1875,-0.1864
HD 184010 b,HD 184010,Radial Velocity,2022,0,286.6,2.4,-0.7,0,12.1,,,0,60.7993,0.2548,-0.2548
HD 184010 c,HD 184010,Radial Velocity,2022,0,484.3,5.5,-3.5,0,11.8,,,0,60.7993,0.2548,-0.2548
HD 184010 d,HD 184010,Radial Velocity,2022,0,836.4,8.4,-8.4,0,14.3,,,0,60.7993,0.2548,-0.2548
HD 18438 b,HD 18438,Radial Velocity,2023,0,803,5,-5,0,12.1,,,0,224.146,9.017,-8.356
HD 185269 b,HD 185269,Radial Velocity,2006,0,6.83776,0.00027,-0.00027,0,13.8,,,0,51.9917,0.0843,-0.084
HD 185283 b,HD 185283,Radial Velocity,2023,0,4060,148,-112,0,13.6,,,0,31.395,0.0545,-0.0542
HD 18599 b,HD 18599,Transit,2022,0,4.1374354,0.0000036,-0.0000037,0,2.6,0.15,-0.13,0,38.5653,0.0366,-0.0366
HD 187085 b,HD 187085,Radial Velocity,2006,0,1019.74,21.29,-22.58,0,13.9,,,0,45.8993,0.0938,-0.0935
HD 187123 b,HD 187123,Radial Velocity,1998,0,3.0965828,0.0000078,-0.0000078,0,14.2,,,0,45.9548,0.0716,-0.0714
HD 187123 c,HD 187123,Radial Velocity,2008,0,3810,420,-420,0,13.2,,,0,45.9548,0.0716,-0.0714
HD 18742 b,HD 18742,Radial Velocity,2011,0,766,25,-25,0,13.1,,,0,162.685,3.0755,-3.0755
HD 188015 b,HD 188015,Radial Velocity,2004,0,461.2,1.7,-1.7,0,13.6,,,0,50.6706,0.1095,-0.1089
HD 188641 b,HD 188641,Radial Velocity,2022,0,14583.81038,3328.20988,-2616.26788,0,11.9,,,0,64.3399,0.1793,-0.1784
HD 189567 b,HD 189567,Radial Velocity,2021,0,14.288,0.002,-0.002,0,2.85,,,0,17.9055,0.0124,-0.0123
HD 189567 c,HD 189567,Radial Velocity,2021,0,33.688,0.025,-0.025,0,2.54,,,0,17.9055,0.0124,-0.0123
HD 189733 b,HD 189733,Radial Velocity,2005,0,2.21857567,0.00000015,-0.00000015,0,12.66617,0.11209,-0.11209,0,19.7638,0.0128,-0.0127
HD 190007 b,HD 190007,Radial Velocity,2020,0,11.724128,0.000099,-0.000099,0,4.06,,,0,12.7141,0.0101,-0.01
HD 190228 b,HD 190228,Radial Velocity,2022,0,1143.59858,1.76742,-1.7068,0,12.9,,,0,62.7146,0.12105,-0.12105
HD 190360 b,HD 190360,Radial Velocity,2003,0,2887.5,3.5,-3.6,0,13.5,,,0,16.0069,0.0159,-0.0159
HD 190360 c,HD 190360,Radial Velocity,2005,0,17.11625,0.00039,-0.00039,0,5.53,,,0,16.0069,0.0159,-0.0159
HD 190360 d,HD 190360,Radial Velocity,2026,0,88.69,0.051,-0.049,0,3.48,,,0,16.0069,0.0159,-0.0159
HD 190647 b,HD 190647,Radial Velocity,2007,0,1176.45,3.1,-2.83,0,13.4,,,0,54.4738,0.1482,-0.1475
HD 190984 b,HD 190984,Radial Velocity,2009,0,4885,1600,-1600,0,13,,,0,148.187,0.989,-0.976
HD 191806 b,HD 191806,Radial Velocity,2016,0,1603.38923,9.94172,-11.31279,0,12.5,,,0,65.6668,0.1125,-0.112
HD 191939 b,HD 191939,Transit,2020,0,8.8803256,0.0000047,-0.0000047,0,3.41,0.075,-0.075,0,53.6089,0.0733,-0.0731
HD 191939 c,HD 191939,Transit,2020,0,28.579743,0.000045,-0.000045,0,3.195,0.075,-0.075,0,53.6089,0.0733,-0.0731
HD 191939 d,HD 191939,Transit,2020,0,38.353037,0.00006,-0.00006,0,2.995,0.07,-0.07,0,53.6089,0.0733,-0.0731
HD 191939 e,HD 191939,Radial Velocity,2022,0,101.12,0.13,-0.13,0,13,,,0,53.6089,0.0733,-0.0731
HD 191939 f,HD 191939,Radial Velocity,2022,0,2898,152,-152,0,13.2,,,0,53.6089,0.0733,-0.0731
HD 191939 g,HD 191939,Radial Velocity,2022,0,284,10,-8,0,3.74,,,0,53.6089,0.0733,-0.0731
HD 192263 b,HD 192263,Radial Velocity,1999,0,24.3556,0.0046,-0.0046,0,14.2,,,0,19.6359,0.0218,-0.0217
HD 192310 b,HD 192310,Radial Velocity,2011,0,74.72,0.1,-0.1,0,4.27,,,0,8.79687,0.00925,-0.00924
HD 192310 c,HD 192310,Radial Velocity,2011,0,525.8,9.2,-9.2,0,5.25,,,0,8.79687,0.00925,-0.00924
HD 192699 b,HD 192699,Radial Velocity,2007,0,340.94,0.92,-0.92,0,13.4,,,0,71.8627,0.2667,-0.2667
HD 194490 b,HD 194490,Radial Velocity,2022,0,13092.18348,3494.64637,-2509.99734,0,12.4,,,0,80.2349,0.2496,-0.248
HD 195019 b,HD 195019,Radial Velocity,1998,0,18.20132,0.00039,-0.00039,0,13,,,0,37.6681,0.0669,-0.0667
HD 196050 b,HD 196050,Radial Velocity,2002,0,1392,4,-4,0,12.9,,,0,50.6742,0.1021,-0.1017
HD 196067 b,HD 196067,Radial Velocity,2012,0,3413.7,10.5,-10.5,0,12.4,,,0,39.9346,0.046,-0.046
HD 196067 c,HD 196067,Radial Velocity,2025,0,4.601088,0.000192,-0.000192,0,3.21,,,0,39.9346,0.046,-0.046
HD 19615 b,HD 19615,Radial Velocity,2022,0,402,2,-2,0,12.6,,,0,265.155,1.823,-1.799
HD 196885 A b,HD 196885 A,Radial Velocity,2007,0,1333,15,-15,0,13.2,,,0,34.1692,0.0573,-0.057
HD 197037 b,HD 197037,Radial Velocity,2012,0,1035.7,13,-13,0,13.9,,,0,33.1944,0.0291,-0.0291
HD 199509 b,HD 199509,Radial Velocity,2022,0,99.62167,0.14198,-0.0943,0,7.43,,,0,24.3056,0.0204,-0.0204
HD 19994 b,HD 19994,Radial Velocity,2003,0,466.2,1.7,-1.7,0,13.6,,,0,22.5242,0.1042,-0.1033
HD 20003 b,HD 20003,Radial Velocity,2019,0,11.8482,0.0016,-0.0017,0,3.43,,,0,41.8316,0.0499,-0.0498
HD 20003 c,HD 20003,Radial Velocity,2019,0,33.9239,0.0239,-0.0266,0,3.89,,,0,41.8316,0.0499,-0.0498
HD 200964 b,HD 200964,Radial Velocity,2010,0,606.3,3.8,-3.8,0,13.5,,,0,72.5922,0.24155,-0.24155
HD 200964 c,HD 200964,Radial Velocity,2010,0,852.5,7.1,-7.1,0,13.7,,,0,72.5922,0.24155,-0.24155
HD 202206 c,HD 202206,Radial Velocity,2004,0,1260,11,-11,0,12.2,,,0,45.9665,0.1391,-0.1383
HD 202696 b,HD 202696,Radial Velocity,2019,0,517.8,8.9,-3.9,0,,,,,188.546,1.587,-1.562
HD 202696 c,HD 202696,Radial Velocity,2019,0,946.6,20.7,-20.9,0,,,,,188.546,1.587,-1.562
HD 202772 A b,HD 202772 A,Transit,2019,0,3.3088775,0.00000051,-0.00000051,0,18.2370116,0.78462865,-0.72858375,0,161.498,2.459,-2.388
HD 203030 b,HD 203030,Imaging,2006,0,,,,,14.4595851,0.67253884,-0.44835923,0,39.2503,0.0949,-0.0944
HD 20329 b,HD 20329,Transit,2022,0,0.926118,0.00005,-0.000043,0,1.72,0.07,-0.07,0,63.6796,0.2863,-0.2838
HD 203387 b,HD 203387,Radial Velocity,2022,0,512.5352,7.53525,-8.15674,0,13.1,,,0,61.7477,1.15455,-1.15455
HD 203387 c,HD 203387,Radial Velocity,2022,0,2481.07227,94.83313,-82.69122,0,12.6,,,0,61.7477,1.15455,-1.15455
HD 2039 b,HD 2039,Radial Velocity,2002,0,1120,23,-23,0,12.7,,,0,85.6922,0.2048,-0.2038
HD 204313 b,HD 204313,Radial Velocity,2010,0,2041.11539,1.68088,-1.86675,0,12.9,,,0,47.7945,0.1455,-0.1446
HD 204313 c,HD 204313,Radial Velocity,2015,0,34.95875,0.0105,-0.01156,0,4.31,,,0,47.7945,0.1455,-0.1446
HD 204313 e,HD 204313,Radial Velocity,2022,0,7325.64666,399.88029,-369.05892,0,12.2,,,0,47.7945,0.1455,-0.1446
HD 204941 b,HD 204941,Radial Velocity,2011,0,1733,74,-74,0,10.1,,,0,28.7165,0.0612,-0.0609
HD 205158 b,HD 205158,Radial Velocity,2022,0,25.33798,0.0036,-0.00286,0,13.9,,,0,86.6159,0.387,-0.3836
HD 205739 b,HD 205739,Radial Velocity,2008,0,279.8,0.1,-0.1,0,13.6,,,0,92.5087,0.8954,-0.8787
HD 206255 b,HD 206255,Radial Velocity,2019,0,96.045,0.317,-0.317,0,6.47,,,0,75.2363,0.1995,-0.1985
HD 206610 b,HD 206610,Radial Velocity,2009,0,673.2,3.3,-3.3,0,13.4,,,0,147.192,1.963,-1.963
HD 206893 b,HD 206893,Imaging,2021,0,11100,200,-200,0,14.01122587,0.22417961,-0.22417961,0,40.7583,0.1072,-0.1066
HD 206893 c,HD 206893,Imaging,2022,0,2290,30,-30,0,16.36511182,2.01761653,-0.67253884,0,40.7583,0.1072,-0.1066
HD 207496 b,HD 207496,Transit,2023,0,6.441008,0.000011,-0.000011,0,2.25,0.12,-0.1,0,23.606,0.0179,-0.0179
HD 20781 b,HD 20781,Radial Velocity,2019,0,5.3135,0.001,-0.001,0,1.21,,,0,35.9715,0.0527,-0.0526
HD 20781 c,HD 20781,Radial Velocity,2019,0,13.8905,0.0033,-0.0034,0,2.17,,,0,35.9715,0.0527,-0.0526
HD 20781 d,HD 20781,Radial Velocity,2019,0,29.158,0.0102,-0.01,0,3.25,,,0,35.9715,0.0527,-0.0526
HD 20781 e,HD 20781,Radial Velocity,2019,0,85.5073,0.0983,-0.0947,0,3.83,,,0,35.9715,0.0527,-0.0526
HD 20782 b,HD 20782,Radial Velocity,2006,0,597.0643,0.0256,-0.0256,0,13.6,,,0,35.9864,0.0414,-0.0413
HD 207832 b,HD 207832,Radial Velocity,2012,0,160.07,0.23,-0.23,0,14.2,,,0,58.9291,0.156,-0.1552
HD 207832 c,HD 207832,Radial Velocity,2012,0,1155.7,71.9,-37,0,14,,,0,58.9291,0.156,-0.1552
HD 207897 b,HD 207897,Transit,2021,0,16.20166,0.000016,-0.000016,0,2.34302132,0.123646,-0.09173373,0,28.2938,0.0312,-0.0312
HD 20794 b,HD 20794,Radial Velocity,2011,0,18.314,0.0022,-0.0022,0,1.45,,,0,6.00278,0.00854,-0.00851
HD 20794 d,HD 20794,Radial Velocity,2011,0,89.68,0.1,-0.1,0,2.04,,,0,6.00278,0.00854,-0.00851
HD 20794 e,HD 20794,Radial Velocity,2017,1,147.02,1.43,-0.91,0,2.03,,,0,6.00278,0.00854,-0.00851
HD 20794 f,HD 20794,Radial Velocity,2025,0,647.6,2.5,-2.7,0,2.28,,,0,6.00278,0.00854,-0.00851
HD 208487 b,HD 208487,Radial Velocity,2004,0,129.36,0.02,-0.02,0,14.3,,,0,45.147,0.1593,-0.1582
HD 208527 b,HD 208527,Radial Velocity,2012,0,875.5,5.8,-5.8,0,12.5,,,0,312.202,11.38,-10.619
HD 20868 b,HD 20868,Radial Velocity,2008,0,380.85001,0.09,-0.09,0,13.7,,,0,47.7223,0.0699,-0.0697
HD 208897 b,HD 208897,Radial Velocity,2017,0,358.27,0.87,-1.5,0,13.7,,,0,67.4872,0.22105,-0.22105
HD 209458 b,HD 209458,Radial Velocity,1999,0,3.52474859,0.00000038,-0.00000038,0,15.58051,0.22418,-0.22418,0,48.3016,0.124,-0.1234
HD 210193 b,HD 210193,Radial Velocity,2019,0,649.918,8.599,-8.599,0,14.3,,,0,42.2029,0.0794,-0.0792
HD 210277 b,HD 210277,Radial Velocity,1998,0,442.19,0.5,-0.5,0,13.6,,,0,21.2985,0.022,-0.022
HD 210702 b,HD 210702,Radial Velocity,2007,0,355.5,0.38,-0.61,0,13.6,,,0,54.1963,0.2316,-0.2316
HD 211403 b,HD 211403,Radial Velocity,2021,0,223.8,0.41,-0.41,0,12.8,,,0,83.0919,0.2375,-0.2361
HD 211810 b,HD 211810,Radial Velocity,2018,0,1558,22,-22,0,14,,,0,64.6353,0.131,-0.1304
HD 211970 b,HD 211970,Radial Velocity,2019,0,25.201,0.025,-0.025,0,3.66,,,0,13.1277,0.0069,-0.007
HD 212301 b,HD 212301,Radial Velocity,2005,0,2.24571,0.00028,-0.00028,0,14.2,,,0,54.2304,0.086,-0.0857
HD 212771 b,HD 212771,Radial Velocity,2009,0,380.7,1.4,-1.4,0,13.3,,,0,111.155,0.5445,-0.5445
HD 213240 b,HD 213240,Radial Velocity,2001,0,882.70001,7.6,-7.6,0,12.8,,,0,40.8707,0.0626,-0.0625
HD 213472 b,HD 213472,Radial Velocity,2021,0,17000,12000,-4800,0,13.1,,,0,64.4527,0.1509,-0.1501
HD 213519 b,HD 213519,Radial Velocity,2022,0,11.12214,0.00098,-0.00097,0,2.99,,,0,41.0014,0.0567,-0.0565
HD 213885 b,HD 213885,Transit,2019,0,1.008035,0.000021,-0.00002,0,1.745,0.051,-0.052,0,48.0883,0.0991,-0.0987
HD 213885 c,HD 213885,Radial Velocity,2019,0,4.78503,0.00056,-0.00051,0,4.71,,,0,48.0883,0.0991,-0.0987
HD 21411 b,HD 21411,Radial Velocity,2019,0,84.288,0.127,-0.127,0,9.52,,,0,29.1328,0.0312,-0.0312
HD 214823 b,HD 214823,Radial Velocity,2016,0,1854.84424,1.3569,-1.41722,0,12.1,,,0,101.368,0.489,-0.485
HD 215152 b,HD 215152,Radial Velocity,2018,0,5.75999,0.00157,-0.00175,0,,,,,21.5974,0.0488,-0.0485
HD 215152 c,HD 215152,Radial Velocity,2018,0,7.28243,0.00451,-0.00827,0,,,,,21.5974,0.0488,-0.0485
HD 215152 d,HD 215152,Radial Velocity,2018,0,10.86499,0.00564,-0.00613,0,,,,,21.5974,0.0488,-0.0485
HD 215152 e,HD 215152,Radial Velocity,2018,0,25.1967,0.0476,-0.0505,0,,,,,21.5974,0.0488,-0.0485
HD 21520 b,HD 21520,Transit,2024,0,25.1292,0.000089,-0.000073,0,2.697,0.09,-0.09,0,79.208,0.1598,-0.1592
HD 215497 b,HD 215497,Radial Velocity,2009,0,3.93404,0.00066,-0.00066,0,,,,,40.5468,0.0537,-0.0535
HD 215497 c,HD 215497,Radial Velocity,2009,0,566,4,-4,0,13,,,0,40.5468,0.0537,-0.0535
HD 216435 b,HD 216435,Radial Velocity,2002,0,1311,49,-49,0,13.7,,,0,32.9834,0.0848,-0.0843
HD 216437 b,HD 216437,Radial Velocity,2002,0,1359,1,-1,0,13,,,0,26.6902,0.0322,-0.0321
HD 216520 b,HD 216520,Radial Velocity,2020,0,35.45,0.011,-0.011,0,3.18,,,0,19.552,0.0113,-0.0113
HD 216520 c,HD 216520,Radial Velocity,2020,0,154.43,0.44,-0.44,0,3.03,,,0,19.552,0.0113,-0.0113
HD 216536 b,HD 216536,Radial Velocity,2015,0,148.60001,0.7,-0.7,0,13.8,,,0,376.233,3.7745,-3.7745
HD 216770 b,HD 216770,Radial Velocity,2003,0,118.45,0.55,-0.55,0,14.1,,,0,36.6625,0.0984,-0.0979
HD 21693 b,HD 21693,Radial Velocity,2019,0,22.6786,0.0085,-0.0087,0,2.8,,,0,33.255,0.0349,-0.0348
HD 21693 c,HD 21693,Radial Velocity,2019,0,53.7357,0.0312,-0.0309,0,4.34,,,0,33.255,0.0349,-0.0348
HD 217107 b,HD 217107,Radial Velocity,1998,0,7.1270166,0.0000047,-0.0000047,0,13.6,,,0,20.0619,0.0232,-0.0233
HD 217107 c,HD 217107,Radial Velocity,2005,0,5138.7,11,-11,0,12.9,,,0,20.0619,0.0232,-0.0233
HD 21749 c,GJ 143,Transit,2019,0,7.78993,0.00051,-0.00044,0,0.892,0.064,-0.058,0,16.32,0.0071,-0.0071
HD 217786 b,HD 217786,Radial Velocity,2011,0,1301.36009,1.17486,-0.48567,0,12.3,,,0,55.4847,0.2469,-0.2448
HD 217786 c,HD 217786,Radial Velocity,2022,0,2.52221,0.00012,-0.00005,0,2.61,,,0,55.4847,0.2469,-0.2448
HD 217958 b,HD 217958,Radial Velocity,2022,0,2560.19774,66.52293,-91.15204,0,14.2,,,0,61.7957,0.2099,-0.2086
HD 218566 b,HD 218566,Radial Velocity,2010,0,225.7,0.4,-0.4,0,9.32,,,0,28.8274,0.0429,-0.0427
HD 219077 b,HD 219077,Radial Velocity,2012,0,5478.68861,48.63475,-38.2533,0,12.5,,,0,29.1864,0.0372,-0.0372
HD 219134 b,HD 219134,Radial Velocity,2015,0,3.092926,0.00001,-0.00001,0,1.602,0.055,-0.055,0,6.53127,0.00384,-0.00385
HD 219134 c,HD 219134,Radial Velocity,2015,0,6.76458,0.00033,-0.00033,0,1.511,0.047,-0.047,0,6.53127,0.00384,-0.00385
HD 219134 d,HD 219134,Radial Velocity,2015,0,46.859,0.028,-0.028,0,1.61,0.02,-0.02,-1,6.53127,0.00384,-0.00385
HD 219134 f,HD 219134,Radial Velocity,2015,1,22.717,0.015,-0.015,0,1.31,0.02,-0.02,-1,6.53127,0.00384,-0.00385
HD 219134 g,HD 219134,Radial Velocity,2015,1,94.2,0.2,-0.2,0,3.28,,,0,6.53127,0.00384,-0.00385
HD 219134 h,HD 219134,Radial Velocity,2015,0,2247,43,-43,0,12.7,,,0,6.53127,0.00384,-0.00385
HD 219139 b,HD 219139,Radial Velocity,2021,0,275.5,2.3,-1,0,14,,,0,104.935,1.146,-1.121
HD 219415 b,HD 219415,Radial Velocity,2012,0,2093.3,32.7,-32.7,0,13.8,,,0,165.184,0.895,-0.895
HD 219666 b,HD 219666,Transit,2018,0,6.034468,0.000004,-0.000004,0,4.898,0.06,-0.06,0,94.1719,0.2518,-0.2506
HD 219828 b,HD 219828,Radial Velocity,2007,0,3.83483,0.00007,-0.00007,0,4.59,,,0,73.114,0.357,-0.3536
HD 219828 c,HD 219828,Radial Velocity,2016,0,4789.87297,90.67081,-80.73006,0,12.2,,,0,73.114,0.357,-0.3536
HD 220074 b,HD 220074,Radial Velocity,2012,0,672.09998,3.7,-3.7,0,12.2,,,0,324.54,6.443,-6.201
HD 220197 b,HD 220197,Radial Velocity,2018,0,1728,162,-80,0,9.32,,,0,64.411,0.1944,-0.1932
HD 220689 b,HD 220689,Radial Velocity,2012,0,2266.4,65.84,-58.77,0,13.7,,,0,46.8778,0.1048,-0.1044
HD 220773 b,HD 220773,Radial Velocity,2011,0,3724.7,463,-463,0,13.6,,,0,50.5103,0.1726,-0.1715
HD 220842 b,HD 220842,Radial Velocity,2016,0,218.47,0.19,-0.19,0,13.1,,,0,64.6498,0.1678,-0.1669
HD 221287 b,HD 221287,Radial Velocity,2007,0,456.1,7.7,-5.8,0,13.1,,,0,55.9231,0.1268,-0.1263
HD 221416 b,HD 221416,Transit,2019,0,14.2767,0.0037,-0.0037,0,9.17,0.34,-0.31,0,95.5483,0.7364,-0.7254
HD 221420 b,HD 221420,Radial Velocity,2019,0,10090,890,-560,0,12,,,0,31.1415,0.0376,-0.0376
HD 221585 b,HD 221585,Radial Velocity,2016,0,1173,16,-16,0,13.5,,,0,55.8535,0.1017,-0.1014
HD 222076 b,HD 222076,Radial Velocity,2016,0,871,19,-19,0,13.5,,,0,91.1538,0.1811,-0.1805
HD 222155 b,HD 222155,Radial Velocity,2011,0,3999,500,-500,0,13.4,,,0,50.6078,0.0831,-0.0827
HD 222237 b,HD 222237,Radial Velocity,2024,0,14892,2112,-1655,0,12.8,,,0,11.4469,0.0035,-0.0034
HD 222582 b,HD 222582,Radial Velocity,1999,0,572.38,0.61,-0.61,0,12.6,,,0,42.1586,0.1088,-0.1083
HD 224018 b,HD 224018,Radial Velocity,2025,0,10.6413,0.0028,-0.0028,0,0.91,0.64,-0.57,0,105.48,0.655,-0.647
HD 224018 c,HD 224018,Transit,2025,0,36.57669,0.00019,-0.00017,0,2.42,0.07,-0.08,0,105.48,0.655,-0.647
HD 224018 d,HD 224018,Transit,2025,0,138.0731,27.6127,-0.005,0,2.4,0.1,-0.1,0,105.48,0.655,-0.647
HD 224538 b,HD 224538,Radial Velocity,2016,0,1202.05199,3.88199,-3.68089,0,12.7,,,0,79.0608,0.1854,-0.1846
HD 224693 b,HD 224693,Radial Velocity,2006,0,26.6904,0.0019,-0.0019,0,14,,,0,93.5015,0.5108,-0.5053
HD 22496 b,HD 22496,Radial Velocity,2021,0,5.09071,0.00026,-0.00026,0,2.22,,,0,13.5956,0.0072,-0.0072
HD 22532 b,HD 22532,Radial Velocity,2022,0,872.6,2.8,-2.8,0,13.4,,,0,161.183,0.655,-0.655
HD 22781 b,HD 22781,Radial Velocity,2011,0,528.07,0.14,-0.14,0,12.3,,,0,32.6034,0.1151,-0.1143
HD 22946 d,HD 22946,Transit,2023,0,47.42489,0.0001,-0.00011,0,2.607,0.06,-0.06,0,62.7792,0.1161,-0.1156
HD 23079 b,HD 23079,Radial Velocity,2001,0,735.74,0.22,-0.22,0,13.2,,,0,33.4591,0.0349,-0.0348
HD 23079 c,HD 23079,Radial Velocity,2025,0,5.748913,0.000204,-0.000204,0,2.8,,,0,33.4591,0.0349,-0.0348
HD 23127 b,HD 23127,Radial Velocity,2006,0,1211.17,11.11,-8.91,0,13.5,,,0,93.8555,0.2059,-0.205
HD 231701 b,HD 231701,Radial Velocity,2007,0,141.63,0.067,-0.067,0,13.7,,,0,108.877,0.471,-0.467
HD 233604 b,HD 233604,Radial Velocity,2013,0,192,0.22,-0.22,0,12.7,,,0,847.058,26.599,-26.599
HD 233832 b,HD 233832,Radial Velocity,2018,0,2058,47,-40,0,13.5,,,0,58.742,0.2626,-0.2602
HD 23472 b,HD 23472,Transit,2019,0,17.667087,0.000042,-0.000042,0,2,0.11,-0.1,0,39.0341,0.0401,-0.04
HD 23472 c,HD 23472,Transit,2019,0,29.79749,0.00013,-0.00014,0,1.87,0.12,-0.11,0,39.0341,0.0401,-0.04
HD 23472 d,HD 23472,Transit,2022,0,3.97664,0.00003,-0.000044,0,0.75,0.067,-0.057,0,39.0341,0.0401,-0.04
HD 23472 e,HD 23472,Transit,2022,0,7.90754,0.00011,-0.00011,0,0.818,0.08,-0.065,0,39.0341,0.0401,-0.04
HD 23472 f,HD 23472,Transit,2022,0,12.1621839,0.00012,-0.000099,0,1.137,0.084,-0.077,0,39.0341,0.0401,-0.04
HD 235088 b,HD 235088,Transit,2023,0,7.4341325,0.0000042,-0.0000044,0,1.982,0.072,-0.069,0,41.1706,0.0414,-0.0414
HD 23596 b,HD 23596,Radial Velocity,2003,0,1535.11912,7.76172,-9.26013,0,12.4,,,0,52.0018,0.1026,-0.1022
HD 238090 b,HD 238090,Radial Velocity,2020,0,13.671,0.011,-0.01,0,2.52,,,0,15.2354,0.00625,-0.00625
HD 238914 b,HD 238914,Radial Velocity,2018,0,4100,210,-210,0,12.8,,,0,519.452,8.2395,-8.2395
HD 240210 b,HD 240210,Radial Velocity,2009,0,501.75,2.33,-2.33,0,12.8,,,0,372.405,4.88,-4.88
HD 240237 b,HD 240237,Radial Velocity,2011,0,745.70001,14,-14,0,12.2,,,0,933.377,31.9885,-31.9885
HD 24040 b,HD 24040,Radial Velocity,2006,0,3668,170,-170,0,12.9,,,0,46.6224,0.1362,-0.1355
HD 24040 c,HD 24040,Radial Velocity,2021,0,515.4,2.2,-2.5,0,9.35,,,0,46.6224,0.1362,-0.1355
HD 24064 b,HD 24064,Radial Velocity,2015,0,535.59998,3,-3,0,12.3,,,0,300.247,1.95,-1.926
HD 24085 b,HD 24085,Radial Velocity,2019,0,2.0455,0.0002,-0.0002,0,3.46,,,0,54.9004,0.0745,-0.0743
HD 25015 b,HD 25015,Radial Velocity,2019,0,6134.427,618.42583,-506.67463,0,12.5,,,0,37.433,0.0689,-0.0687
HD 25171 b,HD 25171,Radial Velocity,2010,0,1802.29,24.12,-22.92,0,13.9,,,0,55.6146,0.0928,-0.0925
HD 25463 b,HD 25463,Transit,2023,0,7.0491423,0.0000095,-0.0000095,0,2.54535814,0.1117151,-0.08338345,0,45.6181,0.1254,-0.1247
HD 25463 c,HD 25463,Transit,2023,0,3.04405,0.00001,-0.00001,0,1.36354953,0.13045621,-0.09615242,0,45.6181,0.1254,-0.1247
HD 25723 b,HD 25723,Radial Velocity,2020,0,457.01,1.29,-1.31,0,13.3,,,0,114.816,1.357,-1.326
HD 25912 b,HD 25912,Radial Velocity,2022,0,41.83156,0.02308,-0.03093,0,6.9,,,0,49.1661,0.0576,-0.0575
HD 25912 c,HD 25912,Radial Velocity,2022,0,26308.65619,2095.17441,-2794.6441,0,12.2,,,0,49.1661,0.0576,-0.0575
HD 260655 b,HD 260655,Transit,2022,0,2.76953,0.00003,-0.00003,0,1.24,0.023,-0.023,0,10.0055,0.00505,-0.00505
HD 260655 c,HD 260655,Transit,2022,0,5.70588,0.00007,-0.00007,0,1.533,0.051,-0.046,0,10.0055,0.00505,-0.00505
HD 26161 b,HD 26161,Radial Velocity,2021,0,10942.29013,10474.0807,-1387.88781,0,11.9,,,0,40.9128,0.0764,-0.0761
HD 2638 b,HD 2638,Radial Velocity,2005,0,3.4442,0.0002,-0.0002,0,14.3,,,0,54.9621,0.1556,-0.1547
HD 2685 b,HD 2685,Transit,2019,0,4.12688,0.00005,-0.00004,0,16.14096,0.56045,-0.56045,0,196.852,0.777,-0.771
HD 27442 b,HD 27442,Radial Velocity,2000,0,428.1,1.1,-1.1,0,13.5,,,0,18.2704,0.0545,-0.0545
HD 27631 b,HD 27631,Radial Velocity,2012,0,2198.14,54.11,-50.34,0,13.5,,,0,50.2862,0.0823,-0.0821
HD 27894 b,HD 27894,Radial Velocity,2005,0,18.01939,0.00024,-0.00027,0,14.1,,,0,43.8214,0.0593,-0.0591
HD 27894 c,HD 27894,Radial Velocity,2017,0,36.07,0.26,-0.09,0,8.24,,,0,43.8214,0.0593,-0.0591
HD 27894 d,HD 27894,Radial Velocity,2017,0,5019.54244,32.59359,-31.12557,0,12.7,,,0,43.8214,0.0593,-0.0591
HD 27969 b,HD 27969,Radial Velocity,2021,0,654.5,5.7,-5.8,0,12.9,,,0,67.9328,0.3043,-0.3018
HD 28109 b,HD 28109,Transit,2022,0,22.891054,0.000085,-0.00009,0,2.69,0.23,-0.23,0,139.611,0.429,-0.427
HD 28109 c,HD 28109,Transit,2022,0,55.99712,0.00034,-0.00037,0,4.13,0.16,-0.14,0,139.611,0.429,-0.427
HD 28109 d,HD 28109,Transit,2022,0,84.2899,0.0018,-0.0015,0,3.11,0.15,-0.15,0,139.611,0.429,-0.427
HD 28185 b,HD 28185,Radial Velocity,2001,0,385.92,0.06,-0.07,0,12.8,,,0,39.3809,0.0637,-0.0636
HD 28185 c,HD 28185,Radial Velocity,2022,0,9090,460,-390,0,12.8,,,0,39.3809,0.0637,-0.0636
HD 28192 b,HD 28192,Radial Velocity,2022,0,14.23283,0.00214,-0.00152,0,12.2,,,0,49.8063,0.1416,-0.1409
HD 28254 b,HD 28254,Radial Velocity,2010,0,1333,4,-4,0,13,,,0,55.2884,0.0936,-0.0933
HD 284149 AB b,HD 284149 A,Imaging,2017,0,,,,,12,,,0,117.807,0.713,-0.705
HD 28471 b,HD 28471,Radial Velocity,2025,0,3.1649,0.0002,-0.0003,0,1.75,,,0,43.6455,0.0622,-0.062
HD 28471 c,HD 28471,Radial Velocity,2025,0,6.1245,0.0856,-0.0009,0,2.26,,,0,43.6455,0.0622,-0.062
HD 28471 d,HD 28471,Radial Velocity,2025,0,11.681,0.0042,-0.0055,0,2.06,,,0,43.6455,0.0622,-0.062
HD 285507 b,HD 285507,Radial Velocity,2013,0,6.0881,0.0018,-0.0018,0,13.8,,,0,45.0293,0.244,-0.2414
HD 285968 b,HD 285968,Radial Velocity,2008,0,8.7836,0.0054,-0.0054,0,2.83,,,0,9.47045,0.006325,-0.006325
HD 28678 b,HD 28678,Radial Velocity,2011,0,380.2,1.6,-1.6,0,13.5,,,0,189.908,2.3275,-2.3275
HD 29021 b,HD 29021,Radial Velocity,2017,0,1365,7,-7,0,12.9,,,0,30.9939,0.0422,-0.0421
HD 290327 b,HD 290327,Radial Velocity,2009,0,2443,160,-160,0,13.3,,,0,56.433,0.1483,-0.1474
HD 29399 b,HD 29399,Radial Velocity,2022,0,892.7,5.9,-5.9,0,13.5,,,0,44.1518,0.1069,-0.1069
HD 2952 b,HD 2952,Radial Velocity,2013,0,312.08,1.36,-1.69,0,13.9,,,0,110.103,0.657,-0.649
HD 29985 b,HD 29985,Radial Velocity,2022,0,20608.14049,4708.95644,-7737.11195,0,12.8,,,0,31.2707,0.0217,-0.0217
HD 30177 b,HD 30177,Radial Velocity,2002,0,2539,1,-3,0,12.6,,,0,55.5867,0.127,-0.1264
HD 30177 c,HD 30177,Radial Velocity,2016,0,11320,490,-940,0,12.9,,,0,55.5867,0.127,-0.1264
HD 30562 b,HD 30562,Radial Velocity,2009,0,1157,27,-27,0,13.6,,,0,26.1597,0.0564,-0.0563
HD 30669 b,HD 30669,Radial Velocity,2014,0,1684,61,-61,0,14.3,,,0,58.0844,0.0878,-0.0876
HD 30856 b,HD 30856,Radial Velocity,2011,0,847,20,-20,0,13.5,,,0,131.199,0.549,-0.549
HD 31253 b,HD 31253,Radial Velocity,2010,0,466,3,-3,0,14.1,,,0,58.1438,0.1507,-0.1498
HD 31527 b,HD 31527,Radial Velocity,2019,0,16.5535,0.0034,-0.0035,0,3.22,,,0,38.4473,0.0408,-0.0408
HD 31527 c,HD 31527,Radial Velocity,2019,0,51.2053,0.0373,-0.0368,0,3.85,,,0,38.4473,0.0408,-0.0408
HD 31527 d,HD 31527,Radial Velocity,2019,0,271.6737,2.1135,-2.2471,0,3.46,,,0,38.4473,0.0408,-0.0408
HD 3167 b,HD 3167,Transit,2016,0,0.95965451,0.00000022,-0.00000021,0,1.601,0.048,-0.036,0,47.2899,0.1485,-0.1475
HD 3167 c,HD 3167,Transit,2016,0,29.846511,0.000015,-0.000015,0,2.983,0.083,-0.068,0,47.2899,0.1485,-0.1475
HD 3167 d,HD 3167,Radial Velocity,2017,0,8.3967,0.0024,-0.0025,0,2.61,,,0,47.2899,0.1485,-0.1475
HD 3167 e,HD 3167,Radial Velocity,2022,0,91.9,0.3,-0.29,0,3.97,,,0,47.2899,0.1485,-0.1475
HD 32518 b,HD 32518,Radial Velocity,2009,0,157.35,0.1,-0.08,0,13.2,,,0,122.115,0.306,-0.306
HD 32963 b,HD 32963,Radial Velocity,2015,0,2372,26,-26,0,13.4,,,0,38.0786,0.1009,-0.1003
HD 330075 b,HD 330075,Radial Velocity,2004,0,3.38773,0.00008,-0.00008,0,14.3,,,0,45.2989,0.0918,-0.0913
HD 331093 b,HD 331093,Radial Velocity,2021,0,621.62,16.11,-16.11,0,13.6,,,0,50.1928,0.092,-0.0916
HD 33142 b,HD 33142,Radial Velocity,2011,0,330,0.4,-0.4,0,13.7,,,0,121.375,0.5845,-0.5845
HD 33142 c,HD 33142,Radial Velocity,2016,0,810.2,3.8,-4.2,0,13.9,,,0,121.375,0.5845,-0.5845
HD 33142 d,HD 33142,Radial Velocity,2022,0,89.9,0.1,-0.1,0,9.32,,,0,121.375,0.5845,-0.5845
HD 332231 b,HD 332231,Transit,2020,0,18.712024,0.000023,-0.000023,0,9.07303305,0.18720815,-0.17534239,0,80.6665,0.1917,-0.1908
HD 33283 b,HD 33283,Radial Velocity,2006,0,18.1991,0.0017,-0.0017,0,12.5,,,0,89.8623,0.2335,-0.2324
HD 33564 b,HD 33564,Radial Velocity,2005,0,388,3,-3,0,12.5,,,0,20.9531,0.0746,-0.074
HD 33844 b,HD 33844,Radial Velocity,2015,0,551.40002,7.8,-7.8,0,13.4,,,0,105.779,0.383,-0.38
HD 33844 c,HD 33844,Radial Velocity,2015,1,916,29.5,-29.5,0,13.5,,,0,105.779,0.383,-0.38
HD 34445 b,HD 34445,Radial Velocity,2009,0,1049,11,-11,0,13.9,,,0,46.0907,0.0996,-0.0991
HD 34445 c,HD 34445,Radial Velocity,2017,0,214.67,0.45,-0.45,0,8.42,,,0,46.0907,0.0996,-0.0991
HD 34445 d,HD 34445,Radial Velocity,2017,0,117.87,0.18,-0.18,0,6.07,,,0,46.0907,0.0996,-0.0991
HD 34445 e,HD 34445,Radial Velocity,2017,0,49.175,0.045,-0.045,0,4.26,,,0,46.0907,0.0996,-0.0991
HD 34445 f,HD 34445,Radial Velocity,2017,0,676.8,7.9,-7.9,0,6.88,,,0,46.0907,0.0996,-0.0991
HD 34445 g,HD 34445,Radial Velocity,2017,0,5700,1500,-1500,0,13.6,,,0,46.0907,0.0996,-0.0991
HD 35759 b,HD 35759,Radial Velocity,2016,0,82.467,0.019,-0.019,0,13,,,0,71.2423,0.2125,-0.2113
HD 35843 b,HD 35843,Radial Velocity,2025,0,9.8991,0.0557,-0.0574,0,2.29,,,0,69.6026,0.1274,-0.127
HD 35843 c,HD 35843,Transit,2025,0,46.9622,0.0002,-0.0002,0,2.54,0.08,-0.07,0,69.6026,0.1274,-0.127
HD 360 b,HD 360,Radial Velocity,2021,0,273.1,1.6,-0.8,0,14,,,0,111.542,1.0475,-1.0475
HD 36384 b,HD 36384,Radial Velocity,2023,0,490,3,-3,0,12.7,,,0,209.309,3.553,-3.437
HD 3651 b,HD 3651,Radial Velocity,2003,0,62.25,0.004,-0.004,0,10.1,,,0,11.1336,0.0073,-0.0072
HD 37124 b,HD 37124,Radial Velocity,2002,0,154.378,0.089,-0.089,0,14,,,0,31.6634,0.076,-0.0757
HD 37124 c,HD 37124,Radial Velocity,2002,0,885.5,5.1,-5.1,0,14.1,,,0,31.6634,0.076,-0.0757
HD 37124 d,HD 37124,Radial Velocity,2005,0,1862,38,-38,0,14,,,0,31.6634,0.076,-0.0757
HD 37605 b,HD 37605,Radial Velocity,2004,0,55.01292,0.00062,-0.00062,0,13.2,,,0,46.7864,0.1143,-0.1137
HD 37605 c,HD 37605,Radial Velocity,2012,0,2720,15,-15,0,13.1,,,0,46.7864,0.1143,-0.1137
HD 3765 b,HD 3765,Radial Velocity,2021,0,1211,15,-16,0,8.56,,,0,17.926,0.0325,-0.0324
HD 38283 b,HD 38283,Radial Velocity,2010,0,363.20001,1.6,-1.6,0,14,,,0,38.0615,0.0366,-0.0365
HD 38529 b,HD 38529,Radial Velocity,2000,0,14.3099,0.00013,-0.00013,0,14.1,,,0,42.3538,0.10605,-0.10605
HD 38529 c,HD 38529,Radial Velocity,2000,0,2127.60566,1.49376,-1.55088,0,12.5,,,0,42.3538,0.10605,-0.10605
HD 38801 b,HD 38801,Radial Velocity,2009,0,685.25,0.85,-0.85,0,12.5,,,0,91.4349,0.3468,-0.3468
HD 39091 b,HD 39091,Radial Velocity,2001,0,2088.8,0.4,-0.4,0,12.3,,,0,18.2702,0.0226,-0.0226
HD 39194 b,HD 39194,Radial Velocity,2021,0,5.63692,0.00032,-0.00032,0,1.99,,,0,26.4131,0.0265,-0.0265
HD 39194 c,HD 39194,Radial Velocity,2021,0,14.0309,0.0022,-0.0022,0,2.65,,,0,26.4131,0.0265,-0.0265
HD 39194 d,HD 39194,Radial Velocity,2021,0,33.874,0.024,-0.024,0,2.12,,,0,26.4131,0.0265,-0.0265
HD 39855 b,HD 39855,Radial Velocity,2019,0,3.2498,0.0004,-0.0004,0,2.85,,,0,23.2599,0.0188,-0.0189
HD 40307 b,HD 40307,Radial Velocity,2009,0,4.3123,0.0011,-0.0012,0,,,,,12.9363,0.0047,-0.0046
HD 40307 c,HD 40307,Radial Velocity,2009,0,9.6184,0.005,-0.0049,0,,,,,12.9363,0.0047,-0.0046
HD 40307 d,HD 40307,Radial Velocity,2009,0,20.432,0.022,-0.024,0,,,,,12.9363,0.0047,-0.0046
HD 40307 f,HD 40307,Radial Velocity,2013,0,51.76,0.5,-0.46,0,2.13,,,0,12.9363,0.0047,-0.0046
HD 40307 g,HD 40307,Radial Velocity,2013,1,197.8,5.7,-9,0,2.56,,,0,12.9363,0.0047,-0.0046
HD 40956 b,HD 40956,Radial Velocity,2017,0,578.6,3.3,-3.3,0,13.2,,,0,116.593,0.421,-0.417
HD 40979 b,HD 40979,Radial Velocity,2002,0,264.14999,0.23,-0.23,0,12.9,,,0,34.0883,0.0427,-0.0426
HD 41004 A b,HD 41004 A,Radial Velocity,2004,0,963,38,-38,0,13.2,,,0,36.69117,,
HD 41004 B b,HD 41004 B,Radial Velocity,2003,0,1.3283,0.000012,-0.000012,0,12.1,,,0,41.5504,0.4635,-0.4535
HD 4113 b,HD 4113,Radial Velocity,2007,0,526.5239,0.06135,-0.04316,0,13.5,,,0,41.8727,0.0949,-0.0944
HD 42012 b,HD 42012,Radial Velocity,2017,0,857.5,6.2,-6.3,0,13.5,,,0,36.7984,0.0932,-0.0927
HD 4203 b,HD 4203,Radial Velocity,2001,0,431.88,0.85,-0.85,0,13.3,,,0,81.3795,0.3608,-0.3577
HD 4203 c,HD 4203,Radial Velocity,2014,0,6700,4500,-4500,0,13.3,,,0,81.3795,0.3608,-0.3577
HD 4208 b,HD 4208,Radial Velocity,2001,0,832.97,2.15,-1.89,0,13.9,,,0,34.1937,0.0681,-0.0678
HD 42618 b,HD 42618,Radial Velocity,2016,0,149.61,0.37,-0.34,0,3.89,,,0,24.3358,0.0249,-0.0247
HD 4308 b,HD 4308,Radial Velocity,2005,0,15.56,0.02,-0.02,0,4.12,,,0,22.0158,0.0107,-0.0107
HD 4313 b,HD 4313,Radial Velocity,2009,0,356.21,0.88,-0.88,0,13.4,,,0,136.308,1.6455,-1.6455
HD 43197 b,HD 43197,Radial Velocity,2010,0,308.92072,2.34087,-2.83567,0,14.2,,,0,62.4112,0.0918,-0.0915
HD 43197 c,HD 43197,Radial Velocity,2022,0,9295.9735,4132.95252,-2422.13527,0,12.6,,,0,62.4112,0.0918,-0.0915
HD 43691 b,HD 43691,Radial Velocity,2007,0,36.9987,0.0011,-0.0011,0,13.2,,,0,85.6009,0.3684,-0.3652
HD 44219 b,HD 44219,Radial Velocity,2010,0,472,3,-4,0,14.1,,,0,52.9051,0.1804,-0.1792
HD 45184 b,HD 45184,Radial Velocity,2019,0,5.8854,0.0003,-0.0003,0,3.52,,,0,21.9532,0.0156,-0.0155
HD 45184 c,HD 45184,Radial Velocity,2019,0,13.1354,0.0026,-0.0025,0,2.91,,,0,21.9532,0.0156,-0.0155
HD 45350 b,HD 45350,Radial Velocity,2004,0,963.6,3.4,-3.4,0,13.5,,,0,46.8733,0.168,-0.1668
HD 45364 b,HD 45364,Radial Velocity,2008,0,225.79,0.81,-0.76,0,9.03,,,0,34.354,0.0376,-0.0375
HD 45364 c,HD 45364,Radial Velocity,2008,0,345.43,0.54,-0.57,0,14.2,,,0,34.354,0.0376,-0.0375
HD 45652 b,HD 45652,Radial Velocity,2008,0,44.073,0.0048,-0.0048,0,14.3,,,0,34.8541,0.0676,-0.0673
HD 457 b,HD 457,Radial Velocity,2022,0,20324.58153,11483.95545,-7039.20037,0,11.9,,,0,55.0375,0.1324,-0.1317
HD 46375 b,HD 46375,Radial Velocity,2000,0,3.023573,0.000065,-0.000065,0,10,,,0,29.5529,0.0383,-0.0383
HD 47186 b,HD 47186,Radial Velocity,2008,0,4.0845,0.0002,-0.0002,0,5.02,,,0,37.4574,0.0463,-0.0461
HD 47186 c,HD 47186,Radial Velocity,2008,0,1353.6,57.1,-57.1,0,13,,,0,37.4574,0.0463,-0.0461
HD 4732 b,HD 4732,Radial Velocity,2012,0,371.74,0.72,-1.86,0,13.4,,,0,54.7841,0.1708,-0.1708
HD 4732 c,HD 4732,Radial Velocity,2012,0,3184.2,58.12,-57.6,0,13.1,,,0,54.7841,0.1708,-0.1708
HD 47366 b,HD 47366,Radial Velocity,2016,0,360.08,0.27,-0.72,0,13.4,,,0,84.3552,0.456,-0.456
HD 47366 c,HD 47366,Radial Velocity,2016,0,677.53,1.29,-1.16,0,13.5,,,0,84.3552,0.456,-0.456
HD 47536 b,HD 47536,Radial Velocity,2002,0,712.13,0.31,-0.31,0,12.6,,,0,122.536,1.3035,-1.3035
HD 4760 b,HD 4760,Radial Velocity,2021,0,434,3,-3,0,12.3,,,0,537.873,20.155,-20.155
HD 48265 b,HD 48265,Radial Velocity,2008,0,778.51,5.38,-5.18,0,12.6,,,0,90.5446,0.2702,-0.2687
HD 48265 c,HD 48265,Radial Velocity,2026,0,10418,2451,-1412,0,12.9,,,0,90.5446,0.2702,-0.2687
HD 48948 b,HD 48948,Radial Velocity,2024,0,7.34013,0.0004,-0.0004,0,2.06,,,0,16.9043,0.019,-0.0189
HD 48948 c,HD 48948,Radial Velocity,2024,0,38.06,0.06,-0.06,0,2.6,,,0,16.9043,0.019,-0.0189
HD 48948 d,HD 48948,Radial Velocity,2024,0,151.92,0.44,-0.44,0,3.24,,,0,16.9043,0.019,-0.0189
HD 4917 b,HD 4917,Radial Velocity,2018,0,400.5,1.7,-1.7,0,13.5,,,0,204.277,2.4745,-2.4745
HD 49674 b,HD 49674,Radial Velocity,2002,0,4.94737,0.00098,-0.00098,0,6.2,,,0,43.0399,0.0769,-0.0766
HD 50499 b,HD 50499,Radial Velocity,2005,0,2447.1,21.92,-21.72,0,13.5,,,0,46.2845,0.0557,-0.0555
HD 50499 c,HD 50499,Radial Velocity,2019,0,8619.9,2622.495,-405.4275,0,13.2,,,0,46.2845,0.0557,-0.0555
HD 50554 b,HD 50554,Radial Velocity,2002,0,1293,37,-37,0,12.8,,,0,31.1664,0.0556,-0.0554
HD 51608 b,HD 51608,Radial Velocity,2019,0,14.0726,0.0016,-0.0016,0,3.62,,,0,35.0553,0.0333,-0.0331
HD 51608 c,HD 51608,Radial Velocity,2019,0,95.9446,0.1555,-0.1366,0,3.87,,,0,35.0553,0.0333,-0.0331
HD 52265 b,HD 52265,Radial Velocity,2000,0,119.27,0.02,-0.02,0,13.7,,,0,29.9803,0.0424,-0.0423
HD 5278 b,HD 5278,Transit,2021,0,14.339156,0.000049,-0.000047,0,2.45,0.05,-0.05,0,57.5846,0.0947,-0.0943
HD 5278 c,HD 5278,Radial Velocity,2021,0,40.87,0.18,-0.17,0,4.49,,,0,57.5846,0.0947,-0.0943
HD 5319 b,HD 5319,Radial Velocity,2007,0,637.1,1.4,-1.4,0,13.5,,,0,121.405,0.7075,-0.7075
HD 5319 c,HD 5319,Radial Velocity,2014,0,872.2,6,-6,0,13.8,,,0,121.405,0.7075,-0.7075
HD 5388 b,HD 5388,Radial Velocity,2010,1,772.5,1,-1,0,13.1,,,0,53.0661,0.0761,-0.0758
HD 55696 b,HD 55696,Radial Velocity,2018,0,1827,10,-10,0,12.9,,,0,77.9693,0.1836,-0.1827
HD 5583 b,HD 5583,Radial Velocity,2016,0,139.35,0.21,-0.22,0,12.8,,,0,219.216,3.483,-3.378
HD 5608 b,HD 5608,Radial Velocity,2012,0,768.7,4.72,-1.67,0,13.7,,,0,58.1105,0.2209,-0.2209
HD 564 b,HD 564,Radial Velocity,2014,0,492.3,2.3,-2.3,0,12.5,,,0,51.1659,0.0941,-0.0937
HD 56414 b,HD 56414,Transit,2022,0,29.04992,0.00021,-0.00021,0,3.71,0.2,-0.2,0,272.217,2.207,-2.173
HD 56957 b,HD 56957,Radial Velocity,2022,0,5859.08992,2325.96289,-959.68304,0,12.8,,,0,61.4925,0.0942,-0.0938
HD 5891 b,HD 5891,Radial Velocity,2011,0,177.11,0.32,-0.32,0,12.6,,,0,283.502,4.863,-4.863
HD 59686 A b,HD 59686 A,Radial Velocity,2016,0,299.36,0.26,-0.31,0,12.7,,,0,89.2721,0.73155,-0.73155
HD 60292 b,HD 60292,Radial Velocity,2020,0,495.4,3,-3,0,12.7,,,0,315.211,3.148,-3.087
HD 60532 b,HD 60532,Radial Velocity,2008,0,201.9,0.3,-0.3,0,13.8,,,0,25.9716,0.1577,-0.1558
HD 60532 c,HD 60532,Radial Velocity,2008,0,600.1,2.4,-2.4,0,13.3,,,0,25.9716,0.1577,-0.1558
HD 6061 b,HD 6061,Transit,2023,0,5.2549,0.0011,-0.0011,0,2.42763557,0.09903199,-0.07283589,0,67.6203,0.2053,-0.204
HD 60779 b,HD 60779,Transit,2026,0,29.986175,0.00003,-0.000033,0,3.246,0.1,-0.097,0,35.4445,0.0467,-0.0466
HD 60779 c,HD 60779,Radial Velocity,2026,0,104.79,0.23,-0.23,0,5.79,,,0,35.4445,0.0467,-0.0466
HD 62364 b,HD 62364,Radial Velocity,2022,0,5138,24,-22,0,12.1,,,0,53.112,0.0743,-0.0741
HD 62364 c,HD 62364,Radial Velocity,2022,1,74839.94555,8275.85573,-6864.79047,0,12,,,0,53.112,0.0743,-0.0741
HD 62509 b,HD 62509,Radial Velocity,2006,0,589.64,0.81,-0.81,0,13.3,,,0,10.34,0.09,-0.09
HD 62549 b,HD 62549,Radial Velocity,2022,0,14306.88519,3762.35334,-3219.89899,0,12.6,,,0,49.3305,0.1192,-0.1186
HD 63433 b,HD 63433,Transit,2020,0,7.1079475,0.0000089,-0.0000088,0,2.14,0.087,-0.069,0,22.4035,0.0225,-0.0225
HD 63433 c,HD 63433,Transit,2020,0,20.5438281,0.0000238,-0.0000236,0,2.692,0.108,-0.088,0,22.4035,0.0225,-0.0225
HD 63433 d,HD 63433,Transit,2023,0,4.209075,0.000012,-0.000023,0,1.073,0.046,-0.044,0,22.4035,0.0225,-0.0225
HD 63454 b,HD 63454,Radial Velocity,2005,0,2.81805,0.000071,-0.000071,0,12.31,,,0,37.6894,0.028,-0.028
HD 63765 b,HD 63765,Radial Velocity,2011,0,358,1,-1,0,14.2,,,0,32.5376,0.0328,-0.0328
HD 63935 b,HD 63935,Transit,2021,0,9.058807,0.000015,-0.000015,0,2.91575244,0.09298372,-0.07706553,0,48.9739,0.1057,-0.1053
HD 63935 c,HD 63935,Radial Velocity,2021,0,21.4027,0.0018,-0.0018,0,3.06451296,0.0880571,-0.07912569,0,48.9739,0.1057,-0.1053
HD 64114 b,HD 64114,Radial Velocity,2019,0,45.791,0.07,-0.07,0,4.41,,,0,31.5262,0.041,-0.0409
HD 64121 b,HD 64121,Radial Velocity,2022,0,623,3.4,-3.4,0,13.2,,,0,129.966,0.487,-0.487
HD 6434 b,HD 6434,Radial Velocity,2003,0,21.998,0.009,-0.009,0,14.2,,,0,42.358,0.0756,-0.0752
HD 65216 b,HD 65216,Radial Velocity,2003,0,577.6,1.328,-1.328,0,13.6,,,0,35.1205,0.0395,-0.0394
HD 65216 c,HD 65216,Radial Velocity,2013,0,5370,20,-20,0,13.4,,,0,35.1205,0.0395,-0.0394
HD 66141 b,HD 66141,Radial Velocity,2012,0,480.5,0.5,-0.5,0,12.8,,,0,68.1509,2.11345,-2.11345
HD 66428 b,HD 66428,Radial Velocity,2005,0,2269.81726,5.36611,-5.85401,0,12.4,,,0,53.2817,0.218,-0.2162
HD 66428 c,HD 66428,Radial Velocity,2021,0,10478.84437,3362.50248,-1953.18727,0,13.5,,,0,53.2817,0.218,-0.2162
HD 67087 b,HD 67087,Radial Velocity,2015,0,352.2,1.7,-1.6,0,13.1,,,0,76.5217,0.3315,-0.3287
HD 67087 c,HD 67087,Radial Velocity,2015,0,2374,193,-156,0,12.9,,,0,76.5217,0.3315,-0.3287
HD 6718 b,HD 6718,Radial Velocity,2009,1,2476,19,-19,0,13.3,,,0,51.3444,0.1393,-0.1385
HD 68402 b,HD 68402,Radial Velocity,2016,0,1103,33,-33,0,12.6,,,0,78.4293,0.0963,-0.0962
HD 68475 b,HD 68475,Radial Velocity,2026,0,7832,463,-323,0,12.8,,,0,33.4297,0.0333,-0.0332
HD 6860 b,HD 6860,Radial Velocity,2023,0,663.87,4.61,-4.31,0,11.9,,,0,61.12469,2.83953,-2.83953
HD 68988 b,HD 68988,Radial Velocity,2001,0,6.27711,0.00021,-0.00021,0,13.4,,,0,60.8447,0.1918,-0.1906
HD 68988 c,HD 68988,Radial Velocity,2021,0,16000,11000,-3500,0,12.2,,,0,60.8447,0.1918,-0.1906
HD 69123 b,HD 69123,Radial Velocity,2022,0,1193.3,7,-7,0,13.1,,,0,75.116,0.35245,-0.35245
HD 69830 b,HD 69830,Radial Velocity,2006,0,8.667,0.003,-0.003,0,3.17,,,0,12.5591,0.0097,-0.0096
HD 69830 c,HD 69830,Radial Velocity,2006,0,31.56,0.04,-0.04,0,3.46,,,0,12.5591,0.0097,-0.0096
HD 69830 d,HD 69830,Radial Velocity,2006,0,197,3,-3,0,4.45,,,0,12.5591,0.0097,-0.0096
HD 70573 b,HD 70573,Radial Velocity,2007,0,851.8,11.6,-11.6,0,12.8,,,0,59.182,0.1565,-0.1558
HD 70642 b,HD 70642,Radial Velocity,2003,0,2124.54,14.65,-13.51,0,13,,,0,29.276,0.0276,-0.0275
HD 7199 b,HD 7199,Radial Velocity,2011,0,615,7,-7,0,,,,,36.1531,0.0364,-0.0364
HD 72490 b,HD 72490,Radial Velocity,2018,0,858,12,-12,0,13.5,,,0,126.339,1.0915,-1.0915
HD 72659 b,HD 72659,Radial Velocity,2002,0,3549,10,-10,0,13.2,,,0,51.8949,0.1451,-0.1442
HD 72659 c,HD 72659,Radial Velocity,2022,0,35500,1200,-910,0,12.1,,,0,51.8949,0.1451,-0.1442
HD 72892 b,HD 72892,Radial Velocity,2016,0,39.44603,0.00168,-0.00145,0,12.8,,,0,69.7311,0.1871,-0.1862
HD 73256 c,HD 73256,Radial Velocity,2023,0,2690,60,-102,0,12.2,,,0,36.708,0.0562,-0.0559
HD 73267 b,HD 73267,Radial Velocity,2008,0,1257.99159,0.50697,-0.60358,0,13,,,0,50.4093,0.0729,-0.0726
HD 73267 c,HD 73267,Radial Velocity,2022,0,17071.78045,785.40421,-1087.38232,0,12.8,,,0,50.4093,0.0729,-0.0726
HD 73344 b,HD 73344,Transit,2024,0,15.611,0.00003,-0.00003,0,2.884,0.082,-0.072,0,35.26,0.0526,-0.0525
HD 73344 c,HD 73344,Radial Velocity,2025,0,65.94,0.02,-0.02,0,13.5,,,0,35.26,0.0526,-0.0525
HD 73344 d,HD 73344,Radial Velocity,2025,0,5823,312,-308,0,13.2,,,0,35.26,0.0526,-0.0525
HD 73526 b,HD 73526,Radial Velocity,2002,1,188.3,0.9,-0.9,0,13.1,,,0,97.2396,0.3235,-0.3214
HD 73526 c,HD 73526,Radial Velocity,2005,0,379.1,0.5,-0.5,0,13.3,,,0,97.2396,0.3235,-0.3214
HD 73534 b,HD 73534,Radial Velocity,2008,0,1750,24,-24,0,13.7,,,0,83.3321,0.3702,-0.3702
HD 73583 b,HD 73583,Transit,2022,0,6.398042,0.0000067,-0.0000062,0,2.79,0.1,-0.1,0,31.5666,0.0321,-0.032
HD 73583 c,HD 73583,Transit,2022,0,18.87974,0.00086,-0.00074,0,2.39,0.1,-0.09,0,31.5666,0.0321,-0.032
HD 74156 b,HD 74156,Radial Velocity,2003,0,51.63564,0.001,-0.00113,0,13.5,,,0,57.603,0.1613,-0.1604
HD 74156 c,HD 74156,Radial Velocity,2003,0,2448.48726,4.19249,-4.24759,0,12.5,,,0,57.603,0.1613,-0.1604
HD 7449 b,HD 7449,Radial Velocity,2011,0,1270.55195,10.75633,-7.38672,0,12.6,,,0,38.662,0.065,-0.0648
HD 74698 b,HD 74698,Radial Velocity,2023,0,15.017,0.002,-0.002,0,5.12,,,0,52.0648,0.076,-0.0758
HD 74698 c,HD 74698,Radial Velocity,2023,0,3449,189,-210,0,14,,,0,52.0648,0.076,-0.0758
HD 75289 b,HD 75289,Radial Velocity,1999,0,3.50927,0.000064,-0.000064,0,14.2,,,0,29.1158,0.024,-0.024
HD 75302 b,HD 75302,Radial Velocity,2023,0,4356,173,-112,0,12.8,,,0,30.3288,0.0605,-0.0604
HD 75784 b,HD 75784,Radial Velocity,2014,0,341.2,1.1,-1.1,0,13.8,,,0,85.4321,0.52555,-0.52555
HD 75784 c,HD 75784,Radial Velocity,2018,0,7900,2000,-2000,0,12.8,,,0,85.4321,0.52555,-0.52555
HD 75898 b,HD 75898,Radial Velocity,2007,0,422.82,0.22,-0.22,0,13.2,,,0,78.0505,0.304,-0.3016
HD 75898 c,HD 75898,Radial Velocity,2024,0,6717,44,-40,0,12.6,,,0,78.0505,0.304,-0.3016
HD 76700 b,HD 76700,Radial Velocity,2002,0,3.97097,0.00023,-0.00023,0,9.6,,,0,60.8831,0.1175,-0.1171
HD 76920 b,HD 76920,Radial Velocity,2017,0,415.891,0.043,-0.039,0,13.1,,,0,184.031,1.027,-1.017
HD 77338 b,HD 77338,Radial Velocity,2012,0,5.7361,0.0015,-0.0015,0,4.12,,,0,45.935,0.0753,-0.0751
HD 77946 b,HD 77946,Transit,2024,0,6.527363,0.000027,-0.000027,0,2.89646124,0.1867559,-0.14235529,0,99.451,0.3632,-0.3607
HD 79181 b,HD 79181,Radial Velocity,2021,0,273.1,1.3,-0.4,0,14.1,,,0,103.335,0.995,-0.995
HD 7924 b,HD 7924,Radial Velocity,2008,0,5.39792,0.00025,-0.00025,0,,,,,16.9922,0.0072,-0.0072
HD 7924 c,HD 7924,Radial Velocity,2015,0,15.299,0.0032,-0.0033,0,,,,,16.9922,0.0072,-0.0072
HD 7924 d,HD 7924,Radial Velocity,2015,0,24.451,0.015,-0.017,0,,,,,16.9922,0.0072,-0.0072
HD 79498 b,HD 79498,Radial Velocity,2011,0,1807,15,-15,0,13.6,,,0,48.9489,0.1776,-0.1763
HD 80606 b,HD 80606,Radial Velocity,2001,0,111.436765,0.000074,-0.000074,0,11.56766808,0.16813471,-0.16813471,0,66.4711,0.1612,-0.1604
HD 80653 b,HD 80653,Transit,2020,0,0.71957926,0.00000042,-0.00000036,0,1.621,0.054,-0.057,0,109.86,0.811,-0.8
HD 80869 b,HD 80869,Radial Velocity,2021,0,1752.92067,37.0165,-33.60283,0,12.8,,,0,85.3951,0.5374,-0.5308
HD 80883 b,HD 80883,Radial Velocity,2022,0,6383.78352,2891.20808,-1084.85967,0,12.8,,,0,34.6011,0.0576,-0.0574
HD 80913 b,HD 80913,Radial Velocity,2022,0,10839.83341,2660.45783,-1973.20021,0,12,,,0,61.3603,0.0839,-0.0837
HD 81040 b,HD 81040,Radial Velocity,2005,0,1002.7,4,-3.4,0,12.6,,,0,34.4341,0.0777,-0.0773
HD 81688 b,HD 81688,Radial Velocity,2007,0,183.93,0.09,-0.09,0,13.5,,,0,85.7183,0.78695,-0.78695
HD 81817 b,HD 81817,Radial Velocity,2020,0,1021.20159,13.8837,-9.8913,0,12,,,0,269.126,23.237,-19.865
HD 81817 c,HD 81817,Radial Velocity,2022,0,622.97802,2.01914,-2.12035,0,12,,,0,269.126,23.237,-19.865
HD 82886 b,HD 82886,Radial Velocity,2011,0,705,34,-34,0,13.3,,,0,127.061,1.122,-1.103
HD 82943 b,HD 82943,Radial Velocity,2003,0,441.47,0.35,-0.35,0,13.5,,,0,27.5902,0.0291,-0.029
HD 82943 c,HD 82943,Radial Velocity,2003,0,220.078,0.051,-0.051,0,13.4,,,0,27.5902,0.0291,-0.029
HD 8326 b,HD 8326,Radial Velocity,2019,0,158.991,1.44,-1.44,0,9.58,,,0,30.6862,0.0442,-0.0441
HD 83443 b,HD 83443,Radial Velocity,2002,0,2.985628,0.000005,-0.000005,0,14.1,,,0,40.8991,0.0628,-0.0626
HD 83443 c,HD 83443,Radial Velocity,2022,0,8241,1019,-530,0,13.6,,,0,40.8991,0.0628,-0.0626
HD 8535 b,HD 8535,Radial Velocity,2010,0,1313,28,-28,0,14,,,0,55.4401,0.0961,-0.0957
HD 85390 b,HD 85390,Radial Velocity,2011,0,799.52,2.41,-2.41,0,6.16,,,0,33.5225,0.043,-0.0429
HD 85426 c,TOI-1774,Radial Velocity,2026,0,35.73,0.09,-0.1,0,3.19,,,0,53.974,0.205,-0.2035
HD 8574 b,HD 8574,Radial Velocity,2002,0,227,0.2,-0.2,0,13.4,,,0,44.8264,0.094,-0.0936
HD 86065 b,HD 86065,Radial Velocity,2022,0,25775.78859,13279.46721,-9595.00303,0,12.5,,,0,40.3661,0.0557,-0.0555
HD 86081 b,HD 86081,Radial Velocity,2006,0,2.1378431,0.0000031,-0.0000031,0,13.6,,,0,103.936,0.557,-0.551
HD 86226 b,HD 86226,Radial Velocity,2009,0,1628,22,-21,0,14.3,,,0,45.683,0.1053,-0.1048
HD 86226 c,HD 86226,Transit,2020,0,3.98442,0.00018,-0.00018,0,2.16,0.08,-0.08,0,45.683,0.1053,-0.1048
HD 86264 b,HD 86264,Radial Velocity,2009,0,1488.79123,58.01645,-46.45772,0,12.5,,,0,67.8107,0.2753,-0.2731
HD 86728 b,HD 86728,Radial Velocity,2025,0,31.1515,0.0059,-0.0066,0,3.03,,,0,14.9202,0.0481,-0.0479
HD 8673 b,HD 8673,Radial Velocity,2009,0,1644.69097,10.98617,-15.69616,0,12.3,,,0,37.8619,0.0543,-0.0541
HD 86950 b,HD 86950,Radial Velocity,2016,0,1270,57,-57,0,13,,,0,209.839,1.96,-1.925
HD 87646 b,HD 87646,Radial Velocity,2016,0,13.481,0.001,-0.001,0,12.4,,,0,73.58352,8.55496,-8.55496
HD 87816 b,HD 87816,Radial Velocity,2025,0,484.17,0.13,-0.12,0,12.7,,,0,133.233,0.54,-0.54
HD 87816 c,HD 87816,Radial Velocity,2025,0,7596,1140,-535,0,12.4,,,0,133.233,0.54,-0.54
HD 87883 b,HD 87883,Radial Velocity,2009,0,3006,117,-124,0,12.7,,,0,18.2912,0.0125,-0.0124
HD 88072 b,HD 88072,Radial Velocity,2022,0,18538.79293,8925.77796,-3716.76086,0,12.6,,,0,35.9098,0.0689,-0.0686
HD 88133 b,HD 88133,Radial Velocity,2004,0,3.414884,0.00003,-0.00003,0,13.8,,,0,73.6123,0.3053,-0.3029
HD 88986 b,HD 88986,Radial Velocity,2023,0,146.05,0.43,-0.4,0,2.49,0.18,-0.18,0,33.2673,0.0459,-0.0459
HD 89307 b,HD 89307,Radial Velocity,2009,0,2166,38,-38,0,13.4,,,0,32.0104,0.0528,-0.0526
HD 89345 b,HD 89345,Transit,2018,0,11.8143,0.0002,-0.0002,0,7.39794,0.313852,-0.33627,0,132.345,0.808,-0.799
HD 89744 b,HD 89744,Radial Velocity,1999,0,256.78,0.02,-0.02,0,12.6,,,0,38.6364,0.108,-0.1074
HD 89839 b,HD 89839,Radial Velocity,2023,0,3391.2,26.1,-24.6,0,12.8,,,0,57.3063,0.1099,-0.1094
HD 90156 b,HD 90156,Radial Velocity,2011,0,49.77,0.07,-0.07,0,4.43,,,0,21.9496,0.017,-0.0169
HD 9174 b,HD 9174,Radial Velocity,2016,0,1179,34,-34,0,13.7,,,0,81.4893,0.3063,-0.3042
HD 92788 b,HD 92788,Radial Velocity,2000,0,325.803,0.036525,-0.036525,0,13,,,0,34.6538,0.0597,-0.0596
HD 92788 c,HD 92788,Radial Velocity,2019,0,11611.2975,5055.06,-905.82,0,13,,,0,34.6538,0.0597,-0.0596
HD 93083 b,HD 93083,Radial Velocity,2005,0,144.72,0.029,-0.029,0,14.3,,,0,28.5159,0.0397,-0.0397
HD 93351 b,HD 93351,Radial Velocity,2022,0,2.45946,0.00017,-0.00011,0,1.69,,,0,56.163,0.1261,-0.1257
HD 93351 c,HD 93351,Radial Velocity,2022,0,14010.2941,5932.28835,-1538.69,0,12.3,,,0,56.163,0.1261,-0.1257
HD 93385 b,HD 93385,Radial Velocity,2021,0,7.3426,0.0012,-0.0012,0,1.88,,,0,43.3475,0.0649,-0.0648
HD 93385 c,HD 93385,Radial Velocity,2021,0,13.18,0.003,-0.003,0,2.56,,,0,43.3475,0.0649,-0.0648
HD 93385 d,HD 93385,Radial Velocity,2021,0,45.85,0.05,-0.05,0,2.89,,,0,43.3475,0.0649,-0.0648
HD 93963 A b,HD 93963 A,Transit,2022,0,1.0376109,0.0000085,-0.0000085,0,1.46954368,0.07347231,-0.06596084,0,82.3432,0.3932,-0.3896
HD 93963 A c,HD 93963 A,Transit,2022,0,3.6451389,0.0000044,-0.0000044,0,3.11976057,0.13502367,-0.10446158,0,82.3432,0.3932,-0.3896
HD 9446 b,HD 9446,Radial Velocity,2009,0,30.052,0.027,-0.027,0,14,,,0,50.3503,0.3538,-0.349
HD 9446 c,HD 9446,Radial Velocity,2009,0,192.9,0.9,-0.9,0,13.4,,,0,50.3503,0.3538,-0.349
HD 94771 b,HD 94771,Radial Velocity,2023,0,2164,21,-20,0,14.2,,,0,57.7807,0.1205,-0.1199
HD 94834 b,HD 94834,Radial Velocity,2018,0,1576,76,-76,0,13.7,,,0,98.1609,0.6436,-0.6436
HD 94890 b,HD 94890,Radial Velocity,2025,0,824.61,5.02,-4.8,0,13.3,,,0,61.7012,0.7221,-0.7221
HD 94890 c,HD 94890,Radial Velocity,2025,0,2492.19,14.72,-13.94,0,12.5,,,0,61.7012,0.7221,-0.7221
HD 95086 b,HD 95086,Imaging,2013,0,,,,,12.9,,,0,86.2279,0.2443,-0.2431
HD 95089 b,HD 95089,Radial Velocity,2009,0,464.4,3.8,-3.8,0,13.7,,,0,136.957,1.955,-1.955
HD 95089 c,HD 95089,Radial Velocity,2016,0,1785,32,-32,0,13.1,,,0,136.957,1.955,-1.955
HD 95127 b,HD 95127,Radial Velocity,2015,0,482,5,-5,0,12.4,,,0,676.579,45.1145,-45.1145
HD 95338 b,HD 95338,Radial Velocity,2020,0,55.082694,0.000018,-0.000018,0,4.27174254,0.03923143,-0.03923143,0,36.9941,0.0689,-0.0687
HD 95544 b,HD 95544,Radial Velocity,2021,0,2041.54152,262.59531,-184.27313,0,12.8,,,0,87.8049,0.2031,-0.2022
HD 95735 c,GJ 411,Radial Velocity,2021,0,2946,210,-180,0,3.76,,,0,5.675773,0.0059099,-0.0059099
HD 95872 b,HD 95872,Radial Velocity,2015,0,4375,170,-170,0,13,,,0,72.2195,0.1792,-0.1784
HD 96063 b,HD 96063,Radial Velocity,2011,0,362.5,2.2,-2.2,0,13.7,,,0,140.065,1.326,-1.326
HD 96127 b,HD 96127,Radial Velocity,2011,0,638.9,17,-16.7,0,13,,,0,587.659,25.455,-25.455
HD 96167 b,HD 96167,Radial Velocity,2009,0,498.04,0.76,-0.76,0,14,,,0,85.3006,0.4163,-0.4123
HD 96700 b,HD 96700,Radial Velocity,2021,0,8.1245,0.0006,-0.0006,0,2.93,,,0,25.4111,0.0284,-0.0283
HD 96700 c,HD 96700,Radial Velocity,2021,0,19.88,0.01,-0.01,0,1.69,,,0,25.4111,0.0284,-0.0283
HD 96700 d,HD 96700,Radial Velocity,2021,0,103.5,0.1,-0.1,0,3.61,,,0,25.4111,0.0284,-0.0283
HD 96992 b,HD 96992,Radial Velocity,2021,0,514,4,-4,0,13.7,,,0,396.082,14.9565,-14.9565
HD 97037 b,HD 97037,Radial Velocity,2022,0,6449.08337,141.956,-153.98638,0,12.1,,,0,32.413,0.0575,-0.0572
HD 97048 b,HD 97048,Disk Kinematics,2019,0,,,,,13.3,,,0,183.857,1.331,-1.313
HD 97658 b,HD 97658,Radial Velocity,2010,0,9.4897116,0.0000008,-0.0000008,0,2.12,0.06,-0.06,0,21.5618,0.0254,-0.0253
HD 98219 b,HD 98219,Radial Velocity,2011,0,433.8,2,-2,0,13.4,,,0,113.704,0.578,-0.578
HD 98649 b,HD 98649,Radial Velocity,2012,0,5384,321,-274,0,12.5,,,0,42.1727,0.0878,-0.0875
HD 98736 b,HD 98736,Radial Velocity,2018,0,968.8,2.2,-2.2,0,13.3,,,0,32.4459,0.0646,-0.0644
HD 99109 b,HD 99109,Radial Velocity,2005,0,439.29999,5.6,-5.6,0,14.3,,,0,54.7901,0.1672,-0.1662
HD 99283 b,HD 99283,Radial Velocity,2021,0,310.4,5.2,-1.7,0,13.8,,,0,111.093,0.719,-0.71
HD 99492 b,HD 99492,Radial Velocity,2004,0,17.0503,0.0016,-0.0016,0,5.44,,,0,18.2038,0.0581,-0.0577
HD 99492 c,HD 99492,Radial Velocity,2023,0,95.233,0.098,-0.096,0,4.42,,,0,18.2038,0.0581,-0.0577
HD 99706 b,HD 99706,Radial Velocity,2011,0,841,32,-32,0,13.7,,,0,146.6,1.122,-1.122
HD 99706 c,HD 99706,Radial Velocity,2016,0,1278,151,-198,0,12.8,,,0,146.6,1.122,-1.122
HIP 10090 b,HIP 10090,Radial Velocity,2026,0,2960,120,-100,0,13,,,0,82.3937,0.2947,-0.2925
HIP 10090 c,HIP 10090,Radial Velocity,2026,0,321.82,0.32,-0.56,0,13.9,,,0,82.3937,0.2947,-0.2925
HIP 105854 b,HIP 105854,Radial Velocity,2014,0,184.2,0.5,-0.5,0,12.6,,,0,78.6381,0.7437,-0.7437
HIP 107772 b,HIP 107772,Radial Velocity,2020,0,55.199,0.083,-0.083,0,3.64,,,0,23.6434,0.0243,-0.0242
HIP 107773 b,HIP 107773,Radial Velocity,2015,0,144.3,0.5,-0.5,0,13.4,,,0,105.18,0.811,-0.811
HIP 109384 b,HIP 109384,Radial Velocity,2016,0,499.48,0.32,-0.32,0,13.5,,,0,58.9582,0.1187,-0.1183
HIP 109600 b,HIP 109600,Radial Velocity,2016,0,232.08,0.15,-0.15,0,13.2,,,0,66.3361,0.1917,-0.1906
HIP 111909 b,HIP 111909,Radial Velocity,2025,0,487.08,3.81,-3.63,0,13.7,,,0,88.077,0.5072,-0.5014
HIP 111909 c,HIP 111909,Radial Velocity,2025,0,893.63,14.89,-16.03,0,13.9,,,0,88.077,0.5072,-0.5014
HIP 113103 b,HIP 113103,Transit,2023,0,7.610303,0.000018,-0.000018,0,1.829,0.096,-0.067,0,46.2122,0.0864,-0.086
HIP 113103 c,HIP 113103,Transit,2023,0,14.245648,0.000019,-0.000019,0,2.4,0.1,-0.08,0,46.2122,0.0864,-0.086
HIP 114933 b,HIP 114933,Radial Velocity,2021,0,1481.6,61.7,-61.7,0,13.4,,,0,101.766,0.53,-0.53
HIP 116454 b,HIP 116454,Transit,2014,0,9.1004157,0.0000041,-0.0000045,0,2.469,0.1,-0.091,0,62.4491,0.1831,-0.182
HIP 12961 b,HIP 12961,Radial Velocity,2010,0,57.435,0.042,-0.042,0,13.2,,,0,23.371,0.0185,-0.0184
HIP 14810 b,HIP 14810,Radial Velocity,2005,0,6.673892,0.000008,-0.000008,0,13,,,0,50.48,0.1156,-0.1151
HIP 14810 c,HIP 14810,Radial Velocity,2006,0,147.747,0.029,-0.029,0,13.6,,,0,50.48,0.1156,-0.1151
HIP 14810 d,HIP 14810,Radial Velocity,2009,0,981.8,6.9,-6.9,0,14.1,,,0,50.48,0.1156,-0.1151
HIP 18606 b,HIP 18606,Radial Velocity,2025,0,674.94,6.43,-6.28,0,14,,,0,47.0288,0.2014,-0.2014
HIP 19976 b,HIP 19976,Radial Velocity,2022,0,50.65905,0.06282,-0.0783,0,4.94,,,0,40.2707,0.0428,-0.0427
HIP 21152 b,HIP 21152,Imaging,2022,0,22000,11000,-5800,0,12,,,0,43.4073,0.1311,-0.1303
HIP 29442 c,TOI-469,Radial Velocity,2023,0,3.5379559,0.0000082,-0.0000082,0,1.551,0.045,-0.045,0,68.192,0.1772,-0.1763
HIP 29442 d,TOI-469,Radial Velocity,2023,0,6.429575,0.000026,-0.000026,0,1.538,0.049,-0.049,0,68.192,0.1772,-0.1763
HIP 34222 b,HIP 34222,Radial Velocity,2021,0,159.986,2.6753,-2.9256,0,13.9,,,0,22.8386,0.027,-0.0269
HIP 35173 b,HIP 35173,Radial Velocity,2019,0,41.516,0.077,-0.077,0,3.61,,,0,33.1562,0.0641,-0.0638
HIP 35965 b,HIP 35965,Radial Velocity,2022,0,26125.56497,13613.39551,-10171.69978,0,12.6,,,0,50.1677,0.0522,-0.052
HIP 38594 b,HIP 38594,Radial Velocity,2020,0,60.722,0.122,-0.122,0,2.77,,,0,17.7886,0.0095,-0.0095
HIP 38594 c,HIP 38594,Radial Velocity,2020,0,3477.768,229.001,-229.001,0,7.94,,,0,17.7886,0.0095,-0.0095
HIP 39017 b,HIP 39017,Imaging,2024,0,31000,19000,-9500,0,12,,,0,66.3217,0.2047,-0.2035
HIP 39330 b,HIP 39330,Radial Velocity,2026,0,4650,210,-250,0,13.5,,,0,36.3958,0.0453,-0.0453
HIP 41378 b,HIP 41378,Transit,2016,0,15.57209,0.00002,-0.00002,0,2.64,0.022,-0.024,0,106.289,0.676,-0.668
HIP 41378 c,HIP 41378,Transit,2016,0,31.70591,0.00005,-0.00005,0,2.74,0.043,-0.049,0,106.289,0.676,-0.668
HIP 41378 d,HIP 41378,Transit,2016,0,278.3618,0.0003,-0.0003,0,3.65,0.029,-0.029,0,106.289,0.676,-0.668
HIP 41378 e,HIP 41378,Transit,2016,0,393,3,-5,0,5.19,0.04,-0.04,0,106.289,0.676,-0.668
HIP 41378 f,HIP 41378,Transit,2016,0,542.0797,0.0001,-0.0001,0,9.47,0.07,-0.07,0,106.289,0.676,-0.668
HIP 41378 g,HIP 41378,Radial Velocity,2025,0,63.19,0.12,-0.12,0,2.5,,,0,106.289,0.676,-0.668
HIP 4845 b,HIP 4845,Radial Velocity,2020,0,34.15,0.046,-0.046,0,3.89,,,0,21.0974,0.0178,-0.0178
HIP 48714 b,HIP 48714,Radial Velocity,2020,0,17.818,0.002,-0.002,0,5.11,,,0,10.5298,0.0043,-0.0043
HIP 5158 b,HIP 5158,Radial Velocity,2009,0,345.72,5.37,-5.37,0,13.6,,,0,51.6026,0.1043,-0.1039
HIP 5158 c,HIP 5158,Radial Velocity,2011,0,9017.76,3180.74,-3180.74,0,12.2,,,0,51.6026,0.1043,-0.1039
HIP 54373 b,HIP 54373,Radial Velocity,2019,0,7.76,0.003,-0.003,0,2.87,,,0,18.7168,0.0164,-0.0164
HIP 54373 c,HIP 54373,Radial Velocity,2019,0,15.144,0.008,-0.008,0,3.57,,,0,18.7168,0.0164,-0.0164
HIP 54515 b,HIP 54515,Imaging,2026,0,33000,15000,-8800,0,12.2,,,0,82.8101,0.3654,-0.3622
HIP 54597 b,HIP 54597,Radial Velocity,2023,0,3274,47,-46,0,13.3,,,0,39.7429,0.0664,-0.0663
HIP 55507 b,HIP 55507,Radial Velocity,2022,0,5138.43727,887.26948,-529.24741,0,12.6,,,0,25.4893,0.0257,-0.0256
HIP 56640 b,HIP 56640,Radial Velocity,2021,0,2675.57603,183.35403,-108.29793,0,12.7,,,0,122.324,0.587,-0.581
HIP 57274 b,HIP 57274,Radial Velocity,2011,0,8.1352,0.004,-0.004,0,,,,,25.8618,0.0337,-0.0335
HIP 57274 c,HIP 57274,Radial Velocity,2011,0,32.03,0.02,-0.02,0,14.2,,,0,25.8618,0.0337,-0.0335
HIP 57274 d,HIP 57274,Radial Velocity,2011,0,431.7,8.5,-8.5,0,14.2,,,0,25.8618,0.0337,-0.0335
HIP 5763 b,HIP 5763,Radial Velocity,2021,0,30.014,0.1528,-0.2842,0,14.2,,,0,31.9043,0.042,-0.0419
HIP 63242 b,HIP 63242,Radial Velocity,2013,0,124.6,,,0,12.5,,,0,156.456,0.6995,-0.6995
HIP 65 A b,HIP 65 A,Transit,2020,0,0.9809734,0.0000031,-0.0000031,0,22.75427,6.83749,-5.49241,0,61.7856,0.0806,-0.0804
HIP 65407 b,HIP 65407,Radial Velocity,2016,0,28.125,0.019,-0.019,0,14.3,,,0,61.7804,0.1065,-0.1062
HIP 65407 c,HIP 65407,Radial Velocity,2016,0,67.3,0.08,-0.08,0,13.9,,,0,61.7804,0.1065,-0.1062
HIP 65426 b,HIP 65426,Imaging,2017,0,,,,,16.8135,1.1209,-1.1209,0,108.875,0.753,-0.742
HIP 65891 b,HIP 65891,Radial Velocity,2015,1,1089.6,22.8,-22,0,12.7,,,0,150.292,0.65,-0.644
HIP 66074 b,HIP 66074,Astrometry,2023,0,310.9,21.7,-17.7,0,12.9,,,0,35.4438,0.0261,-0.026
HIP 67522 b,HIP 67522,Transit,2020,0,6.9594731,0.0000022,-0.0000022,0,9.9872018,0.23538859,-0.22417961,0,127.28,1.105,-1.087
HIP 67522 c,HIP 67522,Transit,2024,0,14.334892,0.000012,-0.000012,0,7.93595834,0.3474784,-0.35868738,0,127.28,1.105,-1.087
HIP 67537 b,HIP 67537,Radial Velocity,2017,0,2523.64713,240.39054,-94.43206,0,12.3,,,0,116.046,0.65,-0.65
HIP 67851 b,HIP 67851,Radial Velocity,2015,0,89.23,0.06,-0.06,0,13.7,,,0,64.1181,0.1748,-0.1748
HIP 67851 c,HIP 67851,Radial Velocity,2015,0,3128.41,52.09,-47.13,0,12.7,,,0,64.1181,0.1748,-0.1748
HIP 70849 b,HIP 70849,Radial Velocity,2011,0,3649,18,-18,0,12.9,,,0,24.0572,0.02475,-0.02475
HIP 71135 b,HIP 71135,Radial Velocity,2019,0,87.19,0.381,-0.381,0,4.55,,,0,32.3311,0.0521,-0.0519
HIP 74890 b,HIP 74890,Radial Velocity,2016,0,822.3,16.8,-16.8,0,13.3,,,0,78.6562,0.256,-0.256
HIP 75092 b,HIP 75092,Radial Velocity,2021,0,926.4,12.8,-12.8,0,13.5,,,0,81.6696,0.4148,-0.4107
HIP 77900 b,HIP 77900,Imaging,2024,0,,,,,12.1,,,0,150.862,2.7435,-2.7435
HIP 78530 b,HIP 78530,Imaging,2010,0,,,,,12,,,0,136.759,1.493,-1.462
HIP 79098 AB b,HIP 79098 AB,Imaging,2019,0,,,,,12.1,,,0,145.798,2.562,-2.476
HIP 79431 b,HIP 79431,Radial Velocity,2009,0,111.7,0.7,-0.7,0,13.4,,,0,14.5324,0.0259,-0.0259
HIP 81208 C b,HIP 81208 C,Imaging,2023,0,104100,107260,-40934,0,12.3,,,0,147.533,1.483,-1.454
HIP 8152 b,HIP 8152,Transit,2023,0,10.751014,0.000055,-0.000055,0,2.53625843,0.15691518,-0.13542085,0,101.694,0.421,-0.417
HIP 8152 c,HIP 8152,Transit,2023,0,19.60562,0.00025,-0.00025,0,2.52442508,0.14962921,-0.14078921,0,101.694,0.421,-0.417
HIP 8541 b,HIP 8541,Radial Velocity,2016,0,1852.14387,215.24662,-117.31046,0,12.6,,,0,155.121,0.638,-0.634
HIP 86221 b,HIP 86221,Radial Velocity,2021,0,2.224,0.0004,-0.0005,0,14,,,0,29.4898,2.21962,-2.21962
HIP 8923 b,HIP 8923,Radial Velocity,2026,0,5160,150,-240,0,12.5,,,0,65.9957,0.2206,-0.2191
HIP 90988 b,HIP 90988,Radial Velocity,2021,1,455.73816,2.11413,-1.88939,0,13.4,,,0,94.0349,0.3884,-0.3853
HIP 91258 b,HIP 91258,Radial Velocity,2013,0,5.0505,0.0015,-0.0015,0,13.7,,,0,45.8846,0.0661,-0.066
HIP 94235 b,HIP 94235,Transit,2022,0,7.713057,0.000021,-0.000021,0,3,0.32,-0.28,0,58.5146,0.1263,-0.1258
HIP 948 b,HIP 948,Radial Velocity,2022,0,24955.45756,8914.75178,-10015.46337,0,12.1,,,0,34.8523,0.0582,-0.0581
HIP 9618 b,HIP 9618,Transit,2023,0,20.772858,0.000047,-0.000047,0,3.82838127,0.10440228,-0.08816578,0,67.5478,0.1566,-0.1559
HIP 9618 c,HIP 9618,Transit,2023,0,52.56363,0.00016,-0.00016,0,3.42855926,0.0971864,-0.08596176,0,67.5478,0.1566,-0.1559
HIP 97166 b,HIP 97166,Transit,2021,0,10.288914,0.0000064,-0.0000064,0,2.4801338,0.07271432,-0.05203142,0,65.9501,0.1014,-0.1012
HIP 97166 c,HIP 97166,Radial Velocity,2021,0,16.432,0.041,-0.041,0,2.75,,,0,65.9501,0.1014,-0.1012
HIP 97233 b,HIP 97233,Radial Velocity,2014,0,1062.26506,8.8071,-9.63078,0,12.1,,,0,102.275,0.407,-0.404
HIP 98599 b,HIP 98599,Radial Velocity,2026,0,2656,40,-16,0,12.7,,,0,75.9428,0.2991,-0.2968
HIP 99770 b,HIP 99770,Imaging,2023,0,18600,6200,-2800,0,12.2,,,0,40.0765,0.2847,-0.2807
HN Lib b,HN Lib,Radial Velocity,2023,0,36.116,0.027,-0.029,0,2.2,,,0,6.24442,0.004455,-0.004455
HN Peg b,HN Peg,Imaging,2006,0,,,,,11.7768,1.52663,-0.65427,0,18.1186,0.0201,-0.0201
HR 2562 b,HR 2562,Imaging,2016,0,,,,,12.44199,1.23299,-1.23299,0,34.0071,0.048,-0.0478
HR 5183 b,HR 5183,Radial Velocity,2019,0,27000,16000,-8000,0,13.1,,,0,31.4607,0.039,-0.0389
HR 810 b,HR 810,Radial Velocity,1999,0,302.79999,2.3,-2.3,0,12.7,,,0,17.3181,0.0162,-0.0162
HR 858 b,HR 858,Transit,2019,0,3.585287,0.000009,-0.000012,0,2.004,0.045,-0.047,0,31.964,0.0722,-0.072
HR 858 c,HR 858,Transit,2019,0,5.973865,0.000015,-0.000016,0,1.979,0.054,-0.051,0,31.964,0.0722,-0.072
HR 858 d,HR 858,Transit,2019,0,11.230511,0.000043,-0.000045,0,2.001,0.063,-0.064,0,31.964,0.0722,-0.072
HR 8799 b,HR 8799,Imaging,2008,0,170000,,,0,13,1,-1,0,41.2441,0.1515,-0.1505
HR 8799 c,HR 8799,Imaging,2008,0,69000,,,0,13,1,0,0,41.2441,0.1515,-0.1505
HR 8799 d,HR 8799,Imaging,2008,0,37000,,,0,13,1,0,0,41.2441,0.1515,-0.1505
HR 8799 e,HR 8799,Imaging,2010,0,20815.6,1128.62,-1128.62,0,13.11453,1.45717,-1.23299,0,41.2441,0.1515,-0.1505
HS Psc b,HS Psc,Radial Velocity,2024,0,3.986,0.044,-0.003,0,13.6,,,0,37.6604,0.0995,-0.0989
HU Aqr AB b,HU Aqr,Eclipse Timing Variations,2011,1,2390,4,-4,0,12.8,,,0,192.1980787,2.33036065,-2.33036065
HU Aqr AB c,HU Aqr,Eclipse Timing Variations,2011,1,4368,515,-515,0,12.9,,,0,192.1980787,2.33036065,-2.33036065
IC 4651 9122 b,IC 4651 9122,Radial Velocity,2018,1,734,8.1,-8.1,0,12.7,,,0,859.324,31.989,-31.989
IRAS 04125+2902 b,IRAS 04125+2902,Transit,2024,0,8.834978,0.000028,-0.000028,0,10.73820351,0.86309151,-0.84067355,0,159.244,1.711,-1.675
ITG 15 b,ITG 15 A,Imaging,2024,0,,,,,12.1,,,0,136.37,2.113,-2.052
K2-10 b,K2-10,Transit,2015,0,19.30553,0.00047,-0.00047,0,3.773,0.088,-0.048,0,272.36,3.112,-3.044
K2-100 b,K2-100,Transit,2016,0,1.6739035,0.0000004,-0.0000004,0,3.88,0.16,-0.16,0,188.959,2.471,-2.41
K2-101 b,K2-101,Transit,2016,0,14.6762429,0.0000201,-0.0000203,0,2,0.14,-0.07,0,188.33,2.128,-2.082
K2-102 b,K2-102,Transit,2016,0,9.915615,0.001209,-0.001195,0,1.3,0.1,-0.1,0,188.175,2.065,-2.022
K2-104 b,K2-104,Transit,2016,0,1.9741954,0.0000024,-0.0000024,0,1.79,0.1,-0.06,0,189.289,3.996,-3.837
K2-105 b,K2-105,Transit,2017,0,8.26726,0.00018,-0.00018,0,3.4,0.12,-0.05,0,197.989,1.555,-1.53
K2-107 b,K2-107,Transit,2017,0,3.313959,0.000024,-0.000024,0,15.98,0.55,-0.55,0,685.2,20.502,-19.364
K2-108 b,K2-108,Transit,2017,0,4.733999,0.000221,-0.000227,0,5.33,0.21,-0.21,0,477.295,10.094,-9.692
K2-11 b,K2-11,Transit,2015,0,39.93767,0.23229,-0.23229,0,7.55,9.33,-9.33,0,329.309,2.682,-2.641
K2-110 b,K2-110,Transit,2017,0,13.86375,0.00026,-0.00026,0,2.592,0.098,-0.097,0,116.474,0.431,-0.427
K2-111 b,K2-111,Transit,2017,0,5.3518963,0.0000089,-0.000012,0,1.837,0.076,-0.071,0,200.394,2.763,-2.69
K2-111 c,K2-111,Radial Velocity,2020,0,15.6748,0.0062,-0.0061,0,3.34,,,0,200.394,2.763,-2.69
K2-113 b,K2-113,Transit,2017,0,5.817685,0.000041,-0.000041,0,12.14,0.35,-0.35,0,635.722,13.43,-13.43
K2-114 b,K2-114,Transit,2017,0,11.390931,0.0000031,-0.0000032,0,10.59248676,0.32506044,-0.31385146,0,475.758,8.252,-7.98
K2-115 b,K2-115,Transit,2017,0,20.2729914,0.000005,-0.000005,0,11.80305668,0.33626942,-0.31385146,0,413.591,4.312,-4.225
K2-116 b,K2-116,Transit,2017,0,4.655411,0.000486,-0.000473,0,0.69,0.04,-0.04,0,49.3855,0.1247,-0.124
K2-117 b,K2-117,Transit,2017,0,1.2916,0.000049,-0.000051,0,2.03,0.1,-0.1,0,101.632,0.374,-0.372
K2-117 c,K2-117,Transit,2017,0,5.444017,0.000462,-0.000455,0,2.06,0.12,-0.12,0,101.632,0.374,-0.372
K2-118 b,K2-118,Transit,2017,0,50.92092,0.005584,-0.005249,0,2.54,0.23,-0.2,0,321.722,3.7605,-3.7605
K2-119 b,K2-119,Transit,2017,0,7.727283,0.001268,-0.001149,0,2.53,0.2,-0.2,0,365.581,4.37,-4.27
K2-12 b,K2-12,Transit,2015,0,8.28246,0.00052,-0.00052,0,2.44,0.3,-0.14,0,326.381,6.282,-6.053
K2-121 b,K2-121,Transit,2017,0,5.185738,0.000014,-0.000014,0,7.16,0.12,-0.06,0,169.398,1.061,-1.048
K2-122 b,K2-122,Transit,2017,0,2.2193023,0.000002,-0.000002,0,1.16,0.1,-0.05,0,72.0444,0.2532,-0.2532
K2-123 b,K2-123,Transit,2017,0,30.951524,0.003625,-0.00332,0,2.76,0.16,-0.16,0,161.555,0.652,-0.652
K2-124 b,K2-124,Transit,2017,0,6.413651,0.000036,-0.000031,0,2.9,0.1,-0.1,0,140.385,1.32,-1.296
K2-125 b,K2-125,Transit,2017,0,21.750264,0.00199,-0.001957,0,2.18,0.19,-0.18,0,124.156,0.83,-0.83
K2-126 b,K2-126,Transit,2017,0,7.385655,0.000501,-0.000509,0,1.97,0.12,-0.12,0,102.953,0.777,-0.766
K2-127 b,K2-127,Transit,2017,0,3.588163,0.000028,-0.000029,0,8.37,0.33,-0.33,0,709.999,20.526,-19.423
K2-128 b,K2-128,Transit,2017,0,5.675819,0.000411,-0.000414,0,1.42,0.16,-0.13,0,114.637,0.93,-0.915
K2-129 b,K2-129,Transit,2017,0,8.239493,0.000292,-0.000291,0,1.04,0.1,-0.09,0,27.7957,0.0746,-0.0742
K2-13 b,K2-13,Transit,2015,0,39.91488,0.32477,-0.32477,0,1.89,0.95,-0.95,0,342.394,4.436,-4.326
K2-130 b,K2-130,Transit,2017,0,2.49412,0.000132,-0.000128,0,1.25,0.2,-0.14,0,118.011,0.519,-0.514
K2-131 b,K2-131,Transit,2017,0,0.3693038,0.0000091,-0.0000091,0,1.69,0.085,-0.058,0,152.509,1.079,-1.063
K2-132 b,K2-132,Transit,2017,0,9.1751,0.0023,-0.0027,0,14.5717,0.78463,-0.78463,0,609.818,17.942,-16.962
K2-133 b,K2-133,Transit,2017,0,3.07133,0.00011,-0.00011,0,1.34,0.077,-0.076,0,75.1703,0.2012,-0.2012
K2-133 c,K2-133,Transit,2017,0,4.86784,0.00012,-0.00012,0,1.603,0.09,-0.088,0,75.1703,0.2012,-0.2012
K2-133 d,K2-133,Transit,2017,0,11.02454,0.00036,-0.00035,0,2.003,0.107,-0.107,0,75.1703,0.2012,-0.2012
K2-133 e,K2-133,Transit,2019,0,26.5841,0.0018,-0.0017,0,1.73,0.14,-0.13,0,75.1703,0.2012,-0.2012
K2-136 b,K2-136,Transit,2017,0,7.97525,0.00073,-0.00073,0,1.014,0.05,-0.049,0,59.2474,0.1877,-0.1865
K2-136 c,K2-136,Transit,2017,0,17.30723,0.00019,-0.0002,0,3,0.13,-0.13,0,59.2474,0.1877,-0.1865
K2-136 d,K2-136,Transit,2017,0,25.575,0.0022,-0.0021,0,1.565,0.077,-0.076,0,59.2474,0.1877,-0.1865
K2-137 b,K2-137,Transit,2017,0,0.179719,0.000028,-0.000028,0,0.64,0.1,-0.1,0,98.8765,0.6176,-0.6101
K2-138 b,K2-138,Transit,2017,0,2.35309,0.00022,-0.00022,0,1.51,0.11,-0.084,0,202.585,2.028,-1.989
K2-138 c,K2-138,Transit,2017,0,3.56004,0.00012,-0.00011,0,2.299,0.12,-0.087,0,202.585,2.028,-1.989
K2-138 d,K2-138,Transit,2017,0,5.40479,0.00021,-0.00021,0,2.39,0.104,-0.084,0,202.585,2.028,-1.989
K2-138 e,K2-138,Transit,2017,0,8.26146,0.00021,-0.00022,0,3.39,0.156,-0.11,0,202.585,2.028,-1.989
K2-138 f,K2-138,Transit,2017,0,12.75758,0.0005,-0.00048,0,2.904,0.164,-0.111,0,202.585,2.028,-1.989
K2-138 g,K2-138,Transit,2021,0,41.96797,0.00843,-0.00725,0,3.013,0.303,-0.251,0,202.585,2.028,-1.989
K2-139 b,K2-139,Transit,2017,0,28.380619,0.000551,-0.000528,0,9.11,0.17,-0.17,0,153.856,0.932,-0.921
K2-14 b,K2-14,Transit,2015,0,8.36802,0.00019,-0.00019,0,4.81,0.42,-0.42,0,364.048,8.099,-8.099
K2-140 b,K2-140,Transit,2017,0,6.569188,0.000031,-0.000031,0,13.56286665,1.00880826,-1.00880826,0,347.917,8.287,-7.917
K2-141 b,K2-141,Transit,2018,0,0.2803244,0.0000015,-0.0000015,0,1.51,0.05,-0.05,0,61.8736,0.1662,-0.1654
K2-141 c,K2-141,Transit,2018,0,7.7485,0.00022,-0.00022,0,7,4.6,-2.8,0,61.8736,0.1662,-0.1654
K2-146 b,K2-146,Transit,2018,0,2.6446,0.00006,-0.00006,0,2.05,0.06,-0.06,0,79.3002,0.478,-0.4723
K2-146 c,K2-146,Transit,2019,0,4.00498,0.00011,-0.00011,0,2.19,0.07,-0.07,0,79.3002,0.478,-0.4723
K2-147 b,K2-147,Transit,2018,0,0.961939,0.000029,-0.000029,0,1.47286006,0.11096891,-0.09863903,0,90.5494,0.2767,-0.275
K2-148 b,K2-148,Transit,2018,0,4.38395,0.0008,-0.0008,0,1.33,0.19,-0.18,0,124.458,0.626,-0.619
K2-148 c,K2-148,Transit,2018,0,6.9226,0.0007,-0.0007,0,1.73,0.24,-0.21,0,124.458,0.626,-0.619
K2-148 d,K2-148,Transit,2018,0,9.7579,0.001,-0.001,0,1.64,0.24,-0.21,0,124.458,0.626,-0.619
K2-149 b,K2-149,Transit,2018,0,11.332,0.0013,-0.0013,0,1.64,0.2,-0.18,0,123.676,0.543,-0.539
K2-15 b,K2-15,Transit,2015,0,11.8104,0.00204,-0.00204,0,2.48,0.3,-0.3,0,493.992,9.0765,-9.0765
K2-150 b,K2-150,Transit,2018,0,10.59357,0.00084,-0.00084,0,2,0.27,-0.21,0,102.483,0.802,-0.789
K2-151 b,K2-151,Transit,2018,0,3.835476,0.000266,-0.000256,0,1.49,0.08,-0.08,0,69.4798,0.1524,-0.1517
K2-152 b,K2-152,Transit,2018,0,32.6479,0.01141,-0.01483,0,2.29,0.25,-0.24,0,108.449,0.414,-0.411
K2-153 b,K2-153,Transit,2018,0,7.51574,0.00205,-0.0024,0,2,0.21,-0.18,0,143.125,0.915,-0.903
K2-154 b,K2-154,Transit,2018,0,3.67626,0.0003,-0.00031,0,1.99,0.21,-0.11,0,129.356,0.445,-0.445
K2-154 c,K2-154,Transit,2018,0,7.95486,0.00084,-0.00085,0,2.07,0.18,-0.13,0,129.356,0.445,-0.445
K2-155 b,K2-155,Transit,2018,0,6.342,0.002,-0.002,0,1.8,0.2,-0.1,0,72.7998,0.2864,-0.2841
K2-155 c,K2-155,Transit,2018,0,13.85,0.006,-0.006,0,2.6,0.7,-0.2,0,72.7998,0.2864,-0.2841
K2-155 d,K2-155,Transit,2018,0,40.718,0.005,-0.005,0,1.9,0.7,-0.2,0,72.7998,0.2864,-0.2841
K2-156 b,K2-156,Transit,2018,0,0.813143,0.000077,-0.000077,0,1.1,0.09,-0.06,0,150.21,1.085,-1.069
K2-157 b,K2-157,Transit,2018,0,0.3652575,0.0000078,-0.0000088,0,0.935,0.09,-0.09,0,298.373,4.59,-4.455
K2-157 c,K2-157,Radial Velocity,2025,0,25.942,0.045,-0.044,0,6.08,,,0,298.373,4.59,-4.455
K2-157 d,K2-157,Radial Velocity,2025,0,66.5,0.71,-0.59,0,5.16,,,0,298.373,4.59,-4.455
K2-158 b,K2-158,Transit,2018,0,10.06049,0.00134,-0.00148,0,2.64,0.16,-0.1,0,197.299,2.061,-2.02
K2-158 c,K2-158,Transit,2018,0,5.90279,0.00191,-0.00233,0,1.28,0.13,-0.1,0,197.299,2.061,-2.02
K2-159 b,K2-159,Transit,2018,0,12.42205,0.0018,-0.00182,0,2.26,0.17,-0.11,0,170.998,1.424,-1.402
K2-16 b,K2-16,Transit,2015,0,7.6188,0.00087,-0.00087,0,2.02,0.24,-0.24,0,334.967,4.1785,-4.1785
K2-16 c,K2-16,Transit,2015,0,19.07863,0.00327,-0.00327,0,2.54,1.12,-0.47,0,334.967,4.1785,-4.1785
K2-160 b,K2-160,Transit,2018,0,3.705871,0.000074,-0.000076,0,3.17824034,0.21418014,-0.1454733,0,315.363,4.512,-4.389
K2-161 b,K2-161,Transit,2018,0,9.283188,0.002052,-0.0023,0,6.11721229,1.63323815,-0.78261667,0,916.319,46.341,-46.341
K2-162 b,K2-162,Transit,2018,0,9.45889,0.00104,-0.00107,0,1.44,0.11,-0.07,0,124.433,0.617,-0.61
K2-163 b,K2-163,Transit,2018,0,6.673117,0.000316,-0.000303,0,2.46610713,0.25681072,-0.12408569,0,208.529,4.248,-4.084
K2-164 b,K2-164,Transit,2018,0,17.355066,0.004097,-0.003808,0,3.24925008,0.51526655,-0.41335659,0,375.67,7.713,-7.414
K2-165 b,K2-165,Transit,2018,0,2.354992,0.000246,-0.000261,0,1.27443657,0.14459836,-0.09720175,0,134.591,1.2,-1.178
K2-165 c,K2-165,Transit,2018,0,4.382745,0.000514,-0.000536,0,1.55409035,0.20925649,-0.11010438,0,134.591,1.2,-1.178
K2-165 d,K2-165,Transit,2018,0,14.101361,0.001146,-0.001065,0,2.64809498,0.25333143,-0.14795979,0,134.591,1.2,-1.178
K2-166 b,K2-166,Transit,2018,0,8.52695,0.00362,-0.0037,0,2.19,0.2,-0.19,0,476.882,9.692,-9.321
K2-167 b,K2-167,Transit,2018,0,9.978541,0.000023,-0.000019,0,2.36509493,0.21297063,-0.14571675,0,80.8994,0.4731,-0.4677
K2-168 b,K2-168,Transit,2018,0,15.8523,0.0025,-0.0012,0,1.86,0.24,-0.11,0,243.935,4.239,-4.099
K2-169 b,K2-169,Transit,2018,0,6.380803,0.000778,-0.000699,0,1.27328671,0.10733117,-0.07695112,0,235.867,4.698,-4.522
K2-17 b,K2-17,Transit,2015,0,17.96753,0.00152,-0.00152,0,2.23,0.2,-0.2,0,125.106,0.663,-0.657
K2-170 b,K2-170,Transit,2018,0,7.576544,0.001841,-0.00169,0,1.41817537,0.20164964,-0.13107037,0,392.872,6.502,-6.298
K2-170 c,K2-170,Transit,2018,0,12.400047,0.001735,-0.001883,0,1.8017647,0.24523316,-0.15822636,0,392.872,6.502,-6.298
K2-171 b,K2-171,Transit,2018,0,5.628466,0.001731,-0.001519,0,2.68657205,0.40023833,-0.33153947,0,606.128,18.747,-17.673
K2-172 b,K2-172,Transit,2018,0,14.316941,0.001445,-0.001411,0,1.66608079,0.15959489,-0.09523043,0,249.742,2.942,-2.876
K2-172 c,K2-172,Transit,2018,0,29.62682,0.001555,-0.001607,0,3.20569097,0.18890159,-0.13911768,0,249.742,2.942,-2.876
K2-173 b,K2-173,Transit,2018,0,5.868699,0.000446,-0.000408,0,1.60826194,0.15968465,-0.10547102,0,228.641,1.956,-1.923
K2-174 b,K2-174,Transit,2018,0,19.562307,0.000078,-0.000076,0,2.6,0.1,-0.1,0,99.9293,0.3607,-0.3581
K2-175 b,K2-175,Transit,2018,0,9.525988,0.001241,-0.00128,0,2.03803688,0.35536293,-0.27066826,0,247.266,2.805,-2.744
K2-176 b,K2-176,Transit,2018,0,5.329439,0.00061,-0.000709,0,1.49090097,0.12341971,-0.09253438,0,247.302,3.676,-3.572
K2-177 b,K2-177,Transit,2018,0,14.155185,0.00315,-0.002965,0,2.1162048,0.28262597,-0.15917785,0,492.167,12.88,-12.25
K2-178 b,K2-178,Transit,2018,0,8.747818,0.000363,-0.000358,0,3.55790985,0.20414388,-0.13806599,0,214.753,1.838,-1.808
K2-179 b,K2-179,Transit,2018,0,5.172191,0.000201,-0.000202,0,2.51267885,0.16431084,-0.12074766,0,190.81,2.126,-2.08
K2-18 b,K2-18,Transit,2015,0,32.939623,0.000095,-0.0001,0,2.37,0.22,-0.22,0,38.0266,0.07955,-0.07955
K2-18 c,K2-18,Radial Velocity,2017,1,8.962,0.008,-0.008,0,2.65,,,0,38.0266,0.07955,-0.07955
K2-180 b,K2-180,Transit,2018,0,8.865663,0.000011,-0.00001,0,2.46597575,0.10984801,-0.09639723,0,203.896,1.742,-1.712
K2-181 b,K2-181,Transit,2018,0,6.8941,0.00043,-0.00043,0,2.69,0.21,-0.09,0,360.911,5.351,-5.201
K2-182 b,K2-182,Transit,2018,0,4.7369696,0.0000017,-0.0000017,0,2.71257333,0.11096891,-0.09079274,0,154.83,1.256,-1.236
K2-183 b,K2-183,Transit,2018,0,0.469285,0.000064,-0.000064,0,1.1,0.1,-0.08,0,329.041,4.293,-4.185
K2-183 c,K2-183,Transit,2018,0,10.787992,0.00033,-0.00033,0,2.3,0.2,-0.1,0,329.041,4.293,-4.185
K2-183 d,K2-183,Transit,2018,0,22.620344,0.000067,-0.000067,0,2.3,0.2,-0.2,0,329.041,4.293,-4.185
K2-184 b,K2-184,Transit,2018,0,16.9780102,0.0000237,-0.0000242,0,1.47,0.11,-0.05,0,75.5857,0.3346,-0.3318
K2-185 b,K2-185,Transit,2018,0,10.616384,0.000069,-0.000074,0,1.15,0.07,-0.07,0,268.357,3.298,-3.22
K2-185 c,K2-185,Transit,2018,0,52.713494,0.000155,-0.000164,0,2.39,0.09,-0.09,0,268.357,3.298,-3.22
K2-186 b,K2-186,Transit,2018,0,41.474219,0.003288,-0.004316,0,3.17207779,0.26358217,-0.1628819,0,330.739,5.444,-5.274
K2-187 b,K2-187,Transit,2018,0,0.77401,0.000083,-0.000083,0,1.2,0.2,-0.2,0,330.916,5.727,-5.539
K2-187 c,K2-187,Transit,2018,0,2.871512,0.00012,-0.00012,0,1.4,0.2,-0.2,0,330.916,5.727,-5.539
K2-187 d,K2-187,Transit,2018,0,7.149584,0.00012,-0.00012,0,2.4,0.3,-0.3,0,330.916,5.727,-5.539
K2-187 e,K2-187,Transit,2018,0,13.606629,0.0000036,-0.0000036,0,1.9,0.3,-0.3,0,330.916,5.727,-5.539
K2-188 b,K2-188,Transit,2018,0,1.742169,0.000457,-0.000365,0,1.35,0.11,-0.11,0,446.821,8.707,-8.385
K2-188 c,K2-188,Transit,2018,0,7.810253,0.000846,-0.000844,0,2.83,0.15,-0.15,0,446.821,8.707,-8.385
K2-189 b,K2-189,Transit,2018,0,2.58812,0.00011,-0.00011,0,1.403,0.079,-0.043,0,242.113,1.94,-1.91
K2-189 c,K2-189,Transit,2018,0,6.67932,0.00021,-0.00021,0,2.31,0.14,-0.05,0,242.113,1.94,-1.91
K2-19 b,K2-19,Transit,2015,0,7.9193,0.0003,-0.0002,0,7,0.2,-0.2,0,289.827,5.68,-5.469
K2-19 c,K2-19,Transit,2015,0,11.906,0.0012,-0.0018,0,4.1,0.2,-0.2,0,289.827,5.68,-5.469
K2-19 d,K2-19,Transit,2016,0,2.50827,0.00027,-0.00014,0,1.044,0.064,-0.064,0,289.827,5.68,-5.469
K2-190 b,K2-190,Transit,2018,0,10.098858,0.000619,-0.000643,0,1.35673729,0.17627893,-0.1018145,0,160.679,1.15,-1.135
K2-190 c,K2-190,Transit,2018,0,21.574023,0.00573,-0.004302,0,1.09308317,0.15187251,-0.09223049,0,160.679,1.15,-1.135
K2-191 b,K2-191,Transit,2018,0,2.858646,0.000172,-0.000176,0,1.57889322,0.26523273,-0.13201754,0,287.188,2.387,-2.348
K2-192 b,K2-192,Transit,2018,0,4.162817,0.000432,-0.000447,0,1.52,0.13,-0.13,0,221.753,1.818,-1.788
K2-193 b,K2-193,Transit,2018,0,14.786889,0.000803,-0.00081,0,3.95,0.12,-0.12,0,411.923,3.646,-3.583
K2-194 b,K2-194,Transit,2018,0,39.721386,0.005704,-0.005555,0,3.64229858,0.61766974,-0.50000005,0,629.51,18.604,-17.584
K2-195 b,K2-195,Transit,2018,0,15.852975,0.001201,-0.001168,0,3.13,0.12,-0.12,0,315.014,4.204,-4.096
K2-195 c,K2-195,Transit,2018,0,28.482786,0.006439,-0.00731,0,2.57581891,0.27157754,-0.14909276,0,315.014,4.204,-4.096
K2-196 b,K2-196,Transit,2018,0,48.324222,0.008457,-0.008716,0,3.59970536,0.60292183,-0.50268801,0,584.877,22.597,-21.003
K2-197 b,K2-197,Transit,2018,0,8.357881,0.00071,-0.000686,0,2.56,0.16,-0.16,0,247.637,2.393,-2.349
K2-198 b,K2-198,Transit,2018,0,17.0428683,0.0000071,-0.0000035,0,4.189,0.228,-0.098,0,110.567,0.874,-0.86
K2-198 c,K2-198,Transit,2019,0,3.3596055,0.000004,-0.0000021,0,1.423,0.081,-0.036,0,110.567,0.874,-0.86
K2-198 d,K2-198,Transit,2019,0,7.4500177,0.0000052,-0.0000026,0,2.438,0.13,-0.056,0,110.567,0.874,-0.86
K2-199 b,K2-199,Transit,2018,0,3.2253993,0.0000024,-0.0000024,0,1.73,0.05,-0.04,0,107.518,0.602,-0.596
K2-199 c,K2-199,Transit,2018,0,7.3744897,0.0000037,-0.0000037,0,2.85,0.1,-0.09,0,107.518,0.602,-0.596
K2-200 b,K2-200,Transit,2018,0,2.849883,0.000188,-0.00018,0,1.3643987,0.143471,-0.10540256,0,184.131,1.875,-1.839
K2-201 b,K2-201,Transit,2018,0,1.05979,0.000043,-0.000044,0,1.40006712,0.13501309,-0.0774973,0,197.932,1.675,-1.647
K2-201 c,K2-201,Transit,2018,0,22.779878,0.001957,-0.001947,0,3.28568401,0.39804812,-0.18385433,0,197.932,1.675,-1.647
K2-2016-BLG-0005L b,K2-2016-BLG-0005L,Microlensing,2023,0,4700,3000,-700,0,13.7,,,0,5200,240,-240
K2-202 b,K2-202,Transit,2018,0,3.405164,0.000126,-0.000121,0,2.30165603,0.18443149,-0.12920215,0,300.397,2.651,-2.606
K2-203 b,K2-203,Transit,2018,0,9.6952,0.0014,-0.0014,0,1.26549392,0.10200172,-0.07958376,0,166.147,1.572,-1.543
K2-204 b,K2-204,Transit,2018,0,7.055908,0.000058,-0.000074,0,3.17214154,0.17934369,-0.15692573,0,577.235,17.823,-16.805
K2-205 b,K2-205,Transit,2018,0,26.672263,0.00416,-0.003676,0,1.99552771,0.26954694,-0.23149515,0,405.301,9.162,-8.773
K2-206 b,K2-206,Transit,2018,0,18.294549,0.001728,-0.001599,0,2.79522879,0.22325706,-0.15450847,0,244.443,3.114,-3.039
K2-207 b,K2-207,Transit,2018,0,12.48749,0.001208,-0.001162,0,2.60585269,0.36979751,-0.20931396,0,363.064,5.626,-5.46
K2-208 b,K2-208,Transit,2018,0,4.19097,0.00023,-0.00023,0,1.67462172,0.12329879,-0.09191364,0,256.887,3.221,-3.144
K2-209 b,K2-209,Transit,2018,0,2.080615,0.000134,-0.00013,0,0.86850263,0.10481089,-0.06222638,0,76.4986,0.3054,-0.3031
K2-21 b,K2-21,Transit,2015,0,9.325038,0.000379,-0.000403,0,1.84,0.1,-0.1,0,83.6448,0.2665,-0.2649
K2-21 c,K2-21,Transit,2015,0,15.50192,0.000918,-0.000928,0,2.49,0.17,-0.19,0,83.6448,0.2665,-0.2649
K2-210 b,K2-210,Transit,2018,0,0.57023,0.000032,-0.000032,0,0.86,0.2,-0.2,0,176.51,1.858,-1.819
K2-211 b,K2-211,Transit,2018,0,0.669561,0.000031,-0.000032,0,1.33162691,0.08743005,-0.07173748,0,272.297,4.179,-4.057
K2-212 b,K2-212,Transit,2018,0,9.795647,0.000021,-0.000021,0,2.65,0.2,-0.18,0,109.218,0.931,-0.916
K2-213 b,K2-213,Transit,2018,0,8.13087,0.001771,-0.001799,0,1.51398464,0.29814572,-0.20976135,0,389.702,6.94,-6.704
K2-214 b,K2-214,Transit,2018,0,8.59656,0.00051,-0.00051,0,2.51,0.14,-0.07,0,300.64,4.186,-4.075
K2-215 b,K2-215,Transit,2018,0,8.269648,0.000467,-0.000456,0,2.12381238,0.25911151,-0.15791736,0,403.964,6.434,-6.24
K2-216 b,K2-216,Transit,2018,0,2.1748,0.00005,-0.00005,0,1.75,0.17,-0.1,0,115.461,0.71,-0.701
K2-217 b,K2-217,Transit,2018,0,14.074524,0.000994,-0.000938,0,3.57854073,0.69817052,-0.48514712,0,381.878,7.649,-7.36
K2-218 b,K2-218,Transit,2018,0,8.679885,0.000417,-0.00043,0,2.56948149,0.27525709,-0.15204146,0,394.083,10.017,-9.541
K2-219 b,K2-219,Transit,2018,0,3.901287,0.00066,-0.000677,0,1.34762583,0.20196772,-0.1810607,0,325.4,4.842,-4.705
K2-219 c,K2-219,Transit,2018,0,6.66767,0.001283,-0.001569,0,1.43839723,0.21399624,-0.19150365,0,325.4,4.842,-4.705
K2-219 d,K2-219,Transit,2018,0,11.137278,0.000808,-0.000786,0,2.57634456,0.35702762,-0.3230924,0,325.4,4.842,-4.705
K2-22 b,K2-22,Transit,2015,0,0.381073,0.000024,-0.000024,0,2.3,0.1,-0.1,0,243.836,2.7975,-2.7975
K2-220 b,K2-220,Transit,2018,0,13.68186,0.00095,-0.00095,0,2.37,0.14,-0.07,0,233.514,2.757,-2.695
K2-221 b,K2-221,Transit,2018,0,2.399094,0.000125,-0.000118,0,1.67890272,0.1668616,-0.09566216,0,318.81,6.763,-6.493
K2-222 b,K2-222,Transit,2018,0,15.3889274,0.0000099,-0.000011,0,2.275,0.1,-0.1,0,101.321,0.632,-0.625
K2-223 b,K2-223,Transit,2018,0,0.50557,0.000088,-0.000088,0,0.89,0.1,-0.09,0,198.604,2.567,-2.503
K2-223 c,K2-223,Transit,2018,0,4.562546,0.00014,-0.00014,0,1.5,0.1,-0.1,0,198.604,2.567,-2.503
K2-224 b,K2-224,Transit,2018,0,4.47904,0.00116,-0.00132,0,1.56,0.16,-0.14,0,275.255,2.935,-2.874
K2-224 c,K2-224,Transit,2018,0,10.09489,0.00119,-0.00114,0,2.41,0.16,-0.12,0,275.255,2.935,-2.874
K2-225 b,K2-225,Transit,2018,0,15.8723,0.0021,-0.0019,0,3.60929179,0.28022452,-0.22417961,0,357.778,5.896,-5.711
K2-226 b,K2-226,Transit,2018,0,3.27109,0.00036,-0.00039,0,1.53899305,0.10312262,-0.08630915,0,211.265,3.379,-3.275
K2-227 b,K2-227,Transit,2018,0,13.621832,0.003188,-0.003268,0,1.66551298,1.22117412,-0.17927703,0,187.234,2.056,-2.013
K2-228 b,K2-228,Transit,2018,0,2.69828,0.00022,-0.00022,0,1.21,0.1,-0.06,0,129.46,4.091,-3.852
K2-229 b,K2-229,Transit,2018,0,0.584216,0.000022,-0.000022,0,1,0.02,-0.02,0,102.564,1.093,-1.07
K2-229 c,K2-229,Transit,2018,0,8.32727,0.00041,-0.00043,0,2.03,0.12,-0.06,0,102.564,1.093,-1.07
K2-230 b,K2-230,Transit,2018,0,2.86041,0.00061,-0.00061,0,1.96,0.18,-0.16,0,540.773,14.321,-13.613
K2-231 b,K2-231,Transit,2018,0,13.841901,0.001352,-0.001352,0,2.5,0.2,-0.2,0,321.215,4.198,-4.093
K2-232 b,K2-232,Transit,2018,0,11.168454,0.000023,-0.000023,0,11.209,0.246598,-0.22418,0,130.72,0.768,-0.759
K2-233 b,K2-233,Transit,2018,0,2.467583,0.000062,-0.000067,0,1.315,0.036,-0.036,0,67.5062,0.2799,-0.2775
K2-233 c,K2-233,Transit,2018,0,7.06024,0.00044,-0.00043,0,1.272,0.038,-0.038,0,67.5062,0.2799,-0.2775
K2-233 d,K2-233,Transit,2018,0,24.3681,0.0013,-0.0014,0,2.363,0.062,-0.062,0,67.5062,0.2799,-0.2775
K2-237 b,K2-237,Transit,2018,0,2.18053332,0.00000054,-0.00000054,0,16.06246934,0.62770292,-0.54924005,0,314.995,7.221,-6.91
K2-238 b,K2-238,Transit,2018,0,3.20466,0.00003,-0.00003,0,14.5717,1.68135,-1.56926,0,537.963,,
K2-239 b,K2-239,Transit,2018,0,5.24,0.001,-0.001,0,1.1,0.1,-0.1,0,31.0849,0.0831,-0.0826
K2-239 c,K2-239,Transit,2018,0,7.775,0.001,-0.001,0,1,0.1,-0.1,0,31.0849,0.0831,-0.0826
K2-239 d,K2-239,Transit,2018,0,10.115,0.001,-0.001,0,1.1,0.1,-0.1,0,31.0849,0.0831,-0.0826
K2-24 b,K2-24,Transit,2016,0,20.8895961,0.0000096,-0.0000096,0,5.638,0.065,-0.061,0,170.562,1.36,-1.338
K2-24 c,K2-24,Transit,2016,0,42.34732,0.00018,-0.00018,0,7.93,0.12,-0.13,0,170.562,1.36,-1.338
K2-240 b,K2-240,Transit,2018,0,6.034,0.001,-0.001,0,2,0.2,-0.1,0,72.9105,0.52255,-0.52255
K2-240 c,K2-240,Transit,2018,0,20.523,0.001,-0.001,0,1.8,0.3,-0.1,0,72.9105,0.52255,-0.52255
K2-241 b,K2-241,Transit,2018,0,26.8199,0.00245,-0.00247,0,2.55,0.18,-0.1,0,149.464,1.094,-1.078
K2-242 b,K2-242,Transit,2018,0,6.51389,0.00082,-0.00083,0,2.54,0.21,-0.19,0,109.237,0.625,-0.617
K2-243 b,K2-243,Transit,2018,0,11.54182,0.00272,-0.00221,0,2.17,0.14,-0.12,0,266.864,3.516,-3.428
K2-243 c,K2-243,Transit,2018,0,24.94598,0.00491,-0.00561,0,2.01,0.15,-0.13,0,266.864,3.516,-3.428
K2-244 b,K2-244,Transit,2018,0,21.06884,0.0032,-0.00325,0,1.75,0.13,-0.1,0,212.902,2.422,-2.369
K2-245 b,K2-245,Transit,2018,0,11.89307,0.00065,-0.00063,0,4.34,0.19,-0.14,0,456.064,8.713,-8.398
K2-246 b,K2-246,Transit,2018,0,5.76918,0.00081,-0.00082,0,3.49,0.25,-0.21,0,703.616,26.4825,-26.4825
K2-247 b,K2-247,Transit,2018,0,2.25021,0.00033,-0.00036,0,2.12,0.19,-0.16,0,258.113,2.049,-2.017
K2-247 c,K2-247,Transit,2018,0,6.49424,0.0026,-0.00251,0,2.19,0.25,-0.23,0,258.113,2.049,-2.017
K2-248 b,K2-248,Transit,2018,0,7.17256,0.00148,-0.00142,0,2.57,0.2,-0.14,0,406.254,4.991,-4.874
K2-249 b,K2-249,Transit,2018,0,12.409,0.00337,-0.00284,0,2.79,0.27,-0.22,0,521.716,16.917,-15.903
K2-25 b,K2-25,Transit,2015,0,3.48456408,0.0000006,-0.0000005,0,3.44,0.12,-0.12,0,44.9565,0.1664,-0.1653
K2-250 b,K2-250,Transit,2018,0,4.01392,0.00029,-0.00029,0,2.71257333,0.17934369,-0.13450777,0,414.708,6.352,-6.166
K2-251 b,K2-251,Transit,2018,0,9.30075,0.00332,-0.00321,0,2.35,0.26,-0.21,0,147.03,1.042,-1.028
K2-252 b,K2-252,Transit,2018,0,13.81513,0.00461,-0.00448,0,1.74,0.17,-0.12,0,228.839,2.083,-2.047
K2-253 b,K2-253,Transit,2018,0,4.00167,0.00013,-0.00013,0,12.67,0.69,-0.61,0,876.565,28.779,-27.037
K2-254 b,K2-254,Transit,2018,0,4.09639,0.00081,-0.00079,0,1.63,0.28,-0.24,0,227.775,1.296,-1.281
K2-254 c,K2-254,Transit,2018,0,12.11839,0.00303,-0.00321,0,2.19,0.24,-0.18,0,227.775,1.296,-1.281
K2-255 b,K2-255,Transit,2018,0,1.96417,0.00004,-0.00004,0,2.9,0.28,-0.11,0,191.608,1.538,-1.515
K2-257 b,K2-257,Transit,2018,0,1.60588,0.00014,-0.00013,0,0.83,0.06,-0.05,0,64.0065,0.2577,-0.2577
K2-258 b,K2-258,Transit,2018,0,19.0921,0.00576,-0.00633,0,3,0.21,-0.2,0,661.873,11.218,-10.856
K2-259 b,K2-259,Transit,2018,0,15.48043,0.00332,-0.00392,0,2.32,0.2,-0.17,0,416.457,8.192,-7.888
K2-26 b,K2-26,Transit,2016,0,14.5665,0.0016,-0.002,0,2.67,0.46,-0.42,0,99.0504,0.5153,-0.5102
K2-260 b,K2-260,Transit,2018,0,2.62669762,0.00000066,-0.00000066,0,18.41635529,0.65012088,-0.81825559,0,663.834,19.395,-18.342
K2-261 b,K2-261,Transit,2018,0,11.6334681,0.0000044,-0.0000044,0,9.26982704,0.36989636,-0.33626942,0,213.283,1.975,-1.941
K2-263 b,K2-263,Transit,2018,0,50.819172,0.000066,-0.000068,0,2.513,0.11,-0.095,0,162.481,1.38,-1.357
K2-264 b,K2-264,Transit,2018,0,5.840002,0.000676,-0.000602,0,2.231,0.151,-0.145,0,185.605,2.122,-2.075
K2-264 c,K2-264,Transit,2018,0,19.660302,0.003496,-0.003337,0,2.668,0.201,-0.194,0,185.605,2.122,-2.075
K2-265 b,K2-265,Transit,2018,0,2.36902,0.000058,-0.000059,0,1.70824866,0.11208981,-0.08070466,0,138.671,0.985,-0.97
K2-266 b,K2-266,Transit,2018,0,0.658524,0.000017,-0.000017,0,3.3,1.8,-1.3,0,77.5586,0.3581,-0.3549
K2-266 c,K2-266,Transit,2018,0,7.814,0.0019,-0.0016,0,0.705,0.096,-0.085,0,77.5586,0.3581,-0.3549
K2-266 d,K2-266,Transit,2018,0,14.697,0.00034,-0.00035,0,2.93,0.14,-0.12,0,77.5586,0.3581,-0.3549
K2-266 e,K2-266,Transit,2018,0,19.482,0.0012,-0.0012,0,2.73,0.14,-0.11,0,77.5586,0.3581,-0.3549
K2-268 b,K2-268,Transit,2018,0,2.151676,0.000005,-0.000006,0,1.5,0.12,-0.07,0,327.783,3.236,-3.175
K2-268 c,K2-268,Transit,2018,0,9.327527,0.000021,-0.00002,0,2.69,0.77,-0.21,0,327.783,3.236,-3.175
K2-268 d,K2-268,Transit,2021,0,4.528598,0.000016,-0.000015,0,1.49,0.14,-0.07,0,327.783,3.236,-3.175
K2-268 e,K2-268,Transit,2021,0,6.131243,0.000032,-0.000033,0,1.33,0.11,-0.08,0,327.783,3.236,-3.175
K2-268 f,K2-268,Transit,2021,0,26.27057,0.000105,-0.000109,0,2.23,0.15,-0.09,0,327.783,3.236,-3.175
K2-269 b,K2-269,Transit,2018,0,4.144965,0.000817,-0.000619,0,1.57,0.12,-0.12,0,360.76,15.805,-14.554
K2-27 b,K2-27,Transit,2016,0,6.771347,0.000059,-0.000059,0,4.74,0.13,-0.06,0,249.645,2.489,-2.441
K2-270 b,K2-270,Transit,2018,0,1.543069,0.000189,-0.000185,0,1.38,0.11,-0.11,0,280.518,2.385,-2.346
K2-270 c,K2-270,Transit,2018,0,4.400028,0.000169,-0.000178,0,2.95,0.16,-0.16,0,280.518,2.385,-2.346
K2-271 b,K2-271,Transit,2018,0,8.562421,0.000127,-0.000127,0,7.28,0.23,-0.23,0,564.454,13.7,-13.7
K2-272 b,K2-272,Transit,2018,0,14.4536756,0.0000243,-0.000024,0,3.13,0.38,-0.21,0,423.065,5.393,-5.393
K2-273 b,K2-273,Transit,2018,0,11.7195663,0.0000134,-0.0000135,0,3.05,0.23,-0.12,0,308.105,2.98,-2.923
K2-274 b,K2-274,Transit,2018,0,14.1330314,0.0000282,-0.0000282,0,2.08,0.12,-0.07,0,228.327,4.823,-4.631
K2-275 b,K2-275,Transit,2018,0,3.2809626,0.0000016,-0.0000016,0,2.34,0.25,-0.27,0,123.438,0.714,-0.706
K2-275 c,K2-275,Transit,2018,0,8.4388385,0.0000075,-0.0000067,0,2.21,0.08,-0.06,0,123.438,0.714,-0.706
K2-276 b,K2-276,Transit,2018,0,18.718269,0.003153,-0.003008,0,3.77,0.21,-0.21,0,488.152,7.654,-7.425
K2-277 b,K2-277,Transit,2018,0,6.326768,0.000015,-0.000012,0,2.18575124,0.20176165,-0.12329879,0,113.123,0.701,-0.691
K2-278 b,K2-278,Transit,2018,0,3.334966,0.000701,-0.000859,0,2.98,0.23,-0.23,0,786.439,16.395,-15.751
K2-279 b,K2-279,Transit,2018,0,7.122605,0.001647,-0.001601,0,1.21,0.14,-0.14,0,182.983,1.608,-1.579
K2-28 b,K2-28,Transit,2016,0,2.260455,0.000041,-0.000041,0,2.32,0.24,-0.24,0,62.9969,0.3212,-0.3181
K2-280 b,K2-280,Transit,2018,0,19.89526,0.00028,-0.00028,0,7.5,0.44,-0.44,0,391.537,7.494,-7.223
K2-281 b,K2-281,Transit,2018,0,8.687721,0.000151,-0.00015,0,8.18,0.21,-0.21,0,458.139,7.724,-7.724
K2-282 b,K2-282,Transit,2018,0,4.169783,0.000089,-0.000089,0,2.5,0.2,-0.1,0,496.289,7.902,-7.663
K2-283 b,K2-283,Transit,2018,0,1.921036,0.000051,-0.000053,0,3.52,0.16,-0.16,0,402.915,5.027,-4.907
K2-284 b,K2-284,Transit,2018,0,4.795069,0.000086,-0.000086,0,2.78,0.14,-0.12,0,107.272,0.502,-0.497
K2-285 b,K2-285,Transit,2018,0,3.471745,0.000044,-0.000046,0,2.59,0.06,-0.06,0,154.961,1.161,-1.144
K2-285 c,K2-285,Transit,2018,0,7.138048,0.000072,-0.000063,0,3.53,0.08,-0.08,0,154.961,1.161,-1.144
K2-285 d,K2-285,Transit,2018,0,10.45582,0.00025,-0.00023,0,2.48,0.06,-0.06,0,154.961,1.161,-1.144
K2-285 e,K2-285,Transit,2018,0,14.76289,0.00065,-0.00061,0,1.95,0.05,-0.05,0,154.961,1.161,-1.144
K2-286 b,K2-286,Transit,2018,0,27.359,0.005,-0.005,0,2.1,0.2,-0.2,0,76.1486,0.2364,-0.235
K2-287 b,K2-287,Transit,2018,0,14.893291,0.000025,-0.000025,0,9.494023,0.145717,-0.145717,0,158.335,1.297,-1.277
K2-288 B b,K2-288 B,Transit,2018,0,31.393463,0.000067,-0.000069,0,1.9,0.3,-0.3,0,65.6138,0.8821,-0.8594
K2-289 b,K2-289,Transit,2019,0,13.156969,0.000047,-0.000051,0,9.1,0.3,-0.3,0,274.3,2.093,-2.063
K2-29 b,K2-29,Transit,2016,0,3.2588321,0.0000019,-0.0000019,0,13.33871,0.22418,-0.22418,0,178.475,1.32,-1.301
K2-290 b,K2-290,Transit,2019,0,9.21165,0.00033,-0.00034,0,3.06,0.16,-0.16,0,272.909,3.824,-3.721
K2-290 c,K2-290,Transit,2019,0,48.36685,0.00041,-0.0004,0,11.276254,0.56045,-0.56045,0,272.909,3.824,-3.721
K2-291 b,K2-291,Transit,2019,0,2.225177,0.000066,-0.000068,0,1.589,0.095,-0.072,0,90.0562,0.4953,-0.49
K2-292 b,K2-292,Transit,2019,0,16.9841,0.0008,-0.0008,0,2.63,0.11,-0.1,0,114.293,0.825,-0.812
K2-293 b,K2-293,Transit,2019,0,13.1225,0.0011,-0.0012,0,2.45,0.35,-0.25,0,392.251,6.767,-6.546
K2-294 b,K2-294,Transit,2019,0,2.50387,0.00022,-0.00023,0,1.66,0.21,-0.19,0,373.078,6.197,-6.002
K2-295 b,K2-295,Transit,2018,0,4.024867,0.000015,-0.000015,0,10.054473,0.123299,-0.056045,0,232.801,1.835,-1.807
K2-3 b,K2-3,Transit,2015,0,10.0546535,0.0000088,-0.0000091,0,2.078,0.076,-0.067,0,44.0727,0.10815,-0.10815
K2-3 c,K2-3,Transit,2015,0,24.646729,0.000044,-0.000042,0,1.582,0.057,-0.051,0,44.0727,0.10815,-0.10815
K2-3 d,K2-3,Transit,2015,0,44.55603,0.00013,-0.00012,0,1.458,0.056,-0.051,0,44.0727,0.10815,-0.10815
K2-30 b,K2-30,Transit,2016,0,4.098503,0.000011,-0.000011,0,11.646151,0.56045,-0.571659,0,333.042,3.021,-2.968
K2-308 b,K2-308,Transit,2019,0,3.38628,0.00002,-0.00002,0,9.916,0.985,-0.985,0,1314.53,,
K2-31 b,K2-31,Transit,2016,0,1.25785,0.000002,-0.000002,0,11.88154,3.92315,-3.92315,0,110.527,0.72,-0.712
K2-312 c,HD 80653,Radial Velocity,2023,0,871.32,0.13,-0.13,0,12.8,,,0,109.86,0.811,-0.8
K2-315 b,K2-315,Transit,2020,0,3.1443189,0.0000049,-0.0000049,0,0.95,0.058,-0.058,0,56.9686,0.2632,-0.2608
K2-316 b,K2-316,Transit,2020,0,1.133,0.001,-0.001,0,1.33,0.1,-0.09,0,112.486,0.968,-0.952
K2-316 c,K2-316,Transit,2020,0,5.26,0.007,-0.007,0,1.83,0.13,-0.12,0,112.486,0.968,-0.952
K2-317 b,K2-317,Transit,2020,0,6.22,0.007,-0.007,0,2.93,0.19,-0.17,0,176.291,3.395,-3.271
K2-318 b,K2-318,Transit,2020,0,7.01,0.007,-0.007,0,1.66,0.13,-0.13,0,147.866,0.9905,-0.9905
K2-319 b,K2-319,Transit,2020,0,26.68,0.002,-0.003,0,2.79,0.11,-0.1,0,209.071,1.88,-1.847
K2-32 b,K2-32,Transit,2016,0,8.992,0.00008,-0.00008,0,5.299,0.191,-0.191,0,157.682,1.309,-1.288
K2-32 c,K2-32,Transit,2016,0,20.66093,0.0008,-0.00079,0,3.134,0.123,-0.102,0,157.682,1.309,-1.288
K2-32 d,K2-32,Transit,2016,0,31.71701,0.00101,-0.00096,0,3.484,0.112,-0.129,0,157.682,1.309,-1.288
K2-32 e,K2-32,Transit,2019,0,4.34934,0.00039,-0.00039,0,1.212,0.052,-0.046,0,157.682,1.309,-1.288
K2-320 b,K2-320,Transit,2020,0,1.995,0.001,-0.001,0,2.62,0.23,-0.15,0,108.74,1.057,-1.036
K2-321 b,K2-321,Transit,2020,0,2.2979749,0.0000017,-0.0000019,0,2.05124347,0.16813471,-0.13450777,0,77.6888,0.32415,-0.32415
K2-322 b,K2-322,Transit,2020,0,8.205,0.003,-0.003,0,1.92,0.29,-0.18,0,123.415,0.315,-0.315
K2-323 b,K2-323,Transit,2020,0,24.93,0.006,-0.006,0,2.1,0.09,-0.11,0,118.318,0.553,-0.548
K2-324 b,K2-324,Transit,2020,0,3.262,0.001,-0.001,0,2.43,0.15,-0.13,0,136.667,1.618,-1.581
K2-325 b,K2-325,Transit,2020,0,6.93,0.004,-0.003,0,2.2,0.14,-0.15,0,111.638,1.029,-1.011
K2-326 b,K2-326,Transit,2020,0,1.256,0.001,-0.002,0,2.28,0.18,-0.18,0,282.308,3.378,-3.301
K2-329 b,K2-329,Transit,2020,0,12.4551225,0.0000031,-0.0000031,0,8.675766,0.291434,-0.269016,0,233.237,2.293,-2.249
K2-33 b,K2-33,Transit,2016,0,5.424865,0.000035,-0.000031,0,5.04,0.34,-0.37,0,139.268,1.532,-1.499
K2-330 b,K2-330,Transit,2021,0,13.774798,0.000028,-0.000028,0,2.77,0.14,-0.09,0,160.125,1.517,-1.489
K2-331 b,K2-331,Transit,2021,0,9.398977,0.001506,-0.001348,0,1.79,0.14,-0.1,0,211.43,1.759,-1.731
K2-331 c,K2-331,Transit,2021,0,22.996591,0.001848,-0.001859,0,2.72,0.14,-0.1,0,211.43,1.759,-1.731
K2-332 b,K2-332,Transit,2021,0,17.70632,0.000063,-0.000063,0,2.2,0.19,-0.15,0,123.202,1.409,-1.379
K2-333 b,K2-333,Transit,2021,0,14.759287,0.000243,-0.00024,0,6.18,0.28,-0.25,0,343.99,5.233,-5.08
K2-334 b,K2-334,Transit,2021,0,5.113981,0.000061,-0.000062,0,5.65,0.36,-0.28,0,371.823,6.528,-6.31
K2-335 b,K2-335,Transit,2021,0,12.283211,0.000051,-0.000051,0,2.21,0.18,-0.14,0,557.993,17.633,-16.602
K2-336 b,K2-336,Transit,2021,0,21.194733,0.000108,-0.000107,0,1.22,0.09,-0.05,0,239.289,2.71,-2.652
K2-337 b,K2-337,Transit,2021,0,16.273563,0.000054,-0.000053,0,2.62,0.19,-0.14,0,421.636,10.783,-10.268
K2-338 b,K2-338,Transit,2021,0,3.850614,0.000012,-0.000012,0,1.03,0.11,-0.05,0,156.951,0.602,-0.597
K2-339 b,K2-339,Transit,2021,0,19.507428,0.000116,-0.000113,0,1.92,0.19,-0.12,0,360.36,5.236,-5.236
K2-34 b,K2-34,Transit,2016,0,2.9956348,0.0000002,-0.0000002,0,13.75,0.58,-0.59,0,348.646,6.323,-6.106
K2-340 b,K2-340,Transit,2021,0,29.740451,0.000169,-0.000161,0,3.36,0.44,-0.32,0,738.136,22.291,-21.043
K2-341 b,K2-341,Transit,2021,0,36.552551,0.000127,-0.000122,0,3.21,0.25,-0.19,0,421.408,7.437,-7.189
K2-342 b,K2-342,Transit,2021,0,11.561052,0.00069,-0.000668,0,2.03,0.13,-0.09,0,208.357,1.734,-1.706
K2-343 b,K2-343,Transit,2021,0,2.787174,0.000004,-0.000004,0,1.65,0.16,-0.08,0,166.169,1.047,-1.047
K2-343 c,K2-343,Transit,2021,0,7.676972,0.000012,-0.000012,0,2.02,0.1,-0.07,0,166.169,1.047,-1.047
K2-344 b,K2-344,Transit,2021,0,3.35585,0.000091,-0.000093,0,1.59,0.1,-0.05,0,75.1691,0.30675,-0.30675
K2-345 b,K2-345,Transit,2021,0,10.367437,0.00002,-0.000019,0,2.11,0.2,-0.09,0,162.408,0.893,-0.884
K2-346 b,K2-346,Transit,2021,0,26.201446,0.003331,-0.003124,0,2.26,0.19,-0.1,0,105.58,0.487,-0.482
K2-347 b,K2-347,Transit,2021,0,7.187257,0.00002,-0.000021,0,2.41,0.11,-0.1,0,320.336,3.955,-3.862
K2-348 b,K2-348,Transit,2021,0,4.688418,0.000119,-0.000117,0,3.26,0.22,-0.11,0,201.856,1.5,-1.479
K2-348 c,K2-348,Transit,2021,0,12.550171,0.001018,-0.001057,0,2.67,0.23,-0.11,0,201.856,1.5,-1.479
K2-349 b,K2-349,Transit,2021,0,9.032178,0.000874,-0.000874,0,1.38,0.1,-0.07,0,453.567,7.121,-6.907
K2-35 b,K2-35,Transit,2016,0,2.399964,0.000198,-0.000204,0,1.32,0.08,-0.08,0,252.596,2.4395,-2.4395
K2-35 c,K2-35,Transit,2016,0,5.608352,0.000335,-0.000338,0,1.93,0.13,-0.11,0,252.596,2.4395,-2.4395
K2-350 b,K2-350,Transit,2021,0,4.163873,0.000022,-0.000023,0,1.54,0.15,-0.11,0,489.368,6.016,-5.875
K2-350 c,K2-350,Transit,2016,0,19.991944,0.000123,-0.000194,0,2.74,0.25,-0.18,0,489.368,6.016,-5.875
K2-351 b,K2-351,Transit,2021,0,7.806164,0.000673,-0.000623,0,2.54,0.25,-0.19,0,694.734,15.57,-14.914
K2-352 b,K2-352,Transit,2021,0,3.665912,0.000273,-0.000295,0,1.37,0.1,-0.07,0,176.051,1.895,-1.855
K2-352 c,K2-352,Transit,2021,0,8.234885,0.000508,-0.000475,0,1.92,0.13,-0.07,0,176.051,1.895,-1.855
K2-352 d,K2-352,Transit,2021,0,14.871387,0.000916,-0.000936,0,2.23,0.13,-0.09,0,176.051,1.895,-1.855
K2-353 b,K2-353,Transit,2021,0,15.466805,0.000572,-0.000565,0,5.55,0.22,-0.2,0,268.515,3.729,-3.629
K2-354 b,K2-354,Transit,2021,0,3.793306,0.000324,-0.000343,0,1.56,0.08,-0.08,0,91.722,0.5223,-0.5164
K2-355 b,K2-355,Transit,2021,0,5.7385647,0.0013939,-0.0011048,0,2.25,0.22,-0.16,0,500.497,5.8405,-5.8405
K2-356 b,K2-356,Transit,2021,0,21.0267366,0.0036912,-0.0038993,0,2.29,0.15,-0.12,0,355.54,3.793,-3.714
K2-357 b,K2-357,Transit,2021,0,16.3488637,0.0013811,-0.0014022,0,3.72,0.23,-0.21,0,517.687,9.232,-8.92
K2-358 b,K2-358,Transit,2021,0,11.2510285,0.0018188,-0.0017892,0,2.68,0.17,-0.14,0,480.307,6.8425,-6.8425
K2-36 b,K2-36,Transit,2016,0,1.422614,0.000038,-0.000038,0,1.43,0.08,-0.08,0,109.749,0.615,-0.609
K2-36 c,K2-36,Transit,2016,0,5.340888,0.000086,-0.000086,0,3.2,0.3,-0.3,0,109.749,0.615,-0.609
K2-360 c,EPIC 201595106,Radial Velocity,2024,0,9.79692,0.02961,-0.02961,0,4.02,,,0,232.1,2.706,-2.646
K2-365 b,K2-365,Transit,2022,0,23.448172,0.000766,-0.000996,0,2.906,0.195,-0.176,0,187.222,1.492,-1.47
K2-366 b,K2-366,Transit,2022,0,15.937039,0.000796,-0.001144,0,2.359,0.187,-0.167,0,185.947,5.318,-5.035
K2-367 b,K2-367,Transit,2022,0,20.645099,0.000995,-0.001375,0,2.413,0.225,-0.196,0,176.965,0.946,-0.936
K2-368 b,K2-368,Transit,2022,0,5.025598,0.000287,-0.000342,0,1.332,0.107,-0.1,0,206.608,1.273,-1.258
K2-368 c,K2-368,Transit,2022,0,9.660186,0.001164,-0.001169,0,1.361,0.114,-0.106,0,206.608,1.273,-1.258
K2-368 d,K2-368,Transit,2022,0,20.201085,0.002354,-0.002736,0,1.948,0.152,-0.143,0,206.608,1.273,-1.258
K2-369 b,K2-369,Transit,2022,0,5.761612,0.000846,-0.000714,0,1.313,0.101,-0.095,0,185.55,1.833,-1.798
K2-37 b,K2-37,Transit,2016,0,4.4434,0.00032,-0.00032,0,1.39,0.1,-0.05,0,179.943,1.603,-1.575
K2-37 c,K2-37,Transit,2016,0,6.42966,0.00018,-0.00018,0,2.41,0.15,-0.06,0,179.943,1.603,-1.575
K2-37 d,K2-37,Transit,2016,0,14.09229,0.00055,-0.00055,0,2.31,0.21,-0.07,0,179.943,1.603,-1.575
K2-370 b,K2-370,Transit,2022,0,2.1408093,0.0000012,-0.0000012,0,2.67,0.05,-0.05,0,144.202,1.198,-1.179
K2-371 b,K2-371,Transit,2022,0,3.114905,0.000009,-0.000009,0,13.024,0.921,-0.868,0,442.813,6.909,-6.702
K2-372 b,K2-372,Transit,2022,0,9.844077,0.000565,-0.000575,0,2.945,0.077,-0.075,0,463.88,5.478,-5.354
K2-373 b,K2-373,Transit,2022,0,11.02066,0.001431,-0.001368,0,2.061,0.147,-0.14,0,229.567,2.114,-2.076
K2-374 b,K2-374,Transit,2022,0,4.521953,0.00032,-0.000409,0,1.593,0.061,-0.058,0,359.439,5.293,-5.144
K2-374 c,K2-374,Transit,2022,0,16.43445,0.002378,-0.002702,0,2.213,0.091,-0.086,0,359.439,5.293,-5.144
K2-375 b,K2-375,Transit,2022,0,14.453895,0.004773,-0.004175,0,2.243,0.186,-0.174,0,696.1,22.17,-20.865
K2-376 b,K2-376,Transit,2022,0,5.776475,0.000261,-0.000237,0,1.736,0.125,-0.119,0,161.61,1.332,-1.31
K2-377 b,K2-377,Transit,2022,0,12.832235,0.001554,-0.001616,0,1.693,0.146,-0.132,0,195.149,1.425,-1.406
K2-378 b,K2-378,Transit,2022,0,2.060438,0.000118,-0.000074,0,2.88,0.27,-0.23,0,687.973,19.924,-18.851
K2-379 b,K2-379,Transit,2022,0,8.777247,0.000625,-0.000611,0,2.181,0.363,-0.198,0,182.207,1.355,-1.336
K2-38 b,K2-38,Transit,2016,0,4.01593,0.0005,-0.0005,0,1.54,0.14,-0.14,0,192.69,2.669,-2.597
K2-38 c,K2-38,Transit,2016,0,10.56103,0.0009,-0.0009,0,2.29,0.26,-0.26,0,192.69,2.669,-2.597
K2-380 b,K2-380,Transit,2022,0,9.401312,0.000469,-0.000506,0,2.729,0.186,-0.176,0,249.303,2.941,-2.875
K2-381 b,K2-381,Transit,2022,0,7.9389334,0.000596,-0.000592,0,1.075,0.142,-0.104,0,145.701,1.082,-1.067
K2-381 c,K2-381,Transit,2022,0,16.034656,0.001844,-0.001572,0,2,0.184,-0.148,0,145.701,1.082,-1.067
K2-381 d,K2-381,Transit,2022,0,26.803023,0.002775,-0.003048,0,1.689,0.18,-0.139,0,145.701,1.082,-1.067
K2-382 b,K2-382,Transit,2022,0,21.700156,0.002021,-0.001915,0,2.072,0.152,-0.133,0,278.412,3.995,-3.886
K2-383 b,K2-383,Transit,2022,0,1.865962,0.000085,-0.000068,0,1.564,0.118,-0.106,0,203.788,2.404,-2.349
K2-384 b,K2-384,Transit,2022,0,2.231527,0.000194,-0.000325,0,1.076,0.232,-0.06,0,82.6603,0.7023,-0.6908
K2-384 c,K2-384,Transit,2022,0,4.194766,0.000309,-0.000189,0,1.191,0.053,-0.075,0,82.6603,0.7023,-0.6908
K2-384 d,K2-384,Transit,2022,0,6.679582,0.000719,-0.000498,0,1.392,0.118,-0.075,0,82.6603,0.7023,-0.6908
K2-384 e,K2-384,Transit,2022,0,9.715043,0.001003,-0.000739,0,1.345,0.139,-0.082,0,82.6603,0.7023,-0.6908
K2-384 f,K2-384,Transit,2022,0,13.62749,0.000342,-0.000574,0,2.222,0.091,-0.082,0,82.6603,0.7023,-0.6908
K2-385 b,K2-385,Transit,2022,0,2.380867,0.000161,-0.000216,0,1.539,0.145,-0.126,0,420.819,7.102,-6.873
K2-386 b,K2-386,Transit,2022,0,7.473223,0.000374,-0.000312,0,2.32,0.071,-0.067,0,428.785,8.18,-7.885
K2-387 b,K2-387,Transit,2022,0,28.735327,0.000992,-0.000994,0,7.322,0.268,-0.264,0,266.318,3.722,-3.722
K2-388 b,K2-388,Transit,2022,0,6.33932,0.00013,-0.00013,0,3.9,0.2,-0.1,0,290.495,4.305,-4.184
K2-389 b,K2-389,Transit,2022,0,8.58289,0.00041,-0.00041,0,2.33,0.12,-0.06,0,259.208,2.95,-2.885
K2-389 c,K2-389,Transit,2022,0,20.851337,0.002804,-0.002981,0,2.04,0.151,-0.138,0,259.208,2.95,-2.885
K2-39 b,K2-39,Transit,2016,0,4.60543,0.00046,-0.00046,0,6.27704,1.68135,-1.68135,0,307.47,4.656,-4.656
K2-390 b,K2-390,Transit,2022,0,3.312792,0.0001,-0.000104,0,4.662,0.313,-0.343,0,456.122,5.675,-5.54
K2-391 b,K2-391,Transit,2022,0,4.622654,0.000223,-0.000252,0,1.371,0.284,-0.188,0,507.94,16.546,-15.55
K2-392 b,K2-392,Transit,2022,0,15.398723,0.002422,-0.00193,0,1.85,0.161,-0.154,0,406.985,10.589,-10.074
K2-393 b,K2-393,Transit,2022,0,10.413181,0.000932,-0.000697,0,2.352,0.175,-0.167,0,265.914,2.842,-2.784
K2-394 b,K2-394,Transit,2022,0,5.095717,0.000115,-0.000115,0,1.692,0.136,-0.126,0,98.0152,0.4794,-0.4748
K2-395 b,K2-395,Transit,2022,0,4.803352,0.000357,-0.000466,0,2.597,0.192,-0.178,0,286.727,3.103,-3.038
K2-395 c,K2-395,Transit,2022,0,8.491282,0.000335,-0.000304,0,3.395,0.28,-0.257,0,286.727,3.103,-3.038
K2-396 b,K2-396,Transit,2022,0,0.673862,0.000016,-0.000019,0,1.579,0.114,-0.103,0,274.864,2.884,-2.825
K2-396 c,K2-396,Transit,2022,0,25.76051,0.001999,-0.001887,0,3.124,0.178,-0.112,0,274.864,2.884,-2.825
K2-397 b,K2-397,Transit,2022,0,3.572326,0.00018,-0.000155,0,2.417,0.187,-0.183,0,199.354,1.598,-1.574
K2-398 b,K2-398,Transit,2022,0,6.393025,0.001139,-0.00075,0,2.274,0.113,-0.111,0,606.992,13.07,-12.539
K2-398 c,K2-398,Transit,2022,0,18.787839,0.000877,-0.000993,0,5.098,0.154,-0.146,0,606.992,13.07,-12.539
K2-4 b,K2-4,Transit,2015,0,10.003417,0.001017,-0.000996,0,2.1,0.2,-0.19,0,231.828,2.129,-2.091
K2-400 b,K2-400,Transit,2022,0,3.865053,0.000186,-0.000182,0,1.163,0.051,-0.049,0,62.3804,0.2344,-0.2327
K2-401 b,K2-401,Transit,2022,0,6.293099,0.000571,-0.000707,0,2.262,0.209,-0.192,0,200.727,1.54,-1.517
K2-402 b,K2-402,Transit,2022,0,17.27474,0.002593,-0.003175,0,2.678,0.213,-0.195,0,523.055,17.949,-16.816
K2-403 b,K2-403,Transit,2022,0,33.589979,0.000768,-0.000768,0,5.333,0.357,-0.387,0,246.599,2.561,-2.509
K2-404 b,K2-404,Transit,2022,0,13.115365,0.000443,-0.000609,0,2.53,0.084,-0.083,0,121.63,0.5795,-0.5795
K2-405 b,K2-405,Transit,2022,0,3.435471,0.000036,-0.000031,0,4.569,0.085,-0.123,0,197.234,2.081,-2.038
K2-406 b,K2-406,Transit,2022,0,22.549406,0.001377,-0.001433,0,4.602,0.311,-0.292,0,85.3751,0.6239,-0.6151
K2-407 b,K2-407,Transit,2022,0,4.941907,0.000661,-0.000696,0,1.283,0.097,-0.089,0,218.376,1.676,-1.651
K2-407 c,K2-407,Transit,2022,0,9.22453,0.001322,-0.000911,0,1.36,0.096,-0.088,0,218.376,1.676,-1.651
K2-408 b,K2-408,Transit,2022,0,20.978959,0.001305,-0.001247,0,1.677,0.118,-0.109,0,162.306,1.351,-1.329
K2-409 b,K2-409,Transit,2022,0,1.908084,0.000047,-0.000058,0,2.482,0.174,-0.158,0,431.031,8.048,-7.764
K2-411 b,K2-411,Transit,2022,0,3.2141,0.0002,-0.0002,0,0.9898,0.0498,-0.0486,0,298.219,4.983,-4.825
K2-412 b,K2-412,Transit,2022,0,5.9382,0.0006,-0.0004,0,2.116,0.105,-0.1052,0,654.085,18.368,-17.408
K2-413 b,K2-413,Transit,2022,0,0.8094,0.00003,-0.00003,0,0.7599,0.0758,-0.0496,0,285.162,3.569,-3.483
K2-413 c,K2-413,Transit,2022,0,5.3301,0.0003,-0.0003,0,1.2327,0.0565,-0.0593,0,285.162,3.569,-3.483
K2-414 b,K2-414,Transit,2022,0,4.3696,0.0001,-0.0001,0,1.219,0.1004,-0.0731,0,260.036,2.374,-2.333
K2-414 c,K2-414,Transit,2022,0,6.669,0.0002,-0.0002,0,1.9287,0.063,-0.0728,0,260.036,2.374,-2.333
K2-415 b,K2-415,Transit,2023,0,4.0179694,0.0000027,-0.0000027,0,1.015,0.051,-0.0051,0,21.8182,0.0307,-0.0307
K2-416 b,K2-416,Transit,2023,0,13.102,0.0026,-0.0024,0,2.66,0.19,-0.14,0,120.311,0.605,-0.599
K2-417 b,K2-417,Transit,2023,0,6.535,0.0014,-0.0014,0,3.31,0.14,-0.12,0,94.0424,0.3023,-0.3003
K2-419 A b,K2-419 A,Transit,2024,0,20.35847252,0.00000614,-0.00000575,0,10.55,0.39,-0.39,0,268.685,3.6615,-3.6615
K2-42 b,K2-42,Transit,2016,0,6.68796,0.00093,-0.00093,0,2.15,0.24,-0.24,0,396.913,7.94,-7.64
K2-43 b,K2-43,Transit,2016,0,3.471149,0.000104,-0.000052,0,4.51,0.44,-0.19,0,182.536,1.9095,-1.9095
K2-43 c,K2-43,Transit,2019,0,2.198884,0.000022,-0.000011,0,2.42,0.26,-0.11,0,182.536,1.9095,-1.9095
K2-44 b,K2-44,Transit,2016,0,5.657,0.0002,-0.0002,0,2.433,0.089,-0.072,0,476.703,10.202,-9.791
K2-45 b,K2-45,Transit,2016,0,1.7292684,0.0000069,-0.0000069,0,6.71,0,0,0,495.317,10.777,-10.335
K2-46 b,K2-46,Transit,2016,0,19.1541,0.0041,-0.0041,0,2.05,0.24,-0.24,0,449.237,10.663,-10.188
K2-47 b,K2-47,Transit,2016,0,31.6372,0.0088,-0.0088,0,1.89,0.26,-0.26,0,349.881,5.2745,-5.2745
K2-48 b,K2-48,Transit,2016,0,20.5065,0.0035,-0.0035,0,2.24,0.24,-0.24,0,313.764,2.856,-2.856
K2-49 b,K2-49,Transit,2016,0,2.77065,0.00015,-0.00015,0,1.93,0.53,-0.53,0,457.125,10.223,-9.793
K2-5 b,K2-5,Transit,2015,0,5.73594,0.00064,-0.00064,0,1.91,0.44,-0.44,0,202.943,1.665,-1.639
K2-5 c,K2-5,Transit,2015,0,10.93241,0.00134,-0.00134,0,2.26,0.62,-0.62,0,202.943,1.665,-1.639
K2-50 b,K2-50,Transit,2016,0,8.7529,0.0013,-0.0013,0,1.59,0.24,-0.24,0,257.443,3.239,-3.239
K2-52 b,K2-52,Transit,2016,0,3.535055,0.000017,-0.000016,0,18,2.2,-2.2,0,1038.41,71.37,-62.873
K2-53 b,K2-53,Transit,2016,0,12.20772,0.000123,-0.000113,0,2.6,0.1,-0.1,0,138.018,1.14,-1.121
K2-54 b,K2-54,Transit,2016,0,9.7833,0.0013,-0.0012,0,2.6116925,0.21297063,-0.19055267,0,174.955,1.0145,-1.0145
K2-55 b,K2-55,Transit,2016,0,2.849271,0.000029,-0.000029,0,4.43,0.29,-0.32,0,159.522,0.73,-0.725
K2-57 b,K2-57,Transit,2016,0,9.0073,0.0012,-0.0011,0,2.30905002,0.16813471,-0.13450777,0,264.213,2.06,-2.029
K2-58 b,K2-58,Transit,2016,0,7.05254,0.00032,-0.00032,0,2.68,0.37,-0.37,0,181.746,1.435,-1.413
K2-58 c,K2-58,Transit,2016,0,2.53726,0.00017,-0.00017,0,1.62,0.23,-0.23,0,181.746,1.435,-1.413
K2-58 d,K2-58,Transit,2016,0,22.8827,0.004,-0.004,0,1.71,0.25,-0.25,0,181.746,1.435,-1.413
K2-59 b,K2-59,Transit,2016,0,20.6921,0.0033,-0.0033,0,2.41,0.31,-0.31,0,311.313,3.544,-3.467
K2-59 c,K2-59,Transit,2016,0,11.2954,0.001,-0.001,0,2.3,0.29,-0.29,0,311.313,3.544,-3.467
K2-6 b,K2-6,Transit,2015,0,30.94191,0.00467,-0.00467,0,2.5,0.88,-0.88,0,316.819,6.458,-6.21
K2-60 b,K2-60,Transit,2016,0,3.00265,0.00004,-0.00004,0,7.655747,0.414733,-0.414733,0,491.87,11.47,-10.969
K2-61 b,K2-61,Transit,2016,0,2.57336,0.00016,-0.00016,0,1.92,0.11,-0.05,0,405.732,8.413,-8.083
K2-62 b,K2-62,Transit,2016,0,6.67199,0.00018,-0.00018,0,2.02,0.17,-0.06,0,112.467,0.491,-0.487
K2-62 c,K2-62,Transit,2016,0,16.19697,0.00065,-0.00065,0,1.99,0.19,-0.07,0,112.467,0.491,-0.487
K2-63 b,K2-63,Transit,2016,0,20.257,0.0072,-0.0072,0,3.22,0.99,-0.99,0,517.534,22.291,-20.551
K2-63 c,K2-63,Transit,2016,0,25.4556,0.0047,-0.0047,0,3.9,1.2,-1.2,0,517.534,22.291,-20.551
K2-64 b,K2-64,Transit,2016,0,6.53044,0.00067,-0.00067,0,2.07,0.26,-0.26,0,499.891,12.979,-12.348
K2-65 b,K2-65,Transit,2016,0,12.6475,0.0013,-0.0013,0,1.58,0.38,-0.38,0,72.2,12.83,-9.47
K2-66 b,K2-66,Transit,2016,0,5.06963,0.00081,-0.00081,0,2.49,0.34,-0.24,0,513.877,24.123,-22.087
K2-68 b,K2-68,Transit,2016,0,8.05428,0.00082,-0.00082,0,1.58,0.23,-0.23,0,168.652,1.258,-1.24
K2-69 b,K2-69,Transit,2016,0,7.06599,0.0005,-0.0005,0,2.32,0.36,-0.36,0,180.697,1.583,-1.556
K2-7 b,K2-7,Transit,2015,0,28.6781,0.0046,-0.0051,0,4.03523305,0.30264248,-0.25780656,0,738.553,15.745,-15.113
K2-70 b,K2-70,Transit,2016,0,13.97896,0.00095,-0.00095,0,2.89,0.47,-0.47,0,232.964,3.509,-3.408
K2-71 b,K2-71,Transit,2016,0,6.98541,0.00075,-0.00075,0,2.15,0.33,-0.33,0,153.192,1.23,-1.211
K2-72 b,K2-72,Transit,2016,0,5.577212,0.000417,-0.000419,0,1.08,0.11,-0.11,0,66.4321,0.2003,-0.1991
K2-72 c,K2-72,Transit,2016,0,15.189034,0.003128,-0.003149,0,1.16,0.13,-0.13,0,66.4321,0.2003,-0.1991
K2-72 d,K2-72,Transit,2016,0,7.760178,0.001496,-0.001496,0,1.01,0.12,-0.12,0,66.4321,0.2003,-0.1991
K2-72 e,K2-72,Transit,2016,0,24.158868,0.003726,-0.00385,0,1.29,0.14,-0.13,0,66.4321,0.2003,-0.1991
K2-73 b,K2-73,Transit,2016,0,7.49556,0.00029,-0.00029,0,2.58,0.13,-0.06,0,269.183,2.539,-2.493
K2-73 c,K2-73,Radial Velocity,2025,0,1000,100,-100,0,13,,,0,269.183,2.539,-2.493
K2-74 b,K2-74,Transit,2016,0,19.5666,0.0033,-0.0033,0,2.31,0.19,-0.19,0,377.822,6.802,-6.57
K2-75 b,K2-75,Transit,2016,0,7.8142,0.0021,-0.0021,0,2.67,0.32,-0.32,0,561.93,15.381,-14.596
K2-75 c,K2-75,Transit,2016,0,18.311,0.014,-0.014,0,2.77,0.38,-0.38,0,561.93,15.381,-14.596
K2-77 b,K2-77,Transit,2016,0,8.2000844,0.0000086,-0.0000073,0,2.4996027,0.16813471,-0.12329879,0,141.731,0.874,-0.863
K2-79 b,K2-79,Transit,2016,0,10.995039,0.000013,-0.000016,0,4.15,0.19,-0.18,0,256.011,2.349,-2.307
K2-8 b,K2-8,Transit,2015,0,10.35239,0.00086,-0.00086,0,3.58,0.71,-0.71,0,403.513,11.6715,-11.6715
K2-8 c,K2-8,Transit,2016,0,5.06416,0.00041,-0.00041,0,2.41,0.33,-0.33,0,403.513,11.6715,-11.6715
K2-80 b,K2-80,Transit,2016,0,19.0918,0.0064,-0.0064,0,2.01,0.3,-0.3,0,200.802,1.768,-1.738
K2-80 c,K2-80,Transit,2016,0,5.605,0.0011,-0.0011,0,1.47,0.23,-0.23,0,200.802,1.768,-1.738
K2-80 d,K2-80,Transit,2018,0,28.867253,0.00514,-0.004625,0,2.55211506,0.2762906,-0.13953552,0,200.802,1.768,-1.738
K2-81 b,K2-81,Transit,2016,0,6.102325,0.00039,-0.000407,0,1.97,0.13,-0.11,0,252.318,2.731,-2.673
K2-83 b,K2-83,Transit,2016,0,2.74697,0.00018,-0.00018,0,1.244,0.098,-0.098,0,125.529,0.516,-0.512
K2-83 c,K2-83,Transit,2016,0,9.99767,0.00081,-0.00081,0,1.483,0.099,-0.099,0,125.529,0.516,-0.512
K2-84 b,K2-84,Transit,2016,0,6.4215,0.00056,-0.00056,0,2.41,0.35,-0.35,0,284.876,2.264,-2.229
K2-84 c,K2-84,Transit,2016,0,27.86,0.0052,-0.0052,0,2.03,0.32,-0.32,0,284.876,2.264,-2.229
K2-85 b,K2-85,Transit,2016,0,0.684538626,0.00001,-0.00001,0,1.4,0.2,-0.2,0,97.2179,0.3824,-0.3794
K2-86 b,K2-86,Transit,2016,0,8.77683,0.00098,-0.00098,0,1.96,0.27,-0.27,0,258.699,3.004,-2.937
K2-87 b,K2-87,Transit,2016,0,9.726618,0.000055,-0.000055,0,7.6,0.4,-0.4,0,491.242,7.054,-6.861
K2-88 b,K2-88,Transit,2016,0,4.6122,0.00018,-0.00018,0,1.23,0.25,-0.25,0,110.561,0.828,-0.815
K2-89 b,K2-89,Transit,2016,0,1.096026,0.000065,-0.000065,0,0.615,0.08,-0.08,0,86.0386,0.3114,-0.3093
K2-9 b,K2-9,Transit,2015,0,18.4498,0.0015,-0.0015,0,2.25,0.53,-0.96,0,82.9631,0.3747,-0.3714
K2-90 b,K2-90,Transit,2016,0,13.733314,0.000083,-0.000099,0,2.6,0.1,-0.1,0,134.188,0.421,-0.419
K2-90 c,K2-90,Transit,2016,0,2.900706,0.000331,-0.000319,0,1.3,0.13,-0.11,0,134.188,0.421,-0.419
K2-91 b,K2-91,Transit,2016,0,1.419549,0.000071,-0.000071,0,1.1,0.18,-0.18,0,62.5785,0.2828,-0.2803
K2-95 b,K2-95,Transit,2016,0,10.1346454,0.0000121,-0.0000123,0,3.31,0.2,-0.14,0,179.854,4.044,-3.873
K2-97 b,K2-97,Transit,2016,0,8.407115,0.000023,-0.000023,0,13.45077684,1.23298788,-1.23298788,0,878.43,49.94,-49.94
K2-98 b,K2-98,Transit,2016,0,10.1367349,0.0000094,-0.0000092,0,5.06645928,0.31385146,-0.28022452,0,518.625,11.518,-11.037
K2-99 b,K2-99,Transit,2016,0,18.24783,0.00003,-0.00003,0,11.88151954,0.11208981,-0.11208981,0,519.229,12.998,-12.389
K2-99 c,K2-99,Radial Velocity,2022,0,522.2,1.4,-1.4,0,12.6,,,0,519.229,12.998,-12.389
KELT-1 b,KELT-1,Transit,2012,0,1.217514,0.000015,-0.000015,0,12.442,0.358687,-0.246598,0,268.43,3.057,-2.989
KELT-10 b,KELT-10,Transit,2016,0,4.1662739,0.0000063,-0.0000063,0,15.681391,0.773421,-0.549241,0,188.404,2.182,-2.132
KELT-11 b,KELT-11,Transit,2017,0,4.73620865,0.00000377,-0.00000377,0,15.13212395,1.12089807,-1.12089807,0,99.1596,0.52105,-0.52105
KELT-12 b,KELT-12,Transit,2017,0,5.031623,0.000032,-0.000031,0,19.95202,1.90553,-1.79344,0,368.03,3.157,-3.106
KELT-14 b,KELT-14,Transit,2016,0,1.7100566,0.0000032,-0.0000026,0,19.537287,0.526823,-0.526823,0,250.121,1.549,-1.529
KELT-15 b,KELT-15,Transit,2016,0,3.32944,0.000016,-0.000016,0,19.50366,2.2418,-2.2418,0,324.683,2.479,-2.442
KELT-16 b,KELT-16,Transit,2017,0,0.9689951,0.0000024,-0.0000024,0,15.860735,0.941556,-0.751003,0,444.586,5.574,-5.441
KELT-17 b,KELT-17,Transit,2016,0,3.0801716,0.0000053,-0.0000052,0,17.093725,0.728585,-0.67254,0,226.5,2.506,-2.453
KELT-18 b,KELT-18,Transit,2017,0,2.8717518,0.0000028,-0.0000028,0,17.59813,0.470778,-0.403524,0,321.376,2.509,-2.47
KELT-19 A b,KELT-19 A,Transit,2017,0,4.6117093,0.0000088,-0.0000088,0,21.40919,1.23299,-1.23299,0,300.276,4.684,-4.544
KELT-2 A b,KELT-2 A,Transit,2012,0,4.11379,0.00001,-0.00001,0,15.13215,0.89672,-0.89672,0,134.058,0.802,-0.793
KELT-20 b,KELT-20,Transit,2017,0,3.4741085,0.0000019,-0.0000019,0,19.514869,0.773421,-0.829466,0,136.426,0.816,-0.807
KELT-21 b,KELT-21,Transit,2018,0,3.6127647,0.0000033,-0.0000033,0,17.777474,0.437151,-0.44836,0,470.878,6.471,-6.3
KELT-23 A b,KELT-23 A,Transit,2019,0,2.255251,0.000011,-0.000012,0,14.829507,0.280225,-0.280225,0,126.261,0.352,-0.351
KELT-24 b,KELT-24,Transit,2019,0,5.55149296,0.0000005,-0.00000053,0,12.71098411,0.30264248,-0.2914335,0,96.5173,0.3132,-0.3113
KELT-3 b,KELT-3,Transit,2013,0,2.70339,0.00001,-0.00001,0,17.48604,1.23299,-1.23299,0,210.252,5.544,-5.271
KELT-4 A b,KELT-4 A,Transit,2016,0,2.9895932,0.0000049,-0.0000049,0,19.044091,0.515614,-0.504405,0,218.05,2.106,-2.067
KELT-6 b,KELT-6,Transit,2014,0,7.8457,0.0002,-0.0002,0,14.5717,1.00881,-1.00881,0,240.726,1.987,-1.955
KELT-6 c,KELT-6,Radial Velocity,2015,0,1276,81,-67,0,13,,,0,240.726,1.987,-1.955
KELT-7 b,KELT-7,Transit,2015,0,2.73477,0.000004,-0.000004,0,17.9344,0.67254,-0.67254,0,136.681,0.938,-0.924
KELT-8 b,KELT-8,Transit,2015,0,3.24406,0.00016,-0.00016,0,18.15858,1.1209,-1.1209,0,197.572,1.005,-0.995
KELT-9 b,KELT-9,Transit,2017,0,1.4811235,0.0000011,-0.0000011,0,21.70058664,0.52682209,-0.52682209,0,204.455,1.582,-1.558
KIC 10001893 b,KIC 10001893,Orbital Brightness Modulation,2014,1,0.2197,,,0,,,,,1672.94,149.7,-149.7
KIC 10001893 c,KIC 10001893,Orbital Brightness Modulation,2014,1,0.32528,,,0,,,,,1672.94,149.7,-149.7
KIC 10001893 d,KIC 10001893,Orbital Brightness Modulation,2014,1,0.81161,,,0,,,,,1672.94,149.7,-149.7
KIC 10068024 b,KIC 10068024,Orbital Brightness Modulation,2021,0,2.073549,0.000008,-0.000177,0,13.4,,,0,721.105,,
KIC 10525077 b,KIC 10525077,Transit,2015,0,854.083,0.01628,-0.01697,0,5.5,0.9,-0.8,0,1461.15,56,-52.1
KIC 3526061 b,KIC 3526061,Radial Velocity,2022,0,3552,158,-135,0,12.1,,,0,401.229,4.816,-4.816
KIC 3558849 b,KIC 3558849,Transit,2015,0,1322.3,386.1,-11.2,0,6.9,1,-0.9,0,1215.7,34.2,-32.41
KIC 5437945 b,KIC 5437945,Transit,2015,0,440.7813,0.00563,-0.00577,0,6.4,1.6,-1.6,0,1274.01,27.92,-27.92
KIC 5479689 b,KIC 5479689,Orbital Brightness Modulation,2021,0,1.701531,0.000008,-0.000419,0,14.2,,,0,454.95,4.617,-4.617
KIC 7917485 b,KIC 7917485,Pulsation Timing Variations,2016,0,840,22,-20,0,12.4,,,0,1382.89,38.38,-36.4
KIC 8121913 b,KIC 8121913,Orbital Brightness Modulation,2021,0,3.294601,0.000013,-0.00022,0,13.4,,,0,707.303,11.313,-10.968
KIC 8540376 b,KOI-7892,Transit,2015,0,31.8099,0.00919,-0.00933,0,4.1,2.2,-1.9,0,1072.3,22.025,-22.025
KIC 8540376 c,KOI-7892,Transit,2015,0,75.2,38.9,-1.1,0,2.4,1.9,-1.4,0,1072.3,22.025,-22.025
KIC 9663113 b,KIC 9663113,Transit,2015,0,572.3847,0.00583,-0.00567,0,4.6,0.6,-0.7,0,1594.74,44.335,-44.335
KMT-2016-BLG-0212L b,KMT-2016-BLG-0212L,Microlensing,2018,0,,,,,12.2,,,0,6300,1100,-1600
KMT-2016-BLG-1105L b,KMT-2016-BLG-1105L,Microlensing,2023,0,,,,,1.33,,,0,5080,2240,-2180
KMT-2016-BLG-1107L b,KMT-2016-BLG-1107L,Microlensing,2019,0,,,,,13.1,,,0,6651,948,-1348
KMT-2016-BLG-1337L b,KMT-2016-BLG-1337L,Microlensing,2026,0,,,,,11.4,,,0,6920,1040,-1610
KMT-2016-BLG-1397L b,KMT-2016-BLG-1397L,Microlensing,2018,0,,,,,12.7,,,0,6600,1100,-1300
KMT-2016-BLG-1820L b,KMT-2016-BLG-1820L,Microlensing,2018,0,,,,,12.9,,,0,6260,1140,-1280
KMT-2016-BLG-1836L b,KMT-2016-BLG-1836L,Microlensing,2019,0,,,,,13.3,,,0,7100,800,-2400
KMT-2016-BLG-2142L b,KMT-2016-BLG-2142L,Microlensing,2018,0,,,,,12.2,,,0,7010,1010,-1160
KMT-2016-BLG-2321L b,KMT-2016-BLG-2321L,Microlensing,2024,0,,,,,13.8,,,0,3580,1220,-1220
KMT-2016-BLG-2364L b,KMT-2016-BLG-2364L,Microlensing,2020,0,,,,,13,,,0,6440,1130,-1600
KMT-2016-BLG-2397L b,KMT-2016-BLG-2397L,Microlensing,2020,0,,,,,13.2,,,0,4880,1650,-2180
KMT-2016-BLG-2605L b,KMT-2016-BLG-2605L,Microlensing,2021,0,,,,,14,,,0,6421,878,-991
KMT-2017-BLG-0165L b,KMT-2017-BLG-0165L,Microlensing,2018,0,,,,,6.45,,,0,4530,1040,-980
KMT-2017-BLG-0428L b,KMT-2017-BLG-0428L,Microlensing,2023,0,,,,,2.23,,,0,5400,1820,-2600
KMT-2017-BLG-0673L b,KMT-2017-BLG-0673L,Microlensing,2022,0,,,,,13,,,0,5080,1220,-1590
KMT-2017-BLG-0849L b,KMT-2017-BLG-0849L,Microlensing,2024,0,,,,,2.41,,,0,7220,820,-990
KMT-2017-BLG-1003L b,KMT-2017-BLG-1003L,Microlensing,2023,0,,,,,2.13,,,0,7090,610,-700
KMT-2017-BLG-1038L b,KMT-2017-BLG-1038L,Microlensing,2019,0,,,,,13.4,,,0,6000,1300,-1700
KMT-2017-BLG-1057L b,KMT-2017-BLG-1057L,Microlensing,2024,0,,,,,5.19,,,0,6500,810,-1620
KMT-2017-BLG-1146L b,KMT-2017-BLG-1146L,Microlensing,2019,0,,,,,14,,,0,6500,1400,-2000
KMT-2017-BLG-1194L b,KMT-2017-BLG-1194L,Microlensing,2023,0,,,,,1.7,,,0,4240,2160,-1710
KMT-2017-BLG-2197L b,KMT-2017-BLG-2197L,Microlensing,2025,0,,,,,12.5,,,0,7800,1020,-1310
KMT-2017-BLG-2331L b,KMT-2017-BLG-2331L,Microlensing,2024,0,,,,,14.2,,,0,8030,840,-1050
KMT-2017-BLG-2509L b,KMT-2017-BLG-2509L,Microlensing,2021,0,,,,,13.4,,,0,7040,890,-1270
KMT-2018-BLG-0029L b,KMT-2018-BLG-0029L,Microlensing,2020,0,,,,,2.67,,,0,3380,220,-260
KMT-2018-BLG-0030L b,KMT-2018-BLG-0030L,Microlensing,2022,0,,,,,13.6,,,0,6480,1280,-1960
KMT-2018-BLG-0087L b,KMT-2018-BLG-0087L,Microlensing,2022,0,,,,,10.1,,,0,7020,1030,-1150
KMT-2018-BLG-0247L b,KMT-2018-BLG-0247L,Microlensing,2022,0,,,,,13.4,,,0,6760,990,-1240
KMT-2018-BLG-0748L b,KMT-2018-BLG-0748L,Microlensing,2020,0,,,,,9.01,,,0,7300,1100,-1100
KMT-2018-BLG-0885L b,KMT-2018-BLG-0885L,Microlensing,2023,0,,,,,11.9,,,0,6890,1060,-1240
KMT-2018-BLG-1025L b,KMT-2018-BLG-1025L,Microlensing,2021,0,,,,,2.34,,,0,6705,994,-1166
KMT-2018-BLG-1292L b,KMT-2018-BLG-1292L,Microlensing,2020,0,,,,,12.9,,,0,3460,510,-430
KMT-2018-BLG-1743L b,KMT-2018-BLG-1743L,Microlensing,2021,0,,,,,10.5,,,0,6483,936,-1026
KMT-2018-BLG-1976L b,KMT-2018-BLG-1976L,Microlensing,2021,0,,,,,13.3,,,0,5840,2060,-2360
KMT-2018-BLG-1988L b,KMT-2018-BLG-1988L,Microlensing,2022,0,,,,,2.22,,,0,4150,1790,-1420
KMT-2018-BLG-1990L b,KMT-2018-BLG-1990L,Microlensing,2019,0,,,,,12.9,,,0,967,308,-212
KMT-2018-BLG-1996L b,KMT-2018-BLG-1996L,Microlensing,2021,0,,,,,13.7,,,0,5910,1540,-2240
KMT-2018-BLG-2602L b,KMT-2018-BLG-2602L,Microlensing,2022,0,,,,,13.7,,,0,4310,1970,-1840
KMT-2019-BLG-0253L b,KMT-2019-BLG-0253L,Microlensing,2022,0,,,,,2.99,,,0,4900,1900,-1600
KMT-2019-BLG-0297L b,KMT-2019-BLG-0297L,Microlensing,2023,0,,,,,12.1,,,0,3090,760,-680
KMT-2019-BLG-0298L b,KMT-2019-BLG-0298L,Microlensing,2023,0,,,,,13.4,,,0,6710,1390,-1390
KMT-2019-BLG-0335L b,KMT-2019-BLG-0335L,Microlensing,2023,0,,,,,12.1,,,0,7710,990,-1220
KMT-2019-BLG-0371L b,KMT-2019-BLG-0371L,Microlensing,2021,0,,,,,12.6,,,0,7010,1050,-1210
KMT-2019-BLG-0414L b,KMT-2019-BLG-0414L,Microlensing,2022,0,,,,,12.9,,,0,4410,1790,-1930
KMT-2019-BLG-0578L b,KMT-2019-BLG-0578L,Microlensing,2025,0,,,,,13.7,,,0,7300,700,-800
KMT-2019-BLG-0842L b,KMT-2019-BLG-0842L,Microlensing,2020,0,,,,,3.19,,,0,3320,1220,-1390
KMT-2019-BLG-0953L b,KMT-2019-BLG-0953L,Microlensing,2022,0,,,,,4.06,,,0,7200,700,-1400
KMT-2019-BLG-1042L b,KMT-2019-BLG-1042L,Microlensing,2022,0,,,,,9.05,,,0,6600,800,-1700
KMT-2019-BLG-1216L b,KMT-2019-BLG-1216L,Microlensing,2023,0,,,,,5.98,,,0,2740,1020,-1020
KMT-2019-BLG-1339L b,KMT-2019-BLG-1339L,Microlensing,2020,0,,,,,13.7,,,0,6120,1260,-1600
KMT-2019-BLG-1367L b,KMT-2019-BLG-1367L,Microlensing,2023,0,,,,,1.85,,,0,4670,2450,-2100
KMT-2019-BLG-1552L b,KMT-2019-BLG-1552L,Microlensing,2022,0,,,,,13,,,0,4600,1700,-1400
KMT-2019-BLG-1715L b,KMT-2019-BLG-1715L,Microlensing,2021,0,,,,,13.2,,,0,3860,1000,-1120
KMT-2019-BLG-1806L b,KMT-2019-BLG-1806L,Microlensing,2023,0,,,,,2,,,0,6640,720,-2010
KMT-2019-BLG-1953L b,KMT-2019-BLG-1953L,Microlensing,2020,0,,,,,14.1,,,0,7040,1100,-1330
KMT-2019-BLG-2783L b,KMT-2019-BLG-2783L,Microlensing,2023,0,,,,,13.7,,,0,5910,1670,-1670
KMT-2019-BLG-2974L b,KMT-2019-BLG-2974L,Microlensing,2022,0,,,,,11.4,,,0,6100,1500,-2100
KMT-2020-BLG-0202L b,KMT-2020-BLG-0202L,Microlensing,2026,0,,,,,12.4,,,0,3840,1190,-1180
KMT-2020-BLG-0414L b,KMT-2020-BLG-0414L,Microlensing,2021,0,,,,,1.2,,,0,1220,320,-230
KMT-2020-BLG-0414L c,KMT-2020-BLG-0414L,Microlensing,2021,0,,,,,11.9,,,0,1220,320,-230
KMT-2021-BLG-0119L b,KMT-2021-BLG-0119L,Microlensing,2022,0,,,,,12.8,,,0,3130,1300,-910
KMT-2021-BLG-0171L b,KMT-2021-BLG-0171L,Microlensing,2022,0,,,,,3.35,,,0,4600,1600,-1100
KMT-2021-BLG-0192L b,KMT-2021-BLG-0192L,Microlensing,2022,0,,,,,6.56,,,0,5120,1000,-990
KMT-2021-BLG-0240L b,KMT-2021-BLG-0240L,Microlensing,2022,0,,,,,9.6,,,0,6600,1000,-1700
KMT-2021-BLG-0320L b,KMT-2021-BLG-0320L,Microlensing,2022,0,,,,,6.2,,,0,6950,1007,-1330
KMT-2021-BLG-0322L b,KMT-2021-BLG-0322L,Microlensing,2021,0,,,,,12.7,,,0,6600,900,-1100
KMT-2021-BLG-0712L b,KMT-2021-BLG-0712L,Microlensing,2023,0,,,,,6.91,,,0,3090,940,-750
KMT-2021-BLG-0736L b,KMT-2021-BLG-0736L,Microlensing,2025,0,,,,,4.86,,,0,7000,800,-1500
KMT-2021-BLG-0748L b,KMT-2021-BLG-0748L,Microlensing,2022,0,,,,,14.3,,,0,6090,920,-1310
KMT-2021-BLG-0852L b,KMT-2021-BLG-0852L,Microlensing,2026,0,,,,,14.2,,,0,7230,830,-1030
KMT-2021-BLG-0909L b,KMT-2021-BLG-0909L,Microlensing,2023,0,,,,,13.7,,,0,6480,1000,-1380
KMT-2021-BLG-0912L b,KMT-2021-BLG-0912L,Microlensing,2022,0,,,,,1.49,,,0,5560,1430,-1430
KMT-2021-BLG-1077L b,KMT-2021-BLG-1077L,Microlensing,2022,0,,,,,9.86,,,0,8240,1020,-1160
KMT-2021-BLG-1077L c,KMT-2021-BLG-1077L,Microlensing,2022,0,,,,,10.6,,,0,8240,1020,-1160
KMT-2021-BLG-1105L b,KMT-2021-BLG-1105L,Microlensing,2023,0,,,,,13.6,,,0,4540,1670,-1670
KMT-2021-BLG-1150L b,KMT-2021-BLG-1150L,Microlensing,2023,0,,,,,13.9,,,0,3800,1300,-1200
KMT-2021-BLG-1253L b,KMT-2021-BLG-1253L,Microlensing,2022,0,,,,,4.59,,,0,6640,1030,-1300
KMT-2021-BLG-1303L b,KMT-2021-BLG-1303L,Microlensing,2022,0,,,,,13.6,,,0,6280,950,-1430
KMT-2021-BLG-1372L b,KMT-2021-BLG-1372L,Microlensing,2022,0,,,,,9.12,,,0,5970,1490,-2410
KMT-2021-BLG-1391L b,KMT-2021-BLG-1391L,Microlensing,2022,0,,,,,1.97,,,0,5720,1100,-1670
KMT-2021-BLG-1547L b,KMT-2021-BLG-1547L,Microlensing,2023,0,,,,,13.6,,,0,5070,980,-1500
KMT-2021-BLG-1554L b,KMT-2021-BLG-1554L,Microlensing,2022,0,,,,,6.9,,,0,7680,1040,-1100
KMT-2021-BLG-1689L b,KMT-2021-BLG-1689L,Microlensing,2022,0,,,,,7.71,,,0,7200,700,-1300
KMT-2021-BLG-1770L b,KMT-2021-BLG-1770L,Microlensing,2023,0,,,,,12.1,,,0,6920,970,-1010
KMT-2021-BLG-1898L b,KMT-2021-BLG-1898L,Microlensing,2022,0,,,,,14,,,0,6900,900,-1300
KMT-2021-BLG-2010L b,KMT-2021-BLG-2010L,Microlensing,2023,0,,,,,13.8,,,0,7090,1180,-1530
KMT-2021-BLG-2294L b,KMT-2021-BLG-2294L,Microlensing,2022,0,,,,,5.02,,,0,6800,970,-1080
KMT-2021-BLG-2478L b,KMT-2021-BLG-2478L,Microlensing,2023,0,,,,,13.9,,,0,2970,720,-720
KMT-2021-BLG-2609L b,KMT-2021-BLG-2609L,Microlensing,2024,0,,,,,3.17,,,0,7480,1050,-1170
KMT-2022-BLG-0303L b,KMT-2022-BLG-0303L,Microlensing,2024,0,,,,,14.2,,,0,6570,890,-1030
KMT-2022-BLG-0371L b,KMT-2022-BLG-0371L,Microlensing,2023,0,,,,,10.9,,,0,7140,1070,-1340
KMT-2022-BLG-0440L b,KMT-2022-BLG-0440L,Microlensing,2023,0,,,,,4.05,,,0,3500,1600,-1600
KMT-2022-BLG-1013L b,KMT-2022-BLG-1013L,Microlensing,2023,0,,,,,12.1,,,0,7710,1010,-1090
KMT-2022-BLG-1551L b,KMT-2022-BLG-1551L,Microlensing,2026,0,,,,,13.2,,,0,6900,920,-1330
KMT-2022-BLG-1790L b,KMT-2022-BLG-1790L,Microlensing,2025,0,,,,,13.5,,,0,6480,920,-1280
KMT-2022-BLG-1818L b,KMT-2022-BLG-1818L,Microlensing,2026,0,,,,,13,,,0,5300,1900,-1900
KMT-2022-BLG-1818L c,KMT-2022-BLG-1818L,Microlensing,2026,0,,,,,13.2,,,0,5300,1900,-1900
KMT-2022-BLG-2076L b,KMT-2022-BLG-2076L,Microlensing,2025,0,,,,,13.9,,,0,5570,1250,-1550
KMT-2022-BLG-2286L b,KMT-2022-BLG-2286L,Microlensing,2024,0,,,,,12.1,,,0,7320,970,-1120
KMT-2023-BLG-0119L b,KMT-2023-BLG-0119L,Microlensing,2025,0,,,,,11,,,0,5410,2290,-2310
KMT-2023-BLG-0332L b,KMT-2023-BLG-0332L,Microlensing,2026,0,,,,,12,,,0,6500,1200,-2800
KMT-2023-BLG-0416L b,KMT-2023-BLG-0416L,Microlensing,2024,0,,,,,3.67,,,0,5900,1070,-1500
KMT-2023-BLG-0466L b,KMT-2023-BLG-0466L,Microlensing,2026,0,,,,,13.1,,,0,6800,1140,-1600
KMT-2023-BLG-0469L b,KMT-2023-BLG-0469L,Microlensing,2024,0,,,,,7.04,,,0,7070,1030,-1190
KMT-2023-BLG-0548L b,KMT-2023-BLG-0548L,Microlensing,2025,0,,,,,13.1,,,0,6830,1220,-1100
KMT-2023-BLG-0735L b,KMT-2023-BLG-0735L,Microlensing,2024,0,,,,,6.97,,,0,6390,1210,-1600
KMT-2023-BLG-0830L b,KMT-2023-BLG-0830L,Microlensing,2025,0,,,,,4.41,,,0,7250,1130,-1210
KMT-2023-BLG-0949L b,KMT-2023-BLG-0949L,Microlensing,2025,0,,,,,12.8,,,0,6060,1640,-2410
KMT-2023-BLG-1431L b,KMT-2023-BLG-1431L,Microlensing,2024,0,,,,,3.76,,,0,6800,800,-1800
KMT-2023-BLG-1454L b,KMT-2023-BLG-1454L,Microlensing,2024,0,,,,,14.1,,,0,7220,1060,-1100
KMT-2023-BLG-1592L b,KMT-2023-BLG-1592L,Microlensing,2026,0,,,,,14.1,,,0,7200,1100,-1900
KMT-2023-BLG-1642L b,KMT-2023-BLG-1642L,Microlensing,2024,0,,,,,13.8,,,0,6980,1090,-1340
KMT-2023-BLG-1743L b,KMT-2023-BLG-1743L,Microlensing,2024,0,,,,,12.1,,,0,7130,1050,-1270
KMT-2023-BLG-1866L b,KMT-2023-BLG-1866L,Microlensing,2024,0,,,,,1.43,,,0,6210,870,-800
KMT-2023-BLG-1896L b,KMT-2023-BLG-1896L,Microlensing,2025,0,,,,,4.19,,,0,5490,2150,-2300
KMT-2023-BLG-2209L b,KMT-2023-BLG-2209L,Microlensing,2025,0,,,,,13.9,,,0,5570,1510,-1770
KMT-2024-BLG-0176L b,KMT-2024-BLG-0176L,Microlensing,2026,0,,,,,14,,,0,8340,1010,-1130
KMT-2024-BLG-0349L b,KMT-2024-BLG-0349L,Microlensing,2026,0,,,,,12.4,,,0,5750,2020,-2390
KMT-2024-BLG-0404L b,KMT-2024-BLG-0404L,Microlensing,2025,0,,,,,11.9,,,0,7210,930,-970
KMT-2024-BLG-0404L c,KMT-2024-BLG-0404L,Microlensing,2025,0,,,,,4.33,,,0,7210,930,-970
KMT-2024-BLG-1005L b,KMT-2024-BLG-1005L,Microlensing,2025,0,,,,,12.1,,,0,6950,1110,-1010
KMT-2024-BLG-1044L b,KMT-2024-BLG-1044L,Microlensing,2024,0,,,,,2.7,,,0,7140,950,-960
KMT-2024-BLG-1209L b,KMT-2024-BLG-1209L,Microlensing,2025,0,,,,,13.2,,,0,3930,2030,-1410
KMT-2024-BLG-1281L b,KMT-2024-BLG-1281L,Microlensing,2025,0,,,,,4.59,,,0,7180,1090,-1400
KMT-2024-BLG-1870L b,KMT-2024-BLG-1870L,Microlensing,2026,0,,,,,13.8,,,0,5480,1370,-2060
KMT-2024-BLG-2005L b,KMT-2024-BLG-2005L,Microlensing,2026,0,,,,,8.18,,,0,7720,1000,-1060
KMT-2024-BLG-2059L b,KMT-2024-BLG-2059L,Microlensing,2025,0,,,,,2.54,,,0,6070,1320,-2110
KMT-2024-BLG-2087L b,KMT-2024-BLG-2087L,Microlensing,2026,0,,,,,12.9,,,0,7190,950,-1280
KMT-2024-BLG-2242L b,KMT-2024-BLG-2242L,Microlensing,2025,0,,,,,3.82,,,0,7620,1010,-1030
KMT-2025-BLG-0121L b,KMT-2025-BLG-0121L,Microlensing,2026,0,,,,,12.6,,,0,6200,930,-1350
KMT-2025-BLG-0481L b,KMT-2025-BLG-0481L,Microlensing,2026,0,,,,,14.1,,,0,7980,1130,-1440
KMT-2025-BLG-1616L b,KMT-2025-BLG-1616L,Microlensing,2026,0,,,,,7.34,,,0,7500,700,-1000
KOBE-1 b,KOBE-1,Radial Velocity,2025,0,8.5399,0.0037,-0.0036,0,2.91,,,0,23.9718,0.0285,-0.0284
KOBE-1 c,KOBE-1,Radial Velocity,2025,0,29.671,0.05,-0.052,0,3.56,,,0,23.9718,0.0285,-0.0284
KOI-12 b,KOI-12,Transit,2015,0,17.855182,0.000008,-0.000006,0,13.78707,0.67254,-0.56045,0,399.398,4.396,-4.303
KOI-1257 b,KOI-1257,Transit,2014,0,86.647661,0.000034,-0.000034,0,10.54,1.35,-1.35,0,656,55.665,-39.926
KOI-13 b,KOI-13,Transit,2011,0,1.763588,0.000001,-0.000001,0,16.948008,0.392315,-0.392315,0,519.096,30.703,-27.506
KOI-134 b,KOI-134,Transit,2025,0,67.1277,0.0045,-0.0057,0,12.03844527,0.19055267,-0.19055267,0,1159.21,16.72,-16.72
KOI-134 c,KOI-134,Transit Timing Variations,2025,0,33.95,0.013,-0.02,0,9.86,,,0,1159.21,16.72,-16.72
KOI-142 b,KOI-142,Transit,2013,0,10.91647,0.00014,-0.00014,0,3.438,0.075,-0.075,0,376.863,2.01,-1.991
KOI-142 c,KOI-142,Transit Timing Variations,2013,0,22.26492,0.00067,-0.00067,0,14,,,0,376.863,2.01,-1.991
KOI-1599.01,KOI-1599,Transit,2019,0,20.4415,0.0013,-0.0013,0,1.9,0.3,-0.3,0,1131.64,28.17,-26.86
KOI-1599.02,KOI-1599,Transit,2019,0,13.6088,0.0006,-0.0006,0,1.9,0.2,-0.2,0,1131.64,28.17,-26.86
KOI-1783.01,KOI-1783,Transit,2020,0,134.4628,0.0033,-0.0035,0,8.86,0.25,-0.24,0,865.73,13.734,-13.32
KOI-1783.02,KOI-1783,Transit,2020,0,284.215,0.026,-0.021,0,5.44,0.52,-0.3,0,865.73,13.734,-13.32
KOI-1831 d,Kepler-324,Transit,2018,0,34.169,,,0,1.13,0.05,-0.05,0,501.574,3.681,-3.629
KOI-1833 d,Kepler-968,Transit,2021,0,7.685,,,0,2.58,0.23,-0.22,0,290.324,1.448,-1.435
KOI-1843.03,Kepler-974,Transit,2013,0,0.1768913,0.0000002,-0.0000002,0,0.61,0.12,-0.08,0,134.311,0.447,-0.444
KOI-217 b,KOI-217,Transit,2010,0,3.90512,0.00005,-0.00005,0,12.442,0.224,-0.224,0,914.699,17.1675,-17.1675
KOI-2513.01,KOI-2513,Transit,2023,0,19.00547,0.00005,-0.00005,0,2.80224517,22.4179614,-0.56044903,0,1369.87,,
KOI-3503 b,KOI-3503,Transit,2021,0,21.185,,,0,1.19,0.24,-0.19,0,887.064,12.37,-12.37
KOI-3503 c,KOI-3503,Transit,2021,0,31.828,,,0,1.21,0.28,-0.09,0,887.064,12.37,-12.37
KOI-351 b,KOI-351,Transit,2013,0,7.008151,0.000019,-0.000019,0,1.31,0.17,-0.17,0,848.254,10.8185,-10.8185
KOI-351 c,KOI-351,Transit,2013,0,8.719375,0.000027,-0.000027,0,1.19,0.14,-0.14,0,848.254,10.8185,-10.8185
KOI-351 d,KOI-351,Transit,2013,0,59.73667,0.00038,-0.00038,0,2.87,0.3,-0.3,0,848.254,10.8185,-10.8185
KOI-351 e,KOI-351,Transit,2013,0,91.93913,0.00073,-0.00073,0,2.66,0.29,-0.29,0,848.254,10.8185,-10.8185
KOI-351 f,KOI-351,Transit,2013,0,124.9144,0.0019,-0.0019,0,2.88,0.52,-0.52,0,848.254,10.8185,-10.8185
KOI-351 g,KOI-351,Transit,2013,0,210.73514,0.00017,-0.00017,0,7.718,0.206,-0.206,0,848.254,10.8185,-10.8185
KOI-351 h,KOI-351,Transit,2013,0,331.60296,0.00034,-0.00034,0,11.252,0.306,-0.306,0,848.254,10.8185,-10.8185
KOI-3680 b,KOI-3680,Transit,2018,0,141.241671,0.000086,-0.000086,0,11.09691,0.67254,-0.78463,0,921.986,23.3845,-23.3845
KOI-4777.01,KOI-4777,Transit,2022,0,0.412,0.000001,-0.000001,0,0.51,0.03,-0.03,0,172.245,1.243,-1.226
KOI-4978 b,KOI-4978,Transit,2024,0,0.941967,0.000003,-0.000003,0,0.7,0.1,-0.1,0,936.341,26.083,-24.729
KOI-55 b,KOI-55,Orbital Brightness Modulation,2011,1,0.240104,0.000004,-0.000004,0,0.759,,,0,1231.02,48.015,-48.015
KOI-55 c,KOI-55,Orbital Brightness Modulation,2011,1,0.342887,0.000013,-0.000013,0,0.867,,,0,1231.02,48.015,-48.015
KOI-7368 b,KOI-7368,Transit,2022,0,6.8430344,0.0000125,-0.0000125,0,2.22,0.12,-0.12,0,264.995,1.626,-1.607
KOI-7913 b,KOI-7913 A,Transit,2022,0,24.278553,0.000263,-0.000263,0,2.34,0.18,-0.18,0,271.277,1.248,-1.237
KOI-94 b,KOI-94,Transit,2013,0,3.743208,0.000015,-0.000015,0,1.71,0.16,-0.16,0,477.052,5,-4.899
KOI-94 c,KOI-94,Transit,2013,0,10.423648,0.000016,-0.000016,0,4.32,0.41,-0.41,0,477.052,5,-4.899
KOI-94 d,KOI-94,Transit,2013,0,22.342989,0.0000067,-0.0000067,0,11.27,1.06,-1.06,0,477.052,5,-4.899
KOI-94 e,KOI-94,Transit,2013,0,54.32031,0.00012,-0.00012,0,6.56,0.62,-0.62,0,477.052,5,-4.899
KOI-984 b,KOI-984,Transit,2022,0,4.2881785,0.0000035,-0.0000035,0,4.3,0.05,-0.05,0,252.667,,
KOI-984 c,KOI-984,Transit Timing Variations,2022,0,21.512,0.0004,-0.0004,0,14.1,,,0,252.667,,
KOINTREAU-1 b,XEST 17-036,Imaging,2026,0,,,,,12.4,,,0,158.618,4.23,-4.02
KOINTREAU-3 b,ISO-Oph 96,Imaging,2026,0,,,,,13.1,,,0,140.563,2.031,-1.975
KOINTREAU-4 b,2MASS J16262785-2625152,Imaging,2026,0,,,,,12.2,,,0,145.434,1.744,-1.704
KPS-1 b,KPS-1,Transit,2018,0,1.706291,0.000059,-0.000059,0,11.54527,1.45717,-1.34508,0,262.706,2.62,-2.57
Kapteyn c,Kapteyn,Radial Velocity,2014,1,121.54,0.25,-0.25,0,2.54,,,0,3.93305,0.00041,-0.00041
Kepler-10 b,Kepler-10,Transit,2011,0,0.8374907,0.0000002,-0.0000002,0,1.47,0.03,-0.02,0,185.506,0.811,-0.805
Kepler-10 c,Kepler-10,Transit,2011,0,45.294301,0.000048,-0.000048,0,2.355,0.022,-0.022,0,185.506,0.811,-0.805
Kepler-10 d,Kepler-10,Radial Velocity,2023,0,151.06,0.48,-0.48,0,3.49,,,0,185.506,0.811,-0.805
Kepler-100 b,Kepler-100,Transit,2014,0,6.88734,0.00007,-0.00007,0,1.34,0.12,-0.12,0,304.645,1.763,-1.744
Kepler-100 c,Kepler-100,Transit,2014,0,12.8159,,,0,2.2,0.05,-0.05,0,304.645,1.763,-1.744
Kepler-100 d,Kepler-100,Transit,2014,0,35.3331,,,0,1.61,0.05,-0.05,0,304.645,1.763,-1.744
Kepler-100 e,Kepler-100,Radial Velocity,2023,0,60.888588,0.044471,-0.044471,0,5.27,,,0,304.645,1.763,-1.744
Kepler-1000 b,Kepler-1000,Transit,2016,0,120.0181272,0.0003628,-0.0003628,0,4.76,0.34,-0.31,0,1115.62,16.95,-16.45
Kepler-1001 b,Kepler-1001,Transit,2016,0,14.30511983,0.0000434,-0.0000434,0,3.15,0.34,-0.48,0,928.978,23.995,-22.837
Kepler-1001 c,Kepler-1001,Transit,2020,0,9.18186,,,0,1.57799279,,,0,928.978,23.995,-22.837
Kepler-1002 b,Kepler-1002,Transit,2016,0,4.336429331,0.000006945,-0.000006945,0,1.71,0.06,-0.05,0,408.303,,
Kepler-1003 b,Kepler-1003,Transit,2016,0,3.554856915,0.000006709,-0.000006709,0,1.78,0.48,-0.22,0,941.902,15.703,-15.206
Kepler-1004 b,Kepler-1004,Transit,2016,0,5.28789787,0.00001198,-0.00001198,0,6.28,0.78,-0.44,0,1152.68,35.67,-35.67
Kepler-1005 b,Kepler-1005,Transit,2016,0,6.49801525,0.0000132,-0.0000132,0,1.5,0.21,-0.15,0,567.806,4.422,-4.356
Kepler-1006 b,Kepler-1006,Transit,2016,0,19.76172042,0.0000667,-0.0000667,0,1.54,0.27,-0.14,0,1081.738,24.999,-23.959
Kepler-1007 b,Kepler-1007,Transit,2016,0,5.185002073,0.000009325,-0.000009325,0,1.44,0.07,-0.07,0,365,17.69,-18.886
Kepler-1008 b,Kepler-1008,Transit,2016,0,12.43931193,0.00002837,-0.00002837,0,1.28,0.07,-0.05,0,282.565,1.284,-1.272
Kepler-1009 b,Kepler-1009,Transit,2016,0,11.35011917,0.0000225,-0.0000225,0,2.17,0.27,-0.24,0,355.019,8.353,-7.985
Kepler-101 b,Kepler-101,Transit,2014,0,3.4876812,0.000007,-0.000007,0,5.77,0.85,-0.79,0,927.981,14.7985,-14.7985
Kepler-101 c,Kepler-101,Transit,2014,0,6.02976,0.000075,-0.000075,0,1.25,0.19,-0.17,0,927.981,14.7985,-14.7985
Kepler-1010 b,Kepler-1010,Transit,2016,0,34.2685705,0.0001181,-0.0001181,0,2.32,0.44,-0.18,0,579.273,7.259,-7.084
Kepler-1011 b,Kepler-1011,Transit,2016,0,5.753221974,0.000009417,-0.000009417,0,2.87,0.29,-0.44,0,736.779,13.062,-12.623
Kepler-1012 b,Kepler-1012,Transit,2016,0,5.50860439,0.00001151,-0.00001151,0,1.29,0.08,-0.06,0,411.077,2.349,-2.322
Kepler-1013 b,Kepler-1013,Transit,2016,0,18.93054959,0.00004672,-0.00004672,0,2.15,0.36,-0.2,0,422.246,3.157,-3.112
Kepler-1014 b,Kepler-1014,Transit,2016,0,16.57110363,0.00003817,-0.00003817,0,2.39,0.21,-0.25,0,624.8,6.638,-6.503
Kepler-1015 b,Kepler-1015,Transit,2016,0,16.00494214,0.00004175,-0.00004175,0,3.55,1.32,-0.66,0,739.357,14.788,-14.228
Kepler-1016 b,Kepler-1016,Transit,2016,0,1.954524342,0.000003309,-0.000003309,0,2.18,0.37,-0.28,0,1402.82,59.175,-59.175
Kepler-1016 c,Kepler-1016,Transit,2016,0,105.6551369,0.0005452,-0.0005452,0,3.68,0.65,-0.37,0,1402.82,59.175,-59.175
Kepler-1017 b,Kepler-1017,Transit,2016,0,7.23400469,0.00001433,-0.00001433,0,1.99,0.29,-0.12,0,552.058,4.557,-4.484
Kepler-1018 b,Kepler-1018,Transit,2016,0,49.1013514,0.0001876,-0.0001876,0,2.58,0.3,-0.19,0,1010.01,25.18,-24.005
Kepler-1019 b,Kepler-1019,Transit,2016,0,1.411229847,0.000000746,-0.000000746,0,1.46,0.05,-0.16,0,194.182,0.51,-0.507
Kepler-102 b,Kepler-102,Transit,2014,0,5.286965,0.000012,-0.000012,0,0.46,0.026,-0.026,0,107.796,0.22,-0.219
Kepler-102 c,Kepler-102,Transit,2014,0,7.071392,0.000022,-0.000022,0,0.567,0.028,-0.028,0,107.796,0.22,-0.219
Kepler-102 d,Kepler-102,Transit,2014,0,10.311767,0.0000041,-0.0000041,0,1.154,0.058,-0.058,0,107.796,0.22,-0.219
Kepler-102 e,Kepler-102,Transit,2013,0,16.1456994,0.0000022,-0.0000022,0,2.17,0.11,-0.11,0,107.796,0.22,-0.219
Kepler-102 f,Kepler-102,Transit,2014,0,27.453592,0.00006,-0.00006,0,0.861,0.022,-0.022,0,107.796,0.22,-0.219
Kepler-1020 b,Kepler-1020,Transit,2016,0,96.9151496,0.0003632,-0.0003632,0,2.28,0.08,-0.09,0,415.358,4.106,-4.106
Kepler-1021 b,Kepler-1021,Transit,2016,0,13.47469571,0.0000321,-0.0000321,0,2.33,0.25,-0.18,0,810.082,19.673,-18.777
Kepler-1022 b,Kepler-1022,Transit,2016,0,10.99469878,0.0000188,-0.0000188,0,2.36,0.08,-0.28,0,420.042,5.664,-5.519
Kepler-1023 b,Kepler-1023,Transit,2016,0,62.1387714,0.0002199,-0.0002199,0,2.63,0.3,-0.18,0,694.175,12.345,-11.928
Kepler-1024 b,Kepler-1024,Transit,2016,0,66.4162133,0.0003538,-0.0003538,0,3.91,0.27,-0.26,0,1087.4,50.46,-50.46
Kepler-1025 b,Kepler-1025,Transit,2016,0,37.3229493,0.0001363,-0.0001363,0,1.98,0.41,-0.22,0,803.776,25.075,-25.075
Kepler-1026 b,Kepler-1026,Transit,2016,0,36.5156053,0.0001037,-0.0001037,0,2.21,0.33,-0.15,0,351.239,2.596,-2.56
Kepler-1027 b,Kepler-1027,Transit,2016,0,1.907805199,0.000002464,-0.000002464,0,0.89,0.04,-0.02,0,405.104,4.976,-4.859
Kepler-1028 b,Kepler-1028,Transit,2016,0,2.51462432,0.000004953,-0.000004953,0,1.33,0.15,-0.11,0,607.916,6.467,-6.335
Kepler-1029 b,Kepler-1029,Transit,2016,0,4.417696479,0.000008897,-0.000008897,0,1.26,0.08,-0.07,0,366.656,2.5695,-2.5695
Kepler-103 b,Kepler-103,Transit,2014,0,15.9653287,0.0000091,-0.0000092,0,3.4857,0.0567,-0.0536,0,494.832,5.894,-5.758
Kepler-103 c,Kepler-103,Transit,2014,0,179.60978,0.00019,-0.0002,0,5.4539,0.177,-0.1746,0,494.832,5.894,-5.758
Kepler-1030 b,Kepler-1030,Transit,2016,0,19.32952416,0.00007474,-0.00007474,0,2.48,0.12,-0.18,0,758.702,16.866,-16.866
Kepler-1031 b,Kepler-1031,Transit,2016,0,1.22621732,0.000004506,-0.000004506,0,0.87,0.21,-0.11,0,682.882,,
Kepler-1032 b,Kepler-1032,Transit,2016,0,3.290117953,0.000005053,-0.000005053,0,1.87,0.1,-0.08,0,673.01,37.599,-33.879
Kepler-1033 b,Kepler-1033,Transit,2016,0,7.56052806,0.00002405,-0.00002405,0,2.51,0.41,-0.18,0,1455.5,88.58,-79.14
Kepler-1034 b,Kepler-1034,Transit,2016,0,12.12400943,0.0000332,-0.0000332,0,2.26,0.17,-0.14,0,654.549,9.472,-9.21
Kepler-1035 b,Kepler-1035,Transit,2016,0,2.714077555,0.000003706,-0.000003706,0,1.17,0.28,-0.11,0,562.116,20.407,-19.048
Kepler-1036 b,Kepler-1036,Transit,2016,0,122.8808058,0.000709,-0.000709,0,3.01,0.14,-0.53,0,489.435,3.8115,-3.8115
Kepler-1037 b,Kepler-1037,Transit,2016,0,1.063788673,0.000001265,-0.000001265,0,1.28,0.09,-0.07,0,446.914,3.126,-3.126
Kepler-1038 b,Kepler-1038,Transit,2016,0,148.4603382,0.0006894,-0.0006894,0,3.53,0.52,-0.39,0,584.136,9.939,-9.618
Kepler-1038 c,Kepler-1038,Transit,2021,0,7.127659798,,,0,1.4162338,,,0,584.136,9.939,-9.618
Kepler-1039 b,Kepler-1039,Transit,2016,0,0.934884242,0.000000875,-0.000000875,0,1.46,0.09,-0.22,0,306.91,1.945,-1.921
Kepler-104 b,Kepler-104,Transit,2014,0,11.427548,0.000015,-0.000015,0,3.1,0.53,-0.53,0,400.785,4.483,-4.386
Kepler-104 c,Kepler-104,Transit,2014,0,23.668205,0.000056,-0.000056,0,3.13,0.55,-0.55,0,400.785,4.483,-4.386
Kepler-104 d,Kepler-104,Transit,2014,0,51.755394,0.00016,-0.00016,0,3.58,0.61,-0.61,0,400.785,4.483,-4.386
Kepler-1040 b,Kepler-1040,Transit,2016,0,201.1214,0.001945,-0.001945,0,2.08,0.18,-0.1,0,482.119,3.267,-3.223
Kepler-1041 b,Kepler-1041,Transit,2016,0,24.7576421,0.0001112,-0.0001112,0,2.94,0.62,-0.53,0,1485.82,38.14,-36.31
Kepler-1042 b,Kepler-1042,Transit,2016,0,10.13202575,0.00003028,-0.00003028,0,2.19,0.11,-0.16,0,659,32.135,-48.908
Kepler-1043 b,Kepler-1043,Transit,2016,0,38.5053398,0.0001785,-0.0001785,0,2.55,0.39,-0.24,0,903.332,15.483,-14.978
Kepler-1044 b,Kepler-1044,Transit,2016,0,6.77408868,0.00001867,-0.00001867,0,2.67,0.62,-0.29,0,1278.96,41.32,-41.32
Kepler-1045 b,Kepler-1045,Transit,2016,0,26.41045478,0.00007194,-0.00007194,0,2.69,0.21,-0.16,0,942.485,23.959,-22.818
Kepler-1046 b,Kepler-1046,Transit,2016,0,14.37508035,0.00004094,-0.00004094,0,1.71,0.12,-0.11,0,721.534,,
Kepler-1047 b,Kepler-1047,Transit,2016,0,56.1886887,0.0002756,-0.0002756,0,2.09,0.26,-0.17,0,817.647,9.964,-9.731
Kepler-1047 c,Kepler-1047,Transit,2016,0,3.18897601,0.00002038,-0.00002038,0,0.99,0.13,-0.09,0,817.647,9.964,-9.731
Kepler-1048 b,Kepler-1048,Transit,2016,0,6.92101021,0.00002415,-0.00002415,0,1.61,0.09,-0.08,0,556.006,5.9145,-5.9145
Kepler-1049 b,Kepler-1049,Transit,2016,0,3.273460736,0.000005305,-0.000005305,0,0.95,0.1,-0.16,0,162.006,0.423,-0.423
Kepler-105 b,Kepler-105,Transit,2013,0,5.4122034,0.0000004,-0.0000004,0,2.53,0.07,-0.07,0,459.223,5.517,-5.391
Kepler-105 c,Kepler-105,Transit,2014,0,7.12592,0.00001,-0.00001,0,1.44,0.04,-0.04,0,459.223,5.517,-5.391
Kepler-1050 b,Kepler-1050,Transit,2016,0,15.3787546,0.00006915,-0.00006915,0,1.6,0.48,-0.18,0,490.488,3.509,-3.461
Kepler-1050 c,Kepler-1050,Transit,2016,0,21.1284569,0.000112,-0.000112,0,1.48,0.35,-0.16,0,490.488,3.509,-3.461
Kepler-1051 b,Kepler-1051,Transit,2016,0,25.96200249,0.00008634,-0.00008634,0,3.4,1.23,-0.67,0,829.343,10.36,-10.112
Kepler-1052 b,Kepler-1052,Transit,2016,0,34.8538276,0.000126,-0.000126,0,2.93,0.54,-0.31,0,943.444,17.198,-17.198
Kepler-1052 c,Kepler-1052,Transit,2023,0,180.921729,0.002826,-0.002826,0,2.3,0.54,-0.19,0,943.444,17.198,-17.198
Kepler-1053 b,Kepler-1053,Transit,2016,0,2.414351654,0.000002538,-0.000002538,0,0.98,0.05,-0.04,0,151.129,0.389,-0.387
Kepler-1054 b,Kepler-1054,Transit,2016,0,4.30655689,0.00001426,-0.00001426,0,2.63,1.15,-0.53,0,1090.51,22.95,-22.04
Kepler-1055 b,Kepler-1055,Transit,2016,0,2.295036233,0.000003471,-0.000003471,0,1.23,0.07,-0.06,0,389.397,2.463,-2.433
Kepler-1056 b,Kepler-1056,Transit,2016,0,27.495606,0.0001457,-0.0001457,0,3.01,1.33,-0.6,0,982.51,19.3375,-19.3375
Kepler-1057 b,Kepler-1057,Transit,2016,0,14.08827448,0.00004045,-0.00004045,0,3.36,1.1,-0.52,0,1201.82,46.38,-43.11
Kepler-1058 b,Kepler-1058,Transit,2016,0,110.96546,0.001146,-0.001146,0,2.72,0.11,-0.32,0,491.997,,
Kepler-1059 b,Kepler-1059,Transit,2016,0,3.764191048,0.000009545,-0.000009545,0,1.73,0.12,-0.15,0,713.167,16.252,-15.555
Kepler-106 b,Kepler-106,Transit,2014,0,6.16486,,,0,0.82,0.11,-0.11,0,444.322,6.101,-5.941
Kepler-106 c,Kepler-106,Transit,2014,0,13.5708,,,0,2.5,0.32,-0.32,0,444.322,6.101,-5.941
Kepler-106 d,Kepler-106,Transit,2014,0,23.9802,,,0,0.95,0.13,-0.13,0,444.322,6.101,-5.941
Kepler-106 e,Kepler-106,Transit,2014,0,43.8445,,,0,2.56,0.33,-0.33,0,444.322,6.101,-5.941
Kepler-1060 b,Kepler-1060,Transit,2016,0,46.8779367,0.000305,-0.000305,0,2.38,0.45,-0.29,0,946.565,20.827,-19.963
Kepler-1061 b,Kepler-1061,Transit,2016,0,2.757982666,0.000003883,-0.000003883,0,1.98,0.11,-0.37,0,543.375,4.391,-4.323
Kepler-1062 b,Kepler-1062,Transit,2016,0,9.30412078,0.00002394,-0.00002394,0,1.76,0.09,-0.1,0,397.455,3.632,-3.569
Kepler-1063 b,Kepler-1063,Transit,2016,0,14.07971466,0.00002871,-0.00002871,0,1.49,0.4,-0.19,0,343.226,,
Kepler-1064 b,Kepler-1064,Transit,2016,0,16.54080322,0.00004111,-0.00004111,0,1.55,0.07,-0.05,0,374,11.514,-11.475
Kepler-1065 b,Kepler-1065,Transit,2016,0,3.609308907,0.000005102,-0.000005102,0,3.73,0.64,-0.36,0,1122.48,46.56,-43.05
Kepler-1065 c,Kepler-1065,Transit,2016,0,2.37030743,0.00001691,-0.00001691,0,1.6,0.24,-0.17,0,1122.48,46.56,-43.05
Kepler-1066 b,Kepler-1066,Transit,2016,0,1.931559839,0.000001571,-0.000001571,0,2.36,0.5,-0.33,0,344.251,2.536,-2.499
Kepler-1067 b,Kepler-1067,Transit,2016,0,0.762129261,0.000002732,-0.000002732,0,0.8,0.12,-0.06,0,667.693,8.325,-8.126
Kepler-1067 c,Kepler-1067,Transit,2021,0,5.425839901,,,0,1.74682428,,,0,667.693,8.325,-8.126
Kepler-1068 b,Kepler-1068,Transit,2016,0,16.92344113,0.00005446,-0.00005446,0,3.63,0.89,-0.37,0,1473.61,74.39,-67.69
Kepler-1069 b,Kepler-1069,Transit,2016,0,23.8990296,0.0001497,-0.0001497,0,1.6,0.31,-0.14,0,695.967,6.434,-6.319
Kepler-107 b,Kepler-107,Transit,2014,0,3.1800218,0.0000029,-0.0000029,0,1.536,0.025,-0.025,0,525.997,5.697,-5.577
Kepler-107 c,Kepler-107,Transit,2014,0,4.901452,0,0,0,1.597,0.026,-0.026,0,525.997,5.697,-5.577
Kepler-107 d,Kepler-107,Transit,2014,0,7.95839,0.00012,-0.00012,0,0.86,0.06,-0.06,0,525.997,5.697,-5.577
Kepler-107 e,Kepler-107,Transit,2014,0,14.749143,0.000019,-0.000019,0,2.903,0.035,-0.035,0,525.997,5.697,-5.577
Kepler-1070 b,Kepler-1070,Transit,2016,0,6.2216147,0.00001944,-0.00001944,0,1.73,0.81,-0.25,0,939.001,11.6915,-11.6915
Kepler-1071 b,Kepler-1071,Transit,2016,0,6.1799844,0.00001367,-0.00001367,0,2.38,0.07,-0.14,0,1042.27,46.837,-46.837
Kepler-1072 b,Kepler-1072,Transit,2016,0,1.569066502,0.000002899,-0.000002899,0,1.58,0.72,-0.24,0,982.716,14.8705,-14.8705
Kepler-1073 b,Kepler-1073,Transit,2016,0,8.67888593,0.00002409,-0.00002409,0,2.3,0.49,-0.25,0,809.897,13.14,-12.733
Kepler-1073 c,Kepler-1073,Transit,2016,0,4.02582254,0.00001484,-0.00001484,0,1.64,0.34,-0.18,0,809.897,13.14,-12.733
Kepler-1073 d,Kepler-1073,Transit,2021,0,2.504760027,,,0,1.48770949,,,0,809.897,13.14,-12.733
Kepler-1074 b,Kepler-1074,Transit,2016,0,5.94566534,0.00001443,-0.00001443,0,1.25,0.24,-0.09,0,250.817,1.474,-1.474
Kepler-1075 b,Kepler-1075,Transit,2016,0,1.52372816,0.000002705,-0.000002705,0,1.42,0.16,-0.33,0,291.275,4.987,-4.824
Kepler-1076 b,Kepler-1076,Transit,2016,0,6.14727918,0.00002112,-0.00002112,0,0.8,0.04,-0.03,0,199,4.676,-5.677
Kepler-1077 b,Kepler-1077,Transit,2016,0,34.3511874,0.0001503,-0.0001503,0,2.77,0.7,-0.33,0,1101.42,28.41,-28.41
Kepler-1078 b,Kepler-1078,Transit,2016,0,3.00725242,0.00001242,-0.00001242,0,1.9,0.3,-0.33,0,2481.71,246.155,-246.155
Kepler-1079 b,Kepler-1079,Transit,2016,0,13.24503188,0.00004886,-0.00004886,0,1.63,0.33,-0.28,0,591.098,,
Kepler-108 b,Kepler-108,Transit,2014,0,49.183921,0.000054,-0.000054,0,8.65,0.48,-0.48,0,338.732,,
Kepler-108 c,Kepler-108,Transit,2014,0,190.323494,0.000988,-0.000988,0,8.18,0.51,-0.51,0,338.732,,
Kepler-1080 b,Kepler-1080,Transit,2016,0,77.2548396,0.0003198,-0.0003198,0,3.28,1.13,-0.5,0,1382.82,26.61,-26.61
Kepler-1081 b,Kepler-1081,Transit,2016,0,3.856918547,0.000009658,-0.000009658,0,1.01,0.1,-0.07,0,420.215,2.776,-2.776
Kepler-1082 b,Kepler-1082,Transit,2016,0,1.543206604,0.000004536,-0.000004536,0,1.12,0.18,-0.13,0,739.557,7.8,-7.641
Kepler-1083 b,Kepler-1083,Transit,2016,0,33.4177993,0.0001854,-0.0001854,0,3.36,0.16,-0.63,0,902.633,24.999,-23.709
Kepler-1084 b,Kepler-1084,Transit,2016,0,2.05333679,0.000004127,-0.000004127,0,1.11,0.23,-0.15,0,405.533,5.621,-5.472
Kepler-1085 b,Kepler-1085,Transit,2016,0,219.3217528,0.0008946,-0.0008946,0,7.22,1.77,-0.74,0,1364.53,45.24,-42.47
Kepler-1085 c,Kepler-1085,Transit,2020,0,56.7771,,,0,3.26817741,,,0,1364.53,45.24,-42.47
Kepler-1086 b,Kepler-1086,Transit,2016,0,18.78425728,0.00005283,-0.00005283,0,2.44,0.35,-0.28,0,466.084,7.178,-7.178
Kepler-1086 c,Kepler-1086,Transit,2016,0,161.5163345,0.0008629,-0.0008629,0,2.94,0.11,-0.13,0,466.084,7.178,-7.178
Kepler-1087 b,Kepler-1087,Transit,2016,0,0.693842855,0.000001595,-0.000001595,0,0.61,0.17,-0.05,0,362.623,3.508,-3.443
Kepler-1088 b,Kepler-1088,Transit,2016,0,23.12748644,0.00008919,-0.00008919,0,1.42,0.11,-0.1,0,280.629,1.575,-1.558
Kepler-1089 b,Kepler-1089,Transit,2016,0,5.132485618,0.00000948,-0.00000948,0,1.83,0.1,-0.34,0,259.328,2.538,-2.49
Kepler-109 b,Kepler-109,Transit,2014,0,6.4816307,0.0000048,-0.0000048,0,2.49,0.11,-0.11,0,474.861,5.349,-5.233
Kepler-109 c,Kepler-109,Transit,2014,0,21.22265,0.000027,-0.000027,0,2.65,0.12,-0.12,0,474.861,5.349,-5.233
Kepler-1090 b,Kepler-1090,Transit,2016,0,198.680179,0.002176,-0.002176,0,2.25,0.21,-0.17,0,858.77,28.36,-26.632
Kepler-1090 c,Kepler-1090,Transit,2021,0,42.42720032,,,0,3.29265785,,,0,858.77,28.36,-26.632
Kepler-1091 b,Kepler-1091,Transit,2016,0,1.434741564,0.000003271,-0.000003271,0,1.46,0.36,-0.19,0,914.299,19.236,-18.471
Kepler-1092 b,Kepler-1092,Transit,2016,0,58.6017925,0.0006006,-0.0006006,0,2.07,0.37,-0.24,0,981.233,17.7585,-17.7585
Kepler-1093 b,Kepler-1093,Transit,2016,0,25.0824626,0.0001211,-0.0001211,0,1.95,0.62,-0.25,0,1072.88,21.085,-21.085
Kepler-1093 c,Kepler-1093,Transit,2016,0,89.722292,0.00108,-0.00108,0,1.96,0.72,-0.27,0,1072.88,21.085,-21.085
Kepler-1094 b,Kepler-1094,Transit,2016,0,78.1000231,0.0006388,-0.0006388,0,3.18,1.2,-0.46,0,1291.01,55.4,-55.4
Kepler-1095 b,Kepler-1095,Transit,2016,0,4.27103091,0.0000148,-0.0000148,0,1.21,0.2,-0.12,0,792.522,11.7885,-11.7885
Kepler-1096 b,Kepler-1096,Transit,2016,0,2.892217506,0.000005997,-0.000005997,0,1.24,0.37,-0.08,0,377.976,4.1455,-4.1455
Kepler-1097 b,Kepler-1097,Transit,2016,0,187.747029,0.001894,-0.001894,0,3.26,0.26,-0.26,0,719.802,12.838,-12.404
Kepler-1098 b,Kepler-1098,Transit,2016,0,2.543072855,0.000009591,-0.000009591,0,1.3,0.24,-0.14,0,1049.19,22.36,-21.46
Kepler-1099 b,Kepler-1099,Transit,2016,0,2.168452593,0.000002799,-0.000002799,0,2.83,0.43,-0.51,0,1022.8,26.54,-25.25
Kepler-11 b,Kepler-11,Transit,2010,0,10.3039,0.0006,-0.001,0,1.8,0.03,-0.05,0,646.346,6.375,-6.375
Kepler-11 c,Kepler-11,Transit,2010,0,13.0241,0.0013,-0.0008,0,2.87,0.05,-0.06,0,646.346,6.375,-6.375
Kepler-11 d,Kepler-11,Transit,2010,0,22.6845,0.0009,-0.0009,0,3.12,0.06,-0.07,0,646.346,6.375,-6.375
Kepler-11 e,Kepler-11,Transit,2010,0,31.9996,0.0008,-0.0012,0,4.19,0.07,-0.09,0,646.346,6.375,-6.375
Kepler-11 f,Kepler-11,Transit,2010,0,46.6888,0.0027,-0.0032,0,2.49,0.04,-0.07,0,646.346,6.375,-6.375
Kepler-11 g,Kepler-11,Transit,2010,0,118.3807,0.001,-0.0006,0,3.33,0.06,-0.08,0,646.346,6.375,-6.375
Kepler-110 b,Kepler-110,Transit,2014,0,12.691112,0.000036,-0.000036,0,1.83,0.36,-0.36,0,586.531,8.215,-7.995
Kepler-110 c,Kepler-110,Transit,2014,0,31.719775,0.000104,-0.000104,0,2.21,0.44,-0.44,0,586.531,8.215,-7.995
Kepler-1100 b,Kepler-1100,Transit,2016,0,6.42200058,0.00002182,-0.00002182,0,1.75,0.82,-0.29,0,693.618,8.0345,-8.0345
Kepler-1101 b,Kepler-1101,Transit,2016,0,81.3151059,0.0005693,-0.0005693,0,2.47,0.37,-0.21,0,742.473,13.484,-13.484
Kepler-1102 b,Kepler-1102,Transit,2016,0,51.3285623,0.0003326,-0.0003326,0,2.66,0.53,-0.23,0,1246.05,30.82,-29.4
Kepler-1103 b,Kepler-1103,Transit,2016,0,19.79191978,0.00009543,-0.00009543,0,2.27,0.61,-0.27,0,1331.92,24.44,-23.58
Kepler-1104 b,Kepler-1104,Transit,2016,0,5.03728015,0.00001378,-0.00001378,0,1.23,0.14,-0.1,0,530.658,12.837,-12.255
Kepler-1105 b,Kepler-1105,Transit,2016,0,4.421572182,0.00000977,-0.00000977,0,2.01,0.06,-0.25,0,318.004,2.517,-2.479
Kepler-1106 b,Kepler-1106,Transit,2016,0,1.252752174,0.000002149,-0.000002149,0,1.65,0.49,-0.23,0,1090.7,23.91,-22.92
Kepler-1107 b,Kepler-1107,Transit,2016,0,0.571038518,0.000000422,-0.000000422,0,1.34,0.1,-0.08,0,428.798,4.232,-4.232
Kepler-1108 b,Kepler-1108,Transit,2016,0,4.51005748,0.0000133,-0.0000133,0,1.46,0.14,-0.11,0,767.701,14.012,-13.527
Kepler-1109 b,Kepler-1109,Transit,2016,0,37.6467384,0.000212,-0.000212,0,2.19,0.44,-0.23,0,685.087,10.1045,-10.1045
Kepler-111 b,Kepler-111,Transit,2014,0,3.341815,0.000006,-0.000006,0,1.58,0.2,-0.2,0,657.223,6.014,-5.908
Kepler-111 c,Kepler-111,Transit,2014,0,224.77833,0.00026,-0.00026,0,7.0840758,0.25780656,-0.23538859,0,657.223,6.014,-5.908
Kepler-1110 b,Kepler-1110,Transit,2016,0,9.69312032,0.00003024,-0.00003024,0,2.66,0.38,-0.26,0,726.828,17.049,-17.049
Kepler-1111 b,Kepler-1111,Transit,2016,0,8.79617863,0.0000297,-0.0000297,0,2,0.54,-0.26,0,841.536,15.759,-15.759
Kepler-1112 b,Kepler-1112,Transit,2016,0,14.36267939,0.00005701,-0.00005701,0,3.02,1.28,-0.52,0,1671.28,66.145,-66.145
Kepler-1113 b,Kepler-1113,Transit,2016,0,42.3004954,0.0002092,-0.0002092,0,2.81,1.13,-0.36,0,1073.88,26.96,-26.96
Kepler-1114 b,Kepler-1114,Transit,2016,0,14.97435694,0.00005221,-0.00005221,0,1.35,0.08,-0.07,0,418.417,2.8555,-2.8555
Kepler-1115 b,Kepler-1115,Transit,2016,0,23.5540725,0.0001356,-0.0001356,0,1.7,0.29,-0.2,0,983.245,26.145,-24.852
Kepler-1116 b,Kepler-1116,Transit,2016,0,41.6977827,0.0002004,-0.0002004,0,2.54,0.54,-0.22,0,1008.57,26.63,-25.309
Kepler-1117 b,Kepler-1117,Transit,2016,0,4.79028459,0.0000186,-0.0000186,0,1.11,0.17,-0.08,0,568.487,5.9785,-5.9785
Kepler-1118 b,Kepler-1118,Transit,2016,0,38.6715075,0.0002298,-0.0002298,0,2.74,0.6,-0.43,0,888.325,21.619,-20.632
Kepler-1119 b,Kepler-1119,Transit,2016,0,8.3265153,0.00004777,-0.00004777,0,1.92,0.63,-0.3,0,1757.23,84.23,-76.98
Kepler-112 b,Kepler-112,Transit,2014,0,8.408878,0.00001,-0.00001,0,2.36,0.57,-0.57,0,513.206,4.227,-4.227
Kepler-112 c,Kepler-112,Transit,2014,0,28.574263,0.00006,-0.00006,0,2.4,0.58,-0.58,0,513.206,4.227,-4.227
Kepler-1120 b,Kepler-1120,Transit,2016,0,2.949029052,0.000007469,-0.000007469,0,1.38,0.09,-0.07,0,615.231,8.8545,-8.8545
Kepler-1121 b,Kepler-1121,Transit,2016,0,13.15141081,0.00005864,-0.00005864,0,1.91,0.48,-0.46,0,482.047,4.46,-4.381
Kepler-1122 b,Kepler-1122,Transit,2016,0,42.1917357,0.0002996,-0.0002996,0,2.04,0.27,-0.14,0,1230.42,36.06,-34.1
Kepler-1123 b,Kepler-1123,Transit,2016,0,4.33946454,0.00001178,-0.00001178,0,1.67,0.25,-0.11,0,704.323,10.084,-10.084
Kepler-1124 b,Kepler-1124,Transit,2016,0,2.852348975,0.000003028,-0.000003028,0,1.28,0.12,-0.07,0,289.899,3.536,-3.536
Kepler-1125 b,Kepler-1125,Transit,2016,0,17.6700642,0.0001176,-0.0001176,0,1.84,0.3,-0.18,0,2011.41,275,-216.96
Kepler-1126 b,Kepler-1126,Transit,2016,0,108.593329,0.001003,-0.001003,0,1.73,0.21,-0.14,0,635.736,6.781,-6.781
Kepler-1126 c,Kepler-1126,Transit,2023,0,199.66876,0.003961,-0.003961,0,1.45,0.18,-0.18,0,635.736,6.781,-6.781
Kepler-1127 b,Kepler-1127,Transit,2016,0,5.12330347,0.00002272,-0.00002272,0,1.96,0.31,-0.42,0,842.459,20.1305,-20.1305
Kepler-1128 b,Kepler-1128,Transit,2016,0,61.6178167,0.0003337,-0.0003337,0,3.65,0.53,-0.34,0,1083.41,38.34,-38.34
Kepler-1129 b,Kepler-1129,Transit,2016,0,24.3397804,0.0001298,-0.0001298,0,2.96,0.51,-0.33,0,1183.88,42.02,-42.02
Kepler-1129 c,Kepler-1129,Transit,2016,0,76.5369586,0.0007586,-0.0007586,0,2.73,0.46,-0.27,0,1183.88,42.02,-42.02
Kepler-113 b,Kepler-113,Transit,2014,0,4.754,,,0,1.82,0.05,-0.05,0,262.351,1.117,-1.107
Kepler-113 c,Kepler-113,Transit,2014,0,8.92507,,,0,2.18,0.06,-0.06,0,262.351,1.117,-1.107
Kepler-1130 b,Kepler-1130,Transit,2016,0,5.45298175,0.00001294,-0.00001294,0,0.8,0.16,-0.03,0,249.343,1.802,-1.777
Kepler-1130 c,Kepler-1130,Transit,2021,0,3.266639948,,,0,0.79239584,,,0,249.343,1.802,-1.777
Kepler-1130 d,Kepler-1130,Transit,2021,0,4.272250175,,,0,0.64472273,,,0,249.343,1.802,-1.777
Kepler-1131 b,Kepler-1131,Transit,2016,0,3.53232449,0.00001266,-0.00001266,0,1.59,0.36,-0.15,0,1030.7,23.35,-23.35
Kepler-1132 b,Kepler-1132,Transit,2016,0,62.8916228,0.0004523,-0.0004523,0,2.35,0.19,-0.17,0,867.931,21.59,-20.584
Kepler-1133 b,Kepler-1133,Transit,2016,0,11.55562343,0.00003409,-0.00003409,0,1.97,0.24,-0.15,0,753.135,16.2075,-16.2075
Kepler-1134 b,Kepler-1134,Transit,2016,0,17.13263989,0.00008204,-0.00008204,0,2.64,0.21,-0.26,0,944.445,31.843,-29.865
Kepler-1135 b,Kepler-1135,Transit,2016,0,76.957857,0.0007104,-0.0007104,0,1.85,0.33,-0.16,0,1314.64,26.92,-26.92
Kepler-1136 b,Kepler-1136,Transit,2016,0,2.361724329,0.000003651,-0.000003651,0,1.64,0.1,-0.09,0,491.406,8.398,-8.125
Kepler-1137 b,Kepler-1137,Transit,2016,0,23.9210791,0.0001379,-0.0001379,0,2.2,0.83,-0.4,0,921.778,18.971,-18.234
Kepler-1138 b,Kepler-1138,Transit,2016,0,3.17060005,0.00001019,-0.00001019,0,1.7,0.24,-0.13,0,872.328,22.717,-21.612
Kepler-1139 b,Kepler-1139,Transit,2016,0,0.813166719,0.000001251,-0.000001251,0,1.19,0.17,-0.08,0,495.156,4.886,-4.886
Kepler-114 b,Kepler-114,Transit,2014,0,5.188549,0.000012,-0.000012,0,1.26,0.13,-0.13,0,259.533,1.3085,-1.3085
Kepler-114 c,Kepler-114,Transit,2013,0,8.041,,,0,1.6,0.18,-0.18,0,259.533,1.3085,-1.3085
Kepler-114 d,Kepler-114,Transit,2013,0,11.776,,,0,2.53,0.28,-0.28,0,259.533,1.3085,-1.3085
Kepler-1140 b,Kepler-1140,Transit,2016,0,24.0862707,0.000102,-0.000102,0,2.77,0.45,-0.37,0,656.48,10.986,-10.636
Kepler-1141 b,Kepler-1141,Transit,2016,0,2.344511944,0.000005354,-0.000005354,0,0.82,0.12,-0.08,0,393.642,3.809,-3.739
Kepler-1142 b,Kepler-1142,Transit,2016,0,18.3027248,0.0001389,-0.0001389,0,1.47,0.43,-0.18,0,1273.51,32.145,-32.145
Kepler-1143 b,Kepler-1143,Transit,2016,0,2.888904849,0.00000694,-0.00000694,0,1.67,0.13,-0.11,0,555.189,7.762,-7.555
Kepler-1143 c,Kepler-1143,Transit,2016,0,210.630591,0.001456,-0.001456,0,3.6,0.51,-0.35,0,555.189,7.762,-7.555
Kepler-1144 b,Kepler-1144,Transit,2016,0,17.14647302,0.00009073,-0.00009073,0,1.99,0.3,-0.16,0,1140.57,32.62,-30.88
Kepler-1145 b,Kepler-1145,Transit,2016,0,3.97076766,0.0000111,-0.0000111,0,1.4,0.11,-0.11,0,691.961,14.588,-14.007
Kepler-1146 b,Kepler-1146,Transit,2016,0,2.352265797,0.000008255,-0.000008255,0,1.23,0.1,-0.08,0,703.038,16.713,-15.968
Kepler-1147 b,Kepler-1147,Transit,2016,0,10.62784997,0.00009118,-0.00009118,0,2.61,0.8,-0.51,0,1657.36,79.845,-79.845
Kepler-1148 b,Kepler-1148,Transit,2016,0,1.104463509,0.000001289,-0.000001289,0,1.69,0.1,-0.09,0,625.692,10.668,-10.321
Kepler-1149 b,Kepler-1149,Transit,2016,0,3.73089898,0.00001502,-0.00001502,0,1.44,0.26,-0.17,0,1217.73,45.605,-45.605
Kepler-115 b,Kepler-115,Transit,2014,0,2.403679,0.000012,-0.000012,0,1.09,0.21,-0.21,0,623.609,7.021,-6.869
Kepler-115 c,Kepler-115,Transit,2014,0,8.990889,0.000021,-0.000021,0,2.6,0.5,-0.5,0,623.609,7.021,-6.869
Kepler-1150 b,Kepler-1150,Transit,2016,0,2.787868386,0.000008265,-0.000008265,0,1.02,0.06,-0.06,0,358.518,2.334,-2.304
Kepler-1151 b,Kepler-1151,Transit,2016,0,65.6478424,0.000401,-0.000401,0,2.22,0.24,-0.17,0,682.436,10.963,-10.963
Kepler-1152 b,Kepler-1152,Transit,2016,0,1.646801908,0.000002672,-0.000002672,0,0.87,0.05,-0.06,0,215.233,0.9025,-0.9025
Kepler-1153 b,Kepler-1153,Transit,2016,0,1.755835327,0.000004385,-0.000004385,0,1.73,0.21,-0.11,0,1119.49,43.6,-40.51
Kepler-1154 b,Kepler-1154,Transit,2016,0,5.1856142,0.00002676,-0.00002676,0,2.34,1.06,-0.49,0,1460.1,44.73,-42.19
Kepler-1154 c,Kepler-1154,Transit,2016,0,8.45808312,0.00004757,-0.00004757,0,2.36,0.95,-0.49,0,1460.1,44.73,-42.19
Kepler-1155 b,Kepler-1155,Transit,2016,0,33.469743,0.0002003,-0.0002003,0,2.03,0.45,-0.2,0,1128.72,,
Kepler-1156 b,Kepler-1156,Transit,2016,0,11.89520511,0.00006499,-0.00006499,0,1.32,0.14,-0.09,0,691.331,7.293,-7.146
Kepler-1157 b,Kepler-1157,Transit,2016,0,4.45743164,0.00001699,-0.00001699,0,1.09,0.04,-0.2,0,342.144,2.416,-2.383
Kepler-1158 b,Kepler-1158,Transit,2016,0,13.5396293,0.00009329,-0.00009329,0,2.34,0.46,-0.46,0,1484.25,36.935,-36.935
Kepler-1159 b,Kepler-1159,Transit,2016,0,22.70816791,0.00009541,-0.00009541,0,2.37,1.03,-0.37,0,1213.71,28.22,-28.22
Kepler-116 b,Kepler-116,Transit,2014,0,5.968734,0.000009,-0.000009,0,3.42,0.65,-0.65,0,955.168,15.564,-15.081
Kepler-116 c,Kepler-116,Transit,2014,0,13.07163,0.000056,-0.000056,0,2.3,0.44,-0.44,0,955.168,15.564,-15.081
Kepler-1160 b,Kepler-1160,Transit,2016,0,7.97034958,0.00003122,-0.00003122,0,2.14,0.28,-0.14,0,1077.63,38.1,-35.64
Kepler-1161 b,Kepler-1161,Transit,2016,0,10.71252541,0.00003876,-0.00003876,0,2.13,0.5,-0.13,0,547.726,9.853,-9.853
Kepler-1162 b,Kepler-1162,Transit,2016,0,32.5637069,0.0002472,-0.0002472,0,2.21,0.5,-0.21,0,940.211,26.13,-24.779
Kepler-1162 c,Kepler-1162,Transit,2023,0,59.284064,0.0006992,-0.0006992,0,1.81,0.13,-0.11,0,940.211,26.13,-24.779
Kepler-1163 b,Kepler-1163,Transit,2016,0,6.11786898,0.00002808,-0.00002808,0,1.03,0.17,-0.11,0,478.647,4.593,-4.508
Kepler-1164 b,Kepler-1164,Transit,2016,0,3.97599768,0.00001086,-0.00001086,0,1.12,0.04,-0.07,0,431.622,3.244,-3.196
Kepler-1165 b,Kepler-1165,Transit,2016,0,9.478522,0.00005909,-0.00005909,0,1.55,0.5,-0.19,0,1575.2,50.37,-47.39
Kepler-1165 c,Kepler-1165,Transit,2021,0,29.96870041,,,0,3.36093385,,,0,1575.2,50.37,-47.39
Kepler-1166 b,Kepler-1166,Transit,2016,0,33.2406882,0.00028,-0.00028,0,1.69,0.62,-0.14,0,634.906,7.946,-7.946
Kepler-1167 b,Kepler-1167,Transit,2016,0,1.003933739,0.000002678,-0.000002678,0,1.71,0.12,-0.12,0,820.905,25.675,-24.189
Kepler-1168 b,Kepler-1168,Transit,2016,0,55.8226539,0.0003871,-0.0003871,0,2.5,0.18,-0.13,0,752.666,15.257,-15.257
Kepler-1169 b,Kepler-1169,Transit,2016,0,6.11009134,0.00002806,-0.00002806,0,0.94,0.06,-0.06,0,522.823,5.131,-5.034
Kepler-117 b,Kepler-117,Transit,2014,0,18.7959228,0.0000075,-0.0000075,0,8.059,0.269,-0.269,0,1455.57,38.385,-38.385
Kepler-117 c,Kepler-117,Transit,2014,0,50.790391,0.000014,-0.000014,0,12.341,0.392,-0.392,0,1455.57,38.385,-38.385
Kepler-1170 b,Kepler-1170,Transit,2016,0,9.98969327,0.00004242,-0.00004242,0,2.41,0.19,-0.17,0,1050.45,37.97,-35.46
Kepler-1171 b,Kepler-1171,Transit,2016,0,1.44259224,0.00000219,-0.00000219,0,2.56,0.68,-0.5,0,573,10.102,-9.765
Kepler-1172 b,Kepler-1172,Transit,2016,0,26.0204423,0.0001886,-0.0001886,0,3.2,0.4,-0.28,0,1306.53,53.12,-53.12
Kepler-1173 b,Kepler-1173,Transit,2016,0,0.7698536,0.000001205,-0.000001205,0,0.89,0.23,-0.07,0,377.06,2.3975,-2.3975
Kepler-1174 b,Kepler-1174,Transit,2016,0,6.89225223,0.00002664,-0.00002664,0,1.59,0.31,-0.16,0,1408.75,27.7,-26.67
Kepler-1175 b,Kepler-1175,Transit,2016,0,37.94563,0.0001732,-0.0001732,0,2.99,0.27,-0.23,0,1121.89,61.45,-55.5
Kepler-1176 b,Kepler-1176,Transit,2016,0,24.1738579,0.0001336,-0.0001336,0,2.45,0.63,-0.32,0,864.699,22.9595,-22.9595
Kepler-1177 b,Kepler-1177,Transit,2016,0,106.247547,0.001822,-0.001822,0,1.9,0.16,-0.12,0,1299.97,34.42,-32.72
Kepler-1178 b,Kepler-1178,Transit,2016,0,31.80634,0.0003857,-0.0003857,0,1.07,0.06,-0.08,0,482.287,4.7555,-4.7555
Kepler-1179 b,Kepler-1179,Transit,2016,0,2.685057492,0.000004099,-0.000004099,0,1.32,0.09,-0.08,0,415.205,2.558,-2.528
Kepler-118 b,Kepler-118,Transit,2014,0,7.518496,0.000056,-0.000056,0,1.96,0.94,-0.94,0,574.228,6.899,-6.741
Kepler-118 c,Kepler-118,Transit,2014,0,20.17202,0.000013,-0.000013,0,7.68,3.43,-3.43,0,574.228,6.899,-6.741
Kepler-1180 b,Kepler-1180,Transit,2016,0,16.8601286,0.0001369,-0.0001369,0,1.99,0.55,-0.27,0,1596.8,86.9,-78.51
Kepler-1181 b,Kepler-1181,Transit,2016,0,4.89337519,0.00002526,-0.00002526,0,1.57,0.65,-0.26,0,938.417,11.9915,-11.9915
Kepler-1181 c,Kepler-1181,Transit,2023,0,8.93484887,0.00009707,-0.00009707,0,1.83,0.64,-0.23,0,938.417,11.9915,-11.9915
Kepler-1182 b,Kepler-1182,Transit,2016,0,11.17394617,0.00006278,-0.00006278,0,2.41,0.6,-0.5,0,1545.39,64.04,-59.22
Kepler-1183 b,Kepler-1183,Transit,2016,0,28.5057189,0.0003031,-0.0003031,0,2.82,0.52,-0.3,0,1919.19,174.31,-148.01
Kepler-1184 b,Kepler-1184,Transit,2016,0,53.5991044,0.0003674,-0.0003674,0,2.68,0.6,-0.3,0,1157.84,33.51,-31.7
Kepler-1185 b,Kepler-1185,Transit,2016,0,104.3518976,0.0006705,-0.0006705,0,1.33,0.08,-0.05,0,459.273,4.918,-4.818
Kepler-1186 b,Kepler-1186,Transit,2016,0,16.07677615,0.00007199,-0.00007199,0,2.23,0.36,-0.22,0,1337.25,38.93,-38.93
Kepler-1187 b,Kepler-1187,Transit,2016,0,18.87064068,0.00006002,-0.00006002,0,2.61,0.51,-0.28,0,1020.53,32.46,-30.549
Kepler-1188 b,Kepler-1188,Transit,2016,0,17.1369543,0.0001214,-0.0001214,0,2.08,0.49,-0.22,0,1717.48,61.92,-57.84
Kepler-1189 b,Kepler-1189,Transit,2016,0,3.78858982,0.00002274,-0.00002274,0,1.77,0.52,-0.48,0,782.852,11.437,-11.437
Kepler-119 b,Kepler-119,Transit,2014,0,2.422082,0.000001,-0.000001,0,3.6,1.37,-1.37,0,701.996,12.463,-12.044
Kepler-119 c,Kepler-119,Transit,2014,0,4.125103,0.000028,-0.000028,0,0.92,0.35,-0.35,0,701.996,12.463,-12.044
Kepler-1190 b,Kepler-1190,Transit,2016,0,10.45843441,0.00005281,-0.00005281,0,1.33,0.05,-0.11,0,342.509,2.3055,-2.3055
Kepler-1191 b,Kepler-1191,Transit,2016,0,5.60014851,0.00001909,-0.00001909,0,1.51,0.13,-0.11,0,955.536,25.742,-24.448
Kepler-1192 b,Kepler-1192,Transit,2016,0,25.2034787,0.0001278,-0.0001278,0,2.36,0.24,-0.22,0,1304.19,60.92,-55.8
Kepler-1193 b,Kepler-1193,Transit,2016,0,2.832652134,0.000009032,-0.000009032,0,1.32,0.21,-0.17,0,802.116,10.764,-10.487
Kepler-1194 b,Kepler-1194,Transit,2016,0,16.22371307,0.00008867,-0.00008867,0,1.51,0.12,-0.09,0,757.382,,
Kepler-1195 b,Kepler-1195,Transit,2016,0,8.49642241,0.00002872,-0.00002872,0,2.08,0.19,-0.17,0,918.566,33.219,-31.016
Kepler-1196 b,Kepler-1196,Transit,2016,0,66.1849031,0.0004661,-0.0004661,0,2.23,0.37,-0.21,0,922.333,19.987,-19.17
Kepler-1197 b,Kepler-1197,Transit,2016,0,2.03231845,0.000003751,-0.000003751,0,1.25,0.03,-0.09,0,486.94,6.611,-6.439
Kepler-1198 b,Kepler-1198,Transit,2016,0,7.6847716,0.0000325,-0.0000325,0,1.47,0.18,-0.1,0,743.03,12.697,-12.285
Kepler-1199 b,Kepler-1199,Transit,2016,0,15.0447198,0.0001084,-0.0001084,0,1.15,0.21,-0.16,0,563.493,,
Kepler-12 b,Kepler-12,Transit,2011,0,4.4379629,0.0000006,-0.0000006,0,19.660586,0.347479,-0.403524,0,881.386,9.854,-9.643
Kepler-120 b,Kepler-120,Transit,2014,0,6.312501,0.000008,-0.000008,0,2.15,0.17,-0.17,0,388.63,3.24,-3.187
Kepler-120 c,Kepler-120,Transit,2014,0,12.794585,0.000044,-0.000044,0,1.53,0.09,-0.09,0,388.63,3.24,-3.187
Kepler-1200 b,Kepler-1200,Transit,2016,0,1.118549717,0.00000312,-0.00000312,0,1.06,0.06,-0.08,0,588.715,12.631,-12.119
Kepler-1201 b,Kepler-1201,Transit,2016,0,15.18725932,0.00008158,-0.00008158,0,2.29,0.91,-0.43,0,944.241,23.011,-21.96
Kepler-1202 b,Kepler-1202,Transit,2016,0,28.6851324,0.0001899,-0.0001899,0,2.94,0.91,-0.31,0,1175.38,44.33,-41.27
Kepler-1203 b,Kepler-1203,Transit,2016,0,0.588000765,0.000000582,-0.000000582,0,1.06,0.06,-0.04,0,317.022,2.94,-2.886
Kepler-1204 b,Kepler-1204,Transit,2016,0,85.7350285,0.0006373,-0.0006373,0,3.05,0.87,-0.3,0,1175.22,34.22,-32.36
Kepler-1205 b,Kepler-1205,Transit,2016,0,1.078390352,0.000001596,-0.000001596,0,1.41,0.1,-0.09,0,698.485,11.082,-10.747
Kepler-1206 b,Kepler-1206,Transit,2016,0,1.216997663,0.000002605,-0.000002605,0,1.64,0.09,-0.08,0,762.019,22.169,-20.97
Kepler-1207 b,Kepler-1207,Transit,2016,0,13.68237119,0.00008986,-0.00008986,0,1.62,0.51,-0.18,0,1754.19,57.47,-54
Kepler-1208 b,Kepler-1208,Transit,2016,0,11.08507637,0.00005235,-0.00005235,0,2.32,0.19,-0.14,0,825.176,31.022,-28.889
Kepler-1209 b,Kepler-1209,Transit,2016,0,25.369116,0.0001249,-0.0001249,0,1.51,0.32,-0.18,0,505.531,7.747,-7.521
Kepler-121 b,Kepler-121,Transit,2014,0,3.177422,0.000003,-0.000003,0,2.34,1.27,-1.27,0,510.523,6.17,-6.027
Kepler-121 c,Kepler-121,Transit,2014,0,41.008011,0.000191,-0.000191,0,2.27,1.25,-1.25,0,510.523,6.17,-6.027
Kepler-1210 b,Kepler-1210,Transit,2016,0,8.07124073,0.00004899,-0.00004899,0,1.7,0.3,-0.13,0,1176.53,48.49,-44.87
Kepler-1211 b,Kepler-1211,Transit,2016,0,11.01816836,0.00007975,-0.00007975,0,2.55,0.42,-0.41,0,1826.53,131.08,-114.96
Kepler-1212 b,Kepler-1212,Transit,2016,0,12.94130146,0.0000791,-0.0000791,0,2.14,0.58,-0.27,0,1316.57,37.695,-37.695
Kepler-1213 b,Kepler-1213,Transit,2016,0,5.34982412,0.00002659,-0.00002659,0,1.19,0.13,-0.1,0,807.812,8.547,-8.373
Kepler-1214 b,Kepler-1214,Transit,2016,0,18.82634264,0.00008784,-0.00008784,0,2.36,0.19,-0.11,0,729.227,15.443,-14.827
Kepler-1215 b,Kepler-1215,Transit,2016,0,4.76703963,0.000023,-0.000023,0,1.22,0.18,-0.12,0,661.022,6.947,-6.807
Kepler-1216 b,Kepler-1216,Transit,2016,0,4.37034536,0.00001993,-0.00001993,0,1.39,0.22,-0.11,0,1258.36,43.17,-40.45
Kepler-1217 b,Kepler-1217,Transit,2016,0,2.032325072,0.000006459,-0.000006459,0,1.99,0.48,-0.19,0,1347.71,60.63,-55.71
Kepler-1218 b,Kepler-1218,Transit,2016,0,22.9221266,0.0002337,-0.0002337,0,1.44,0.15,-0.14,0,840.503,12.861,-12.861
Kepler-1219 b,Kepler-1219,Transit,2016,0,16.10467749,0.00008828,-0.00008828,0,2.12,0.56,-0.45,0,880.895,18.508,-17.774
Kepler-122 b,Kepler-122,Transit,2014,0,5.766193,0.000016,-0.000016,0,2.34,0.46,-0.46,0,1027.45,19.32,-18.64
Kepler-122 c,Kepler-122,Transit,2014,0,12.465988,0.000009,-0.000009,0,5.87,1.16,-1.16,0,1027.45,19.32,-18.64
Kepler-122 d,Kepler-122,Transit,2014,0,21.587475,0.000164,-0.000164,0,2.2,0.44,-0.44,0,1027.45,19.32,-18.64
Kepler-122 e,Kepler-122,Transit,2014,0,37.993273,0.00039,-0.00039,0,2.6,0.54,-0.54,0,1027.45,19.32,-18.64
Kepler-122 f,Kepler-122,Transit Timing Variations,2014,0,56.268,,,0,1.75,0.6,-0.16,0,1027.45,19.32,-18.64
Kepler-1220 b,Kepler-1220,Transit,2016,0,7.42693741,0.00004187,-0.00004187,0,1.52,0.33,-0.19,0,961.907,33.758,-31.58
Kepler-1221 b,Kepler-1221,Transit,2016,0,12.00096042,0.00005761,-0.00005761,0,1.88,0.3,-0.16,0,913.65,,
Kepler-1222 b,Kepler-1222,Transit,2016,0,1.916944254,0.000006111,-0.000006111,0,0.79,0.06,-0.06,0,415.218,3.241,-3.192
Kepler-1223 b,Kepler-1223,Transit,2016,0,16.301259,0.000103,-0.000103,0,1.22,0.06,-0.08,0,459.957,4.049,-3.979
Kepler-1224 b,Kepler-1224,Transit,2016,0,13.32351601,0.00007281,-0.00007281,0,1.33,0.12,-0.08,0,559.598,8.382,-8.143
Kepler-1225 b,Kepler-1225,Transit,2016,0,7.01075434,0.00002753,-0.00002753,0,1.82,0.61,-0.24,0,1347.52,38.105,-38.105
Kepler-1226 b,Kepler-1226,Transit,2016,0,17.2923453,0.0001187,-0.0001187,0,1.45,0.26,-0.15,0,1125.72,38.885,-38.885
Kepler-1227 b,Kepler-1227,Transit,2016,0,94.2887577,0.0005873,-0.0005873,0,2.29,0.52,-0.23,0,623.706,6.189,-6.071
Kepler-1228 b,Kepler-1228,Transit,2016,0,0.577369579,0.000000409,-0.000000409,0,1.54,0.11,-0.14,0,515.453,5.424,-5.424
Kepler-1229 b,Kepler-1229,Transit,2016,0,86.828989,0.001069,-0.001069,0,1.4,0.11,-0.13,0,265.482,3.397,-3.315
Kepler-123 b,Kepler-123,Transit,2014,0,17.232366,0.000056,-0.000056,0,2.94,0.57,-0.57,0,1021.66,22.53,-21.6
Kepler-123 c,Kepler-123,Transit,2014,0,26.695074,0.000468,-0.000468,0,1.48,0.3,-0.3,0,1021.66,22.53,-21.6
Kepler-1230 b,Kepler-1230,Transit,2016,0,9.95661537,0.00004469,-0.00004469,0,2.71,0.49,-0.29,0,1364.22,64.84,-59.3
Kepler-1231 b,Kepler-1231,Transit,2016,0,10.41725184,0.00006556,-0.00006556,0,1.42,0.3,-0.12,0,987.237,20.203,-19.423
Kepler-1232 b,Kepler-1232,Transit,2016,0,26.7839183,0.0001786,-0.0001786,0,1.93,0.24,-0.16,0,632.865,7.674,-7.495
Kepler-1233 b,Kepler-1233,Transit,2016,0,45.1263042,0.0005171,-0.0005171,0,2.6,1.08,-0.39,0,1178.7,38.03,-38.03
Kepler-1234 b,Kepler-1234,Transit,2016,0,11.94014029,0.00008335,-0.00008335,0,2.81,0.16,-0.81,0,916.749,32.075,-30.013
Kepler-1235 b,Kepler-1235,Transit,2016,0,4.16055856,0.00002789,-0.00002789,0,0.79,0.12,-0.06,0,540.604,4.3595,-4.3595
Kepler-1236 b,Kepler-1236,Transit,2016,0,31.0571618,0.0002508,-0.0002508,0,2.14,0.18,-0.22,0,999.64,38.08,-35.429
Kepler-1237 b,Kepler-1237,Transit,2016,0,84.5733226,0.000648,-0.000648,0,2.86,0.39,-0.21,0,1064.31,43.36,-40.14
Kepler-1238 b,Kepler-1238,Transit,2016,0,4.14787559,0.00003447,-0.00003447,0,1.93,0.85,-0.42,0,1632.13,70.06,-64.62
Kepler-1239 b,Kepler-1239,Transit,2016,0,5.19104016,0.00002643,-0.00002643,0,2.9,0.37,-0.31,0,2140.6,156.72,-137.08
Kepler-124 b,Kepler-124,Transit,2014,0,3.410493,0.000021,-0.000021,0,0.73,0.05,-0.05,0,420.046,3.047,-3.004
Kepler-124 c,Kepler-124,Transit,2014,0,13.821375,0.000037,-0.000037,0,1.75,0.09,-0.09,0,420.046,3.047,-3.004
Kepler-124 d,Kepler-124,Transit,2014,0,30.950851,0.000361,-0.000361,0,1.11,0.07,-0.07,0,420.046,3.047,-3.004
Kepler-1240 b,Kepler-1240,Transit,2016,0,4.8663815,0.00002513,-0.00002513,0,1.15,0.2,-0.1,0,862.186,13.7155,-13.7155
Kepler-1241 b,Kepler-1241,Transit,2016,0,18.5525701,0.0001035,-0.0001035,0,2.63,0.21,-0.23,0,968.722,31.398,-29.522
Kepler-1242 b,Kepler-1242,Transit,2016,0,13.62798432,0.00005714,-0.00005714,0,2.26,0.13,-0.13,0,687.615,14.039,-13.498
Kepler-1243 b,Kepler-1243,Transit,2016,0,16.8320729,0.00008923,-0.00008923,0,1.75,0.28,-0.17,0,758.17,13.5955,-13.5955
Kepler-1244 b,Kepler-1244,Transit,2016,0,3.70428172,0.00001784,-0.00001784,0,1.35,0.63,-0.25,0,1075.81,26.6,-25.37
Kepler-1245 b,Kepler-1245,Transit,2016,0,4.35409304,0.00001933,-0.00001933,0,1.44,0.12,-0.1,0,805.936,16.352,-15.724
Kepler-1245 c,Kepler-1245,Transit,2016,0,2.936584681,0.000008405,-0.000008405,0,1.44,0.13,-0.08,0,805.936,16.352,-15.724
Kepler-1246 b,Kepler-1246,Transit,2016,0,11.32271513,0.00008852,-0.00008852,0,1.36,0.2,-0.22,0,436.505,7.167,-7.167
Kepler-1247 b,Kepler-1247,Transit,2016,0,13.71220213,0.00006363,-0.00006363,0,2.33,0.21,-0.16,0,1045.92,42.19,-39.1
Kepler-1248 b,Kepler-1248,Transit,2016,0,7.46725407,0.00005302,-0.00005302,0,1.18,0.2,-0.11,0,593.026,,
Kepler-1249 b,Kepler-1249,Transit,2016,0,24.3347127,0.0002886,-0.0002886,0,2.38,0.97,-0.38,0,1904.54,120.33,-107.06
Kepler-125 b,Kepler-125,Transit,2014,0,4.164389,0.000003,-0.000003,0,2.37,0.1,-0.1,0,183.365,0.989,-0.979
Kepler-125 c,Kepler-125,Transit,2014,0,5.774464,0.000047,-0.000047,0,0.74,0.05,-0.05,0,183.365,0.989,-0.979
Kepler-1250 b,Kepler-1250,Transit,2016,0,2.607543834,0.000006523,-0.000006523,0,1.92,0.45,-0.17,0,2126.85,137.12,-121.79
Kepler-1251 b,Kepler-1251,Transit,2016,0,45.0904643,0.000463,-0.000463,0,1.84,0.26,-0.14,0,902.204,21.575,-21.575
Kepler-1252 b,Kepler-1252,Transit,2016,0,15.0540329,0.0001248,-0.0001248,0,1.67,0.42,-0.23,0,648.979,8.267,-8.065
Kepler-1253 b,Kepler-1253,Transit,2016,0,68.8861915,0.000527,-0.000527,0,1.33,0.18,-0.18,0,514.524,5.758,-5.634
Kepler-1254 b,Kepler-1254,Transit,2016,0,9.99113313,0.0000561,-0.0000561,0,1.55,0.09,-0.12,0,622.818,8.81,-8.81
Kepler-1254 c,Kepler-1254,Transit,2016,0,3.60084276,0.000019,-0.000019,0,1.3,0.07,-0.12,0,622.818,8.81,-8.81
Kepler-1254 d,Kepler-1254,Transit,2016,0,5.72717226,0.00002908,-0.00002908,0,1.31,0.09,-0.11,0,622.818,8.81,-8.81
Kepler-1255 b,Kepler-1255,Transit,2016,0,36.2919336,0.0003156,-0.0003156,0,2.32,0.64,-0.29,0,1617.07,88.88,-80.21
Kepler-1256 b,Kepler-1256,Transit,2016,0,12.4127754,0.000108,-0.000108,0,1.49,0.44,-0.22,0,891.192,13.1485,-13.1485
Kepler-1257 b,Kepler-1257,Transit,2016,0,2.668313762,0.000009861,-0.000009861,0,1.52,0.18,-0.12,0,1105.95,42.89,-42.89
Kepler-1258 b,Kepler-1258,Transit,2016,0,0.984940167,0.000003182,-0.000003182,0,0.86,0.13,-0.08,0,717.555,8.786,-8.786
Kepler-1259 b,Kepler-1259,Transit,2016,0,0.663085258,0.000000874,-0.000000874,0,1.43,0.07,-0.1,0,805.562,16.688,-16.036
Kepler-126 b,Kepler-126,Transit,2014,0,10.495711,0.000028,-0.000028,0,1.52,0.1,-0.1,0,237.401,1.67,-1.647
Kepler-126 c,Kepler-126,Transit,2014,0,21.869741,0.000082,-0.000082,0,1.58,0.13,-0.13,0,237.401,1.67,-1.647
Kepler-126 d,Kepler-126,Transit,2014,0,100.283134,0.000255,-0.000255,0,2.5,0.05,-0.05,0,237.401,1.67,-1.647
Kepler-1260 b,Kepler-1260,Transit,2016,0,19.1187753,0.0001687,-0.0001687,0,1.77,0.51,-0.28,0,1734.43,71.1,-65.8
Kepler-1261 b,Kepler-1261,Transit,2016,0,48.4308991,0.0003144,-0.0003144,0,2.26,0.14,-0.14,0,744.294,14.018,-14.018
Kepler-1262 b,Kepler-1262,Transit,2016,0,8.67900242,0.0000379,-0.0000379,0,1.82,0.32,-0.17,0,1054.87,30.75,-29.08
Kepler-1263 b,Kepler-1263,Transit,2016,0,4.55139967,0.00002128,-0.00002128,0,1.14,0.28,-0.12,0,664.83,9.049501,-9.049501
Kepler-1264 b,Kepler-1264,Transit,2016,0,0.968526023,0.000002333,-0.000002333,0,1.18,0.22,-0.12,0,801.993,26.163,-24.588
Kepler-1265 b,Kepler-1265,Transit,2016,0,6.49441289,0.00002951,-0.00002951,0,1.35,0.07,-0.13,0,583.641,10.013,-9.687
Kepler-1266 b,Kepler-1266,Transit,2016,0,28.474748,0.0002045,-0.0002045,0,2.58,0.13,-0.46,0,849.312,26.456,-24.93
Kepler-1266 c,Kepler-1266,Transit,2021,0,4.86631012,,,0,1.68023962,,,0,849.312,26.456,-24.93
Kepler-1267 b,Kepler-1267,Transit,2016,0,13.0313945,0.0001104,-0.0001104,0,3.01,0.95,-0.45,0,1379.43,61.35,-56.42
Kepler-1268 b,Kepler-1268,Transit,2016,0,40.9903986,0.0004806,-0.0004806,0,2.03,0.67,-0.23,0,1840.77,88.89,-81.2
Kepler-1269 b,Kepler-1269,Transit,2016,0,37.3331536,0.000321,-0.000321,0,1.63,0.46,-0.18,0,1097.23,21.44,-20.65
Kepler-127 b,Kepler-127,Transit,2014,0,14.435889,0.000063,-0.000063,0,1.4,0.05,-0.05,0,352.794,2.691,-2.652
Kepler-127 c,Kepler-127,Transit,2014,0,29.393195,0.000073,-0.000073,0,2.66,0.14,-0.14,0,352.794,2.691,-2.652
Kepler-127 d,Kepler-127,Transit,2014,0,48.630408,0.000128,-0.000128,0,2.64,0.14,-0.14,0,352.794,2.691,-2.652
Kepler-1270 b,Kepler-1270,Transit,2016,0,6.03356196,0.00006551,-0.00006551,0,3.32,0.3,-0.65,0,1095.05,14.825,-14.825
Kepler-1271 b,Kepler-1271,Transit,2016,0,3.0255955,0.0000116,-0.0000116,0,1.48,0.23,-0.16,0,831.991,19.101,-18.277
Kepler-1272 b,Kepler-1272,Transit,2016,0,51.1309704,0.0004514,-0.0004514,0,2.37,0.7,-0.32,0,1206.37,33.67,-31.92
Kepler-1273 b,Kepler-1273,Transit,2016,0,28.625653,0.0002174,-0.0002174,0,2.49,0.33,-0.19,0,1114.24,49.9,-45.88
Kepler-1274 b,Kepler-1274,Transit,2016,0,6.98152703,0.00006708,-0.00006708,0,1.42,0.1,-0.1,0,614.648,11.339,-10.943
Kepler-1275 b,Kepler-1275,Transit,2016,0,3.65691115,0.00001583,-0.00001583,0,1.48,0.65,-0.27,0,1153.98,27.195,-27.195
Kepler-1276 b,Kepler-1276,Transit,2016,0,12.5720095,0.0001098,-0.0001098,0,1.19,0.2,-0.11,0,538.481,7.014,-6.839
Kepler-1277 b,Kepler-1277,Transit,2016,0,40.8365012,0.0004586,-0.0004586,0,1.6,0.29,-0.11,0,557.193,5.836,-5.719
Kepler-1278 b,Kepler-1278,Transit,2016,0,3.23941344,0.00001696,-0.00001696,0,1.01,0.31,-0.12,0,889.426,16.498,-15.918
Kepler-1279 b,Kepler-1279,Transit,2016,0,23.4774101,0.0002445,-0.0002445,0,1.75,0.88,-0.27,0,1494.22,36,-34.38
Kepler-128 b,Kepler-128,Transit,2013,0,15,,,0,1.421,0.04,-0.04,0,396.379,3.947,-3.872
Kepler-128 c,Kepler-128,Transit,2013,0,22.8,,,0,1.521,0.047,-0.047,0,396.379,3.947,-3.872
Kepler-1280 b,Kepler-1280,Transit,2016,0,66.5579057,0.0007705,-0.0007705,0,1.87,0.83,-0.29,0,1486.7,34.73,-34.73
Kepler-1281 b,Kepler-1281,Transit,2016,0,3.11602791,0.000013,-0.000013,0,1.64,0.13,-0.14,0,1090,80.372,-74.13
Kepler-1282 b,Kepler-1282,Transit,2016,0,2.131946513,0.000006865,-0.000006865,0,1.55,0.21,-0.11,0,1103.29,36.22,-34.01
Kepler-1283 b,Kepler-1283,Transit,2016,0,12.9460978,0.0002185,-0.0002185,0,1.91,0.79,-0.31,0,2921.99,304.47,-253.02
Kepler-1284 b,Kepler-1284,Transit,2016,0,0.664073806,0.00000148,-0.00000148,0,1.21,0.1,-0.07,0,882.324,24.143,-22.911
Kepler-1285 b,Kepler-1285,Transit,2016,0,14.7967458,0.0001134,-0.0001134,0,0.97,0.1,-0.08,0,422.269,3.37,-3.317
Kepler-1286 b,Kepler-1286,Transit,2016,0,11.25402929,0.00006812,-0.00006812,0,2.15,0.45,-0.18,0,1354.46,45.81,-42.95
Kepler-1287 b,Kepler-1287,Transit,2016,0,11.47685909,0.00006466,-0.00006466,0,1.54,0.22,-0.13,0,1003.26,26.68,-25.345
Kepler-1288 b,Kepler-1288,Transit,2016,0,2.76122421,0.00001477,-0.00001477,0,1.12,0.47,-0.16,0,814.078,,
Kepler-1289 b,Kepler-1289,Transit,2016,0,7.99019627,0.00005083,-0.00005083,0,1.52,0.49,-0.24,0,1053.57,21.285,-21.285
Kepler-129 b,Kepler-129,Transit,2014,0,15.79,,,0,2.4,0.04,-0.04,0,408.845,4.399,-4.308
Kepler-129 c,Kepler-129,Transit,2014,0,82.2,,,0,2.52,0.07,-0.07,0,408.845,4.399,-4.308
Kepler-129 d,Kepler-129,Radial Velocity,2021,0,2646,140,-94,0,12.6,,,0,408.845,4.399,-4.308
Kepler-1290 b,Kepler-1290,Transit,2016,0,4.69500134,0.00004206,-0.00004206,0,1.42,0.21,-0.13,0,1593.7,95.37,-85.36
Kepler-1291 b,Kepler-1291,Transit,2016,0,8.63043276,0.00006731,-0.00006731,0,1.66,0.1,-0.18,0,897.352,27.335,-25.792
Kepler-1292 b,Kepler-1292,Transit,2016,0,3.27646405,0.00001548,-0.00001548,0,1.82,0.29,-0.14,0,1493.43,102.34,-90.25
Kepler-1293 b,Kepler-1293,Transit,2016,0,5.57654784,0.00004024,-0.00004024,0,0.97,0.42,-0.15,0,1028.16,14.93,-14.52
Kepler-1294 b,Kepler-1294,Transit,2016,0,115.6862258,0.0008445,-0.0008445,0,3.19,0.54,-0.31,0,1855.7,97.93,-88.76
Kepler-1295 b,Kepler-1295,Transit,2016,0,3.81371974,0.00002278,-0.00002278,0,1.55,0.2,-0.12,0,1174.46,57.58,-52.53
Kepler-1296 b,Kepler-1296,Transit,2016,0,8.3839865,0.00008648,-0.00008648,0,0.91,0.09,-0.06,0,1551.54,58.24,-58.24
Kepler-1297 b,Kepler-1297,Transit,2016,0,1.68189002,0.00001032,-0.00001032,0,0.97,0.16,-0.09,0,1439.47,44.32,-41.8
Kepler-1298 b,Kepler-1298,Transit,2016,0,7.12811928,0.00004863,-0.00004863,0,1.31,0.23,-0.23,0,544.163,6.834,-6.669
Kepler-1299 b,Kepler-1299,Transit,2016,0,19.9400874,0.0001457,-0.0001457,0,2.98,0.66,-0.42,0,1404.94,87.53,-78
Kepler-130 b,Kepler-130,Transit,2014,0,8.457458,0.000039,-0.000039,0,1.02,0.04,-0.04,0,316.663,2.353,-2.319
Kepler-130 c,Kepler-130,Transit,2014,0,27.50868,0.00006,-0.00007,0,2.9,0.25,-0.25,0,316.663,2.353,-2.319
Kepler-130 d,Kepler-130,Transit,2014,0,87.517905,0.000744,-0.000744,0,1.64,0.16,-0.16,0,316.663,2.353,-2.319
Kepler-1300 b,Kepler-1300,Transit,2016,0,22.2419092,0.0002454,-0.0002454,0,1.37,0.3,-0.31,0,777.025,14.561,-14.044
Kepler-1301 b,Kepler-1301,Transit,2016,0,9.08237046,0.00004331,-0.00004331,0,1.4,0.13,-0.08,0,854.28,20.44,-19.522
Kepler-1302 b,Kepler-1302,Transit,2016,0,8.83922659,0.00005866,-0.00005866,0,1.43,0.15,-0.09,0,634.58,8.518,-8.299
Kepler-1303 b,Kepler-1303,Transit,2016,0,7.56127224,0.0000412,-0.0000412,0,1.42,0.35,-0.14,0,897.783,22.027,-21.014
Kepler-1304 b,Kepler-1304,Transit,2016,0,16.1288853,0.0001191,-0.0001191,0,2.29,0.19,-0.53,0,2176.08,127.14,-114.1
Kepler-1305 b,Kepler-1305,Transit,2016,0,13.5630972,0.0001385,-0.0001385,0,1.88,0.35,-0.19,0,1575.23,91.2,-81.89
Kepler-1306 b,Kepler-1306,Transit,2016,0,16.29595382,0.00007404,-0.00007404,0,1.91,0.45,-0.18,0,1107.5,29.72,-29.72
Kepler-1307 b,Kepler-1307,Transit,2016,0,18.01621096,0.00009522,-0.00009522,0,2.47,0.66,-0.27,0,1014.62,29.3115,-29.3115
Kepler-1308 b,Kepler-1308,Transit,2016,0,2.104338119,0.000004237,-0.000004237,0,0.52,0.06,-0.05,0,112.705,0.425,-0.421
Kepler-1309 b,Kepler-1309,Transit,2016,0,28.8432647,0.0002652,-0.0002652,0,2.37,0.2,-0.2,0,845,62.941,-61.479
Kepler-131 b,Kepler-131,Transit,2014,0,16.092,,,0,2.41,0.2,-0.2,0,228.678,1.431,-1.413
Kepler-131 c,Kepler-131,Transit,2014,0,25.5169,,,0,0.84,0.07,-0.07,0,228.678,1.431,-1.413
Kepler-1310 b,Kepler-1310,Transit,2016,0,0.679336272,0.000000717,-0.000000717,0,1.44,0.16,-0.12,0,569.185,6.757,-6.603
Kepler-1311 b,Kepler-1311,Transit,2016,0,11.1726994,0.0001387,-0.0001387,0,1.24,0.25,-0.26,0,866.331,13.474,-13.074
Kepler-1311 c,Kepler-1311,Transit,2016,0,2.53573424,0.00001018,-0.00001018,0,1.22,0.28,-0.24,0,866.331,13.474,-13.074
Kepler-1311 d,Kepler-1311,Transit,2021,0,197.5110016,,,0,9.65837605,,,0,866.331,13.474,-13.074
Kepler-1312 b,Kepler-1312,Transit,2016,0,5.448325286,0.000007346,-0.000007346,0,2.1,0.08,-0.07,0,299.104,2.305,-2.27
Kepler-1312 c,Kepler-1312,Transit,2021,0,1.116119981,,,0,1.02732734,,,0,299.104,2.305,-2.27
Kepler-1313 b,Kepler-1313,Transit,2016,0,3.833091178,0.000005345,-0.000005345,0,1.76,0.06,-0.08,0,174.234,0.717,-0.712
Kepler-1314 b,Kepler-1314,Transit,2016,0,5.424749281,0.000003966,-0.000003966,0,5.11,0.19,-0.19,0,141.9868506,5.83049632,-5.83049632
Kepler-1315 b,Kepler-1315,Transit,2016,0,0.84338011,0.000000821,-0.000000821,0,1.38,0.08,-0.06,0,480.869,5.724,-5.724
Kepler-1315 c,Kepler-1315,Transit,2021,0,6.566060066,,,0,1.84398883,,,0,480.869,5.724,-5.724
Kepler-1316 b,Kepler-1316,Transit,2016,0,87.9732136,0.0005231,-0.0005231,0,3.54,0.55,-0.38,0,800.871,9.938,-9.701
Kepler-1317 b,Kepler-1317,Transit,2016,0,0.568874427,0.000000601,-0.000000601,0,1.56,0.09,-0.08,0,728.303,12.1715,-12.1715
Kepler-1318 b,Kepler-1318,Transit,2016,0,213.257663,0.001051,-0.001051,0,3.11,0.17,-0.15,0,475.248,5.805,-5.67
Kepler-1319 b,Kepler-1319,Transit,2016,0,2.886762645,0.000003374,-0.000003374,0,1.34,0.72,-0.08,0,103.917,0.355,-0.353
Kepler-132 b,Kepler-132,Transit,2014,0,6.178196,0.000022,-0.000022,0,1.21,0.24,-0.24,0,349.549,,
Kepler-132 c,Kepler-132,Transit,2014,0,6.414914,0.000019,-0.000019,0,1.28,0.25,-0.25,0,349.549,,
Kepler-132 d,Kepler-132,Transit,2014,0,18.010199,0.000067,-0.000067,0,1.55,0.3,-0.3,0,349.549,,
Kepler-132 e,Kepler-132,Transit,2016,0,110.2869374,0.000878,-0.000878,0,1.18,0.16,-0.12,0,349.549,,
Kepler-1320 b,Kepler-1320,Transit,2016,0,0.868386528,0.000001161,-0.000001161,0,1.7,0.07,-0.11,0,647.424,15.268,-14.592
Kepler-1321 b,Kepler-1321,Transit,2016,0,11.12830484,0.00002043,-0.00002043,0,4.92,0.6,-0.61,0,769.146,40.593,-36.779
Kepler-1321 c,Kepler-1321,Transit,2016,0,2.226491086,0.000005243,-0.000005243,0,2.4,0.3,-0.18,0,769.146,40.593,-36.779
Kepler-1321 d,Kepler-1321,Transit,2021,0,5.720920086,,,0,2.62843782,,,0,769.146,40.593,-36.779
Kepler-1322 b,Kepler-1322,Transit,2016,0,0.962867382,0.000002038,-0.000002038,0,1.61,0.2,-0.13,0,1350.32,70.33,-63.8
Kepler-1322 c,Kepler-1322,Transit,2021,0,6.459980011,,,0,2.15492527,,,0,1350.32,70.33,-63.8
Kepler-1323 b,Kepler-1323,Transit,2016,0,0.929906678,0.000000746,-0.000000746,0,1.52,0.33,-0.24,0,465.417,4.879,-4.78
Kepler-1324 b,Kepler-1324,Transit,2016,0,4.115844679,0.00000855,-0.00000855,0,1.51,0.08,-0.09,0,481.667,6.436,-6.27
Kepler-1325 b,Kepler-1325,Transit,2016,0,33.8786838,0.0002334,-0.0002334,0,2.86,0.4,-0.47,0,973.368,22.06,-21.121
Kepler-1326 b,Kepler-1326,Transit,2016,0,42.3514267,0.0001372,-0.0001372,0,4.18,1.51,-0.76,0,698.326,16.614,-15.873
Kepler-1327 b,Kepler-1327,Transit,2016,0,14.88801098,0.00008768,-0.00008768,0,1.8,0.58,-0.2,0,678.069,5.7465,-5.7465
Kepler-1328 b,Kepler-1328,Transit,2016,0,4.52158888,0.00002184,-0.00002184,0,0.98,0.2,-0.09,0,813.543,10.871,-10.871
Kepler-1329 b,Kepler-1329,Transit,2016,0,9.33646594,0.00003106,-0.00003106,0,2.17,0.06,-0.16,0,588.037,12.184,-11.708
Kepler-133 b,Kepler-133,Transit,2014,0,8.129976,0.000038,-0.000038,0,1.76,0.3,-0.3,0,653.6,19.746,-18.64
Kepler-133 c,Kepler-133,Transit,2014,0,31.517586,0.000158,-0.000158,0,2.84,0.48,-0.48,0,653.6,19.746,-18.64
Kepler-1330 b,Kepler-1330,Transit,2016,0,10.10769068,0.00004951,-0.00004951,0,1.65,0.4,-0.13,0,1720.48,68.88,-63.86
Kepler-1331 b,Kepler-1331,Transit,2016,0,0.789161653,0.000001214,-0.000001214,0,1.05,0.09,-0.08,0,319.197,2.614,-2.572
Kepler-1332 b,Kepler-1332,Transit,2016,0,11.87456832,0.00003749,-0.00003749,0,1.37,0.09,-0.05,0,528.685,4.209,-4.209
Kepler-1333 b,Kepler-1333,Transit,2016,0,109.6471842,0.0007077,-0.0007077,0,2.81,0.4,-0.25,0,932.446,30.4685,-30.4685
Kepler-1334 b,Kepler-1334,Transit,2016,0,15.64591713,0.00007265,-0.00007265,0,2.29,0.31,-0.18,0,1223.04,34.12,-32.35
Kepler-1335 b,Kepler-1335,Transit,2016,0,6.26406846,0.00002706,-0.00002706,0,1.45,0.1,-0.09,0,621.853,9.564,-9.283
Kepler-1336 b,Kepler-1336,Transit,2016,0,23.198681,0.0002546,-0.0002546,0,1.98,0.3,-0.4,0,1126.64,22.84,-22.84
Kepler-1336 c,Kepler-1336,Transit,2016,0,5.77721211,0.00002788,-0.00002788,0,1.71,0.27,-0.35,0,1126.64,22.84,-22.84
Kepler-1337 b,Kepler-1337,Transit,2016,0,24.4002549,0.0001089,-0.0001089,0,2.41,0.1,-0.44,0,601.629,11.759,-11.325
Kepler-1338 b,Kepler-1338,Transit,2016,0,0.935118057,0.00000276,-0.00000276,0,0.92,0.19,-0.1,0,753.26,10.89,-10.589
Kepler-1339 b,Kepler-1339,Transit,2016,0,1.341555127,0.000003704,-0.000003704,0,0.71,0.06,-0.04,0,371.049,8.117,-7.783
Kepler-134 b,Kepler-134,Transit,2014,0,5.317429,0.000008,-0.000008,0,2,0.39,-0.39,0,334.797,2.404,-2.371
Kepler-134 c,Kepler-134,Transit,2014,0,10.105785,0.000053,-0.000053,0,1.26,0.25,-0.25,0,334.797,2.404,-2.371
Kepler-1340 b,Kepler-1340,Transit,2016,0,0.665026916,0.000001597,-0.000001597,0,1.55,0.7,-0.27,0,981.779,24.371,-23.236
Kepler-1341 b,Kepler-1341,Transit,2016,0,132.9968322,0.0009243,-0.0009243,0,2.99,0.42,-0.37,0,476.957,5.002,-4.901
Kepler-1342 b,Kepler-1342,Transit,2016,0,2.215710358,0.000008123,-0.000008123,0,1.66,0.22,-0.13,0,890.724,27.58,-25.998
Kepler-1343 b,Kepler-1343,Transit,2016,0,3.35183158,0.00001113,-0.00001113,0,1.93,0.25,-0.19,0,1756.71,99.1,-89.25
Kepler-1344 b,Kepler-1344,Transit,2016,0,4.7683049,0.00001895,-0.00001895,0,1.84,0.5,-0.2,0,853.959,13.2295,-13.2295
Kepler-1345 b,Kepler-1345,Transit,2016,0,44.6169557,0.0003329,-0.0003329,0,2.36,1.06,-0.46,0,1355.02,24.19,-24.19
Kepler-1346 b,Kepler-1346,Transit,2016,0,3.40165668,0.00001161,-0.00001161,0,1.58,0.56,-0.21,0,843.701,13.201,-13.201
Kepler-1347 b,Kepler-1347,Transit,2016,0,14.00947528,0.00007001,-0.00007001,0,1.03,0.06,-0.05,0,321,13.217,-13.979
Kepler-1348 b,Kepler-1348,Transit,2016,0,27.5722742,0.000228,-0.000228,0,1.94,0.43,-0.23,0,1213.82,27.07,-27.07
Kepler-1349 b,Kepler-1349,Transit,2016,0,2.12823928,0.00001057,-0.00001057,0,0.7,0.63,-0.11,0,276.323,1.907,-1.882
Kepler-135 b,Kepler-135,Transit,2014,0,6.00253,0.000016,-0.000016,0,1.81,0.35,-0.35,0,621.855,11.014,-10.644
Kepler-135 c,Kepler-135,Transit,2014,0,11.448708,0.000145,-0.000145,0,1.16,0.23,-0.23,0,621.855,11.014,-10.644
Kepler-1350 b,Kepler-1350,Transit,2016,0,4.4968604,0.00001273,-0.00001273,0,2.52,0.16,-0.25,0,340.691,5.8225,-5.8225
Kepler-1350 c,Kepler-1350,Transit,2016,0,1.766789062,0.000007121,-0.000007121,0,1.73,0.12,-0.18,0,340.691,5.8225,-5.8225
Kepler-1351 b,Kepler-1351,Transit,2016,0,0.916140768,0.000001919,-0.000001919,0,0.65,0.05,-0.04,0,202.782,0.695,-0.695
Kepler-1352 b,Kepler-1352,Transit,2016,0,1.877882748,0.000007351,-0.000007351,0,0.89,0.25,-0.11,0,670.829,5.535,-5.446
Kepler-1353 b,Kepler-1353,Transit,2016,0,24.7543966,0.0001431,-0.0001431,0,1.8,0.37,-0.13,0,593.384,10.697,-10.331
Kepler-1354 b,Kepler-1354,Transit,2016,0,76.613377,0.0007773,-0.0007773,0,2.97,1.22,-0.5,0,1119.45,22.655,-22.655
Kepler-1355 b,Kepler-1355,Transit,2016,0,1.289588112,0.000003503,-0.000003503,0,1.46,0.12,-0.1,0,911.269,25.492,-24.165
Kepler-1356 b,Kepler-1356,Transit,2016,0,0.634002937,0.000001201,-0.000001201,0,1.53,0.11,-0.1,0,845.228,23.535,-22.315
Kepler-1357 b,Kepler-1357,Transit,2016,0,3.0091324,0.0000152,-0.0000152,0,1.28,0.2,-0.11,0,1015.69,26.04,-24.784
Kepler-1358 b,Kepler-1358,Transit,2016,0,7.06317341,0.000029,-0.000029,0,1.12,0.07,-0.1,0,546.998,6.201,-6.065
Kepler-1359 b,Kepler-1359,Transit,2016,0,59.4970952,0.0005052,-0.0005052,0,2.83,0.45,-0.32,0,614.859,14.438,-13.8
Kepler-136 b,Kepler-136,Transit,2014,0,11.5789,0.00003,-0.00003,0,2.05,0.38,-0.38,0,420.818,4.389,-4.3
Kepler-136 c,Kepler-136,Transit,2014,0,16.399235,0.000051,-0.000051,0,1.99,0.37,-0.37,0,420.818,4.389,-4.3
Kepler-1360 b,Kepler-1360,Transit,2016,0,40.5286413,0.0003328,-0.0003328,0,3.4,1.17,-0.76,0,1516.27,36.295,-36.295
Kepler-1361 b,Kepler-1361,Transit,2016,0,3.57554956,0.00002329,-0.00002329,0,0.86,0.12,-0.12,0,389.143,2.095,-2.095
Kepler-1362 b,Kepler-1362,Transit,2016,0,136.205626,0.001278,-0.001278,0,2.6,0.12,-0.19,0,731.298,17.829,-17.014
Kepler-1363 b,Kepler-1363,Transit,2016,0,2.94194094,0.00001171,-0.00001171,0,1.25,0.09,-0.08,0,541.714,6.523,-6.523
Kepler-1364 b,Kepler-1364,Transit,2016,0,13.32196237,0.00008114,-0.00008114,0,2.15,0.8,-0.39,0,1056.9,,
Kepler-1365 b,Kepler-1365,Transit,2016,0,7.69993485,0.00004726,-0.00004726,0,0.92,0.14,-0.1,0,840.128,11.884,-11.563
Kepler-1365 c,Kepler-1365,Transit,2016,0,4.77468005,0.00004014,-0.00004014,0,0.8,0.12,-0.08,0,840.128,11.884,-11.563
Kepler-1366 b,Kepler-1366,Transit,2016,0,2.164570968,0.000006832,-0.000006832,0,1.43,0.1,-0.1,0,465.826,9.3285,-9.3285
Kepler-1367 b,Kepler-1367,Transit,2016,0,1.574090272,0.000005238,-0.000005238,0,0.92,0.07,-0.08,0,401.484,5.078,-4.955
Kepler-1368 b,Kepler-1368,Transit,2016,0,0.675649486,0.00000255,-0.00000255,0,1.65,0.35,-0.17,0,1635.82,139.99,-119.86
Kepler-1369 b,Kepler-1369,Transit,2016,0,25.873148,0.0001453,-0.0001453,0,2.69,0.42,-0.25,0,1236.56,43.03,-40.28
Kepler-137 b,Kepler-137,Transit,2014,0,8.436387,0.000018,-0.000018,0,1.47,0.11,-0.11,0,302.979,1.849,-1.827
Kepler-137 c,Kepler-137,Transit,2014,0,18.735753,0.000035,-0.000035,0,1.88,0.14,-0.14,0,302.979,1.849,-1.827
Kepler-1370 b,Kepler-1370,Transit,2016,0,20.2641684,0.0001111,-0.0001111,0,1.84,0.66,-0.26,0,1004.1,16.0405,-16.0405
Kepler-1370 c,Kepler-1370,Transit,2016,0,7.44142113,0.00005404,-0.00005404,0,1.27,0.56,-0.18,0,1004.1,16.0405,-16.0405
Kepler-1371 b,Kepler-1371,Transit,2016,0,3.4462039,0.00002017,-0.00002017,0,0.73,0.08,-0.05,0,515.334,5.4865,-5.4865
Kepler-1371 c,Kepler-1371,Transit,2016,0,2.00541269,0.00001065,-0.00001065,0,0.64,0.07,-0.05,0,515.334,5.4865,-5.4865
Kepler-1372 b,Kepler-1372,Transit,2016,0,1.311555568,0.000005544,-0.000005544,0,1.27,0.44,-0.13,0,1303.22,54.57,-50.43
Kepler-1373 b,Kepler-1373,Transit,2016,0,1.29123275,0.000006458,-0.000006458,0,1.16,0.54,-0.19,0,1699.46,131.92,-114.55
Kepler-1374 b,Kepler-1374,Transit,2016,0,10.65276707,0.00005294,-0.00005294,0,2.29,0.2,-0.18,0,1078.46,41.55,-38.63
Kepler-1375 b,Kepler-1375,Transit,2016,0,3.3004192,0.00001505,-0.00001505,0,1.74,0.68,-0.34,0,1430.84,32.46,-32.46
Kepler-1376 b,Kepler-1376,Transit,2016,0,5.30880656,0.00004525,-0.00004525,0,1.05,0.21,-0.09,0,868.056,14.985,-14.492
Kepler-1377 b,Kepler-1377,Transit,2016,0,0.740928422,0.00000185,-0.00000185,0,1.25,0.09,-0.08,0,1146.1,54.25,-49.63
Kepler-1378 b,Kepler-1378,Transit,2016,0,11.95398936,0.0000799,-0.0000799,0,2.2,0.71,-0.14,0,506.434,12.665,-12.072
Kepler-1379 b,Kepler-1379,Transit,2016,0,0.881841146,0.000003128,-0.000003128,0,1.3,0.12,-0.09,0,971.325,43.8825,-43.8825
Kepler-138 b,Kepler-138,Transit,2014,0,10.3134,0.0003,-0.0003,0,0.64,0.02,-0.02,0,66.8624,0.107,-0.107
Kepler-138 c,Kepler-138,Transit,2014,0,13.7815,0.00007,-0.00009,0,1.51,0.04,-0.04,0,66.8624,0.107,-0.107
Kepler-138 d,Kepler-138,Transit,2014,0,23.0923,0.0006,-0.0006,0,1.51,0.04,-0.04,0,66.8624,0.107,-0.107
Kepler-138 e,Kepler-138,Transit Timing Variations,2022,0,38.23,0.006,-0.006,0,0.797,,,0,66.8624,0.107,-0.107
Kepler-1380 b,Kepler-1380,Transit,2016,0,10.3108245,0.0001042,-0.0001042,0,1.43,0.26,-0.11,0,2462.94,192.92,-167.43
Kepler-1381 b,Kepler-1381,Transit,2016,0,25.3842686,0.0001757,-0.0001757,0,2.25,0.29,-0.19,0,1197.04,39.17,-36.81
Kepler-1382 b,Kepler-1382,Transit,2016,0,16.3583055,0.0001024,-0.0001024,0,1.88,0.39,-0.34,0,738.261,30.594,-28.289
Kepler-1383 b,Kepler-1383,Transit,2016,0,13.9093583,0.0001552,-0.0001552,0,1.41,0.63,-0.29,0,1027.21,23.36,-23.36
Kepler-1384 b,Kepler-1384,Transit,2016,0,15.36262753,0.00008765,-0.00008765,0,1.94,0.43,-0.2,0,618,39.97,-39.063
Kepler-1385 b,Kepler-1385,Transit,2016,0,2.88879862,0.00001881,-0.00001881,0,0.85,0.2,-0.13,0,688.795,15.953,-15.259
Kepler-1386 b,Kepler-1386,Transit,2016,0,6.73972381,0.00007022,-0.00007022,0,1.24,0.38,-0.13,0,835.882,12.625,-12.262
Kepler-1387 b,Kepler-1387,Transit,2016,0,2.279526656,0.000008853,-0.000008853,0,0.93,0.05,-0.09,0,455.358,4.222,-4.222
Kepler-1388 b,Kepler-1388,Transit,2016,0,12.2854603,0.00008795,-0.00008795,0,2.59,0.13,-0.14,0,453.795,7.4825,-7.4825
Kepler-1388 c,Kepler-1388,Transit,2016,0,5.53608151,0.0000288,-0.0000288,0,2.26,0.14,-0.11,0,453.795,7.4825,-7.4825
Kepler-1388 d,Kepler-1388,Transit,2016,0,20.9568158,0.0001713,-0.0001713,0,2.86,0.12,-0.19,0,453.795,7.4825,-7.4825
Kepler-1388 e,Kepler-1388,Transit,2016,0,37.6327084,0.0007269,-0.0007269,0,2.46,0.14,-0.15,0,453.795,7.4825,-7.4825
Kepler-1389 b,Kepler-1389,Transit,2016,0,99.2530951,0.0008711,-0.0008711,0,1.77,0.05,-0.14,0,497.093,4.7,-4.7
Kepler-139 b,Kepler-139,Transit,2014,0,15.771044,0.000037,-0.000037,0,2.94,0.57,-0.57,0,391.038,4.238,-4.149
Kepler-139 c,Kepler-139,Transit,2014,0,157.072878,0.00172,-0.00172,0,3.38,0.69,-0.69,0,391.038,4.238,-4.149
Kepler-139 d,Kepler-139,Transit,2023,0,7.305699922,,,0,1.695,0.061,-0.061,0,391.038,4.238,-4.149
Kepler-139 e,Kepler-139,Radial Velocity,2023,0,2047.635373,65.623783,-65.623783,0,13.7,,,0,391.038,4.238,-4.149
Kepler-139 f,Kepler-139,Transit Timing Variations,2025,0,355,2,-2,0,6.67,,,0,391.038,4.238,-4.149
Kepler-1390 b,Kepler-1390,Transit,2016,0,6.48021673,0.0000463,-0.0000463,0,1.18,0.25,-0.13,0,723.431,10.5405,-10.5405
Kepler-1391 b,Kepler-1391,Transit,2016,0,54.4092333,0.0005236,-0.0005236,0,1.68,0.26,-0.18,0,1038.35,17.555,-17.555
Kepler-1392 b,Kepler-1392,Transit,2016,0,15.1410397,0.0001135,-0.0001135,0,1.96,0.22,-0.16,0,1117,119.885,-91.4
Kepler-1393 b,Kepler-1393,Transit,2016,0,2.44357812,0.00001231,-0.00001231,0,0.8,0.04,-0.08,0,544.456,,
Kepler-1394 b,Kepler-1394,Transit,2016,0,3.93766373,0.00003657,-0.00003657,0,1.39,0.2,-0.22,0,640.409,8.226,-8.023
Kepler-1395 b,Kepler-1395,Transit,2016,0,3.78470649,0.0000272,-0.0000272,0,0.8,0.09,-0.06,0,492.894,7.089,-6.894
Kepler-1396 b,Kepler-1396,Transit,2016,0,18.2206421,0.0001376,-0.0001376,0,2.07,0.79,-0.37,0,1066.46,21.16,-21.16
Kepler-1397 b,Kepler-1397,Transit,2016,0,47.449955,0.000752,-0.000752,0,1.72,0.19,-0.14,0,1198.25,24.8,-23.82
Kepler-1398 b,Kepler-1398,Transit,2016,0,2.78815679,0.00002021,-0.00002021,0,0.9,0.28,-0.12,0,852.204,10.609,-10.609
Kepler-1398 c,Kepler-1398,Transit,2016,0,4.13827595,0.00002616,-0.00002616,0,1.03,0.37,-0.15,0,852.204,10.609,-10.609
Kepler-1399 b,Kepler-1399,Transit,2016,0,1.638653058,0.000008952,-0.000008952,0,1.25,0.22,-0.11,0,1385.7,60.57,-55.79
Kepler-14 b,Kepler-14,Transit,2011,0,6.790123,0.0000043,-0.0000043,0,12.733,0.818,-0.605,0,798,25.099,-26.37
Kepler-140 b,Kepler-140,Transit,2014,0,3.25427,0.000008,-0.000008,0,1.61,0.31,-0.31,0,583.859,7.097,-6.931
Kepler-140 c,Kepler-140,Transit,2014,0,91.353282,0.00137,-0.00137,0,1.8,0.35,-0.35,0,583.859,7.097,-6.931
Kepler-1400 b,Kepler-1400,Transit,2016,0,9.06689421,0.00006982,-0.00006982,0,1.62,0.11,-0.11,0,752.237,17.635,-16.858
Kepler-1401 b,Kepler-1401,Transit,2016,0,11.20066445,0.00008804,-0.00008804,0,1.68,0.37,-0.18,0,1425.43,,
Kepler-1402 b,Kepler-1402,Transit,2016,0,2.03387914,0.00001415,-0.00001415,0,0.76,0.08,-0.07,0,1493.64,40.34,-38.31
Kepler-1403 b,Kepler-1403,Transit,2016,0,5.19492202,0.00002801,-0.00002801,0,2.14,0.54,-0.26,0,2163.9,158.67,-138.78
Kepler-1404 b,Kepler-1404,Transit,2016,0,15.9314739,0.0001133,-0.0001133,0,2.01,0.14,-0.21,0,962.183,42.467,-39.082
Kepler-1405 b,Kepler-1405,Transit,2016,0,28.2274184,0.0001392,-0.0001392,0,3.96,0.88,-0.45,0,1530.3,87.7,-78.83
Kepler-1406 b,Kepler-1406,Transit,2016,0,11.62905828,0.00006904,-0.00006904,0,1.1,0.18,-0.13,0,572.403,,
Kepler-1407 b,Kepler-1407,Transit,2016,0,20.0711504,0.0005453,-0.0005453,0,2.25,0.53,-0.32,0,1396.41,50.87,-47.47
Kepler-1408 b,Kepler-1408,Transit,2016,0,2.99793191,0.00002517,-0.00002517,0,0.89,68.91,-0.15,0,535.048,6.412,-6.265
Kepler-1409 b,Kepler-1409,Transit,2016,0,0.764864926,0.000002405,-0.000002405,0,1.04,0.08,-0.07,0,694.89,9.8035,-9.8035
Kepler-141 b,Kepler-141,Transit,2014,0,3.107675,0.000022,-0.000022,0,0.69,0.05,-0.05,0,301.183,1.309,-1.298
Kepler-141 c,Kepler-141,Transit,2014,0,7.010606,0.00002,-0.00002,0,1.41,0.09,-0.09,0,301.183,1.309,-1.298
Kepler-1410 b,Kepler-1410,Transit,2016,0,60.866168,0.0005161,-0.0005161,0,1.78,0.12,-0.14,0,367,27.913,-30.161
Kepler-1411 b,Kepler-1411,Transit,2016,0,86.1150888,0.0009728,-0.0009728,0,2.82,0.43,-0.24,0,1660.48,94.3,-84.85
Kepler-1412 b,Kepler-1412,Transit,2016,0,3.6146051,0.00002139,-0.00002139,0,0.83,0.15,-0.13,0,755.678,8.861,-8.662
Kepler-1413 b,Kepler-1413,Transit,2016,0,13.1829642,0.0001082,-0.0001082,0,1.82,0.16,-0.15,0,1167.49,69.43,-62.18
Kepler-1414 b,Kepler-1414,Transit,2016,0,3.51576315,0.00001186,-0.00001186,0,1.23,0.09,-0.08,0,570.835,7.351,-7.17
Kepler-1415 b,Kepler-1415,Transit,2016,0,0.63642408,0.000001598,-0.000001598,0,1.29,0.12,-0.08,0,1043.56,40.6,-37.71
Kepler-1416 b,Kepler-1416,Transit,2016,0,1.49514952,0.00001069,-0.00001069,0,0.88,0.33,-0.14,0,949.59,16.9155,-16.9155
Kepler-1417 b,Kepler-1417,Transit,2016,0,20.3505213,0.0003037,-0.0003037,0,1,0.2,-0.11,0,991.845,16.759,-16.759
Kepler-1418 b,Kepler-1418,Transit,2016,0,22.4764425,0.0001747,-0.0001747,0,1.66,0.08,-0.14,0,499,20.111,-25.122
Kepler-1419 b,Kepler-1419,Transit,2016,0,42.5215895,0.0005032,-0.0005032,0,2.86,0.66,-0.29,0,1498.58,84.1,-75.75
Kepler-142 b,Kepler-142,Transit,2014,0,2.024152,0.000003,-0.000003,0,1.99,0.39,-0.39,0,548.686,4.126,-4.067
Kepler-142 c,Kepler-142,Transit,2014,0,4.761702,0.000005,-0.000005,0,2.86,0.55,-0.55,0,548.686,4.126,-4.067
Kepler-142 d,Kepler-142,Transit,2014,0,41.809118,0.000562,-0.000562,0,2.16,0.47,-0.47,0,548.686,4.126,-4.067
Kepler-1420 b,Kepler-1420,Transit,2016,0,6.69960006,0.000045,-0.000045,0,1.28,0.14,-0.12,0,1054.37,54.02,-49.08
Kepler-1421 b,Kepler-1421,Transit,2016,0,6.9131112,0.00014,-0.00014,0,0.93,0.2,-0.11,0,783.401,13.341,-12.91
Kepler-1422 b,Kepler-1422,Transit,2016,0,18.6051942,0.0003246,-0.0003246,0,2.02,0.41,-0.27,0,2465.84,221.46,-188.57
Kepler-1423 b,Kepler-1423,Transit,2016,0,23.955378,0.0001729,-0.0001729,0,1.06,0.09,-0.07,0,449,21.552,-24.683
Kepler-1424 b,Kepler-1424,Transit,2016,0,29.6091744,0.0003002,-0.0003002,0,1.16,0.16,-0.12,0,661.421,,
Kepler-1425 b,Kepler-1425,Transit,2016,0,14.4541302,0.0001621,-0.0001621,0,0.94,0.19,-0.13,0,863.873,11.322,-11.322
Kepler-1426 b,Kepler-1426,Transit,2016,0,14.2563227,0.000194,-0.000194,0,1.56,0.33,-0.17,0,1697.81,,
Kepler-1427 b,Kepler-1427,Transit,2016,0,0.968972376,0.000006771,-0.000006771,0,1.1,0.24,-0.12,0,1220,249.846,-129.998
Kepler-1428 b,Kepler-1428,Transit,2016,0,10.67607169,0.00006093,-0.00006093,0,1.64,0.14,-0.1,0,1530.32,38.18,-38.18
Kepler-1429 b,Kepler-1429,Transit,2016,0,4.48487493,0.00004558,-0.00004558,0,1.29,0.35,-0.14,0,1214.09,30.02,-28.62
Kepler-143 b,Kepler-143,Transit,2014,0,16.007583,0.000093,-0.000093,0,2.41,0.6,-0.6,0,809.467,11.2115,-11.2115
Kepler-143 c,Kepler-143,Transit,2014,0,27.082511,0.000169,-0.000169,0,3.37,0.84,-0.84,0,809.467,11.2115,-11.2115
Kepler-1430 b,Kepler-1430,Transit,2016,0,2.46050993,0.00001273,-0.00001273,0,1.18,0.09,-0.08,0,875.523,,
Kepler-1431 b,Kepler-1431,Transit,2016,0,5.86601526,0.00004724,-0.00004724,0,1.47,0.42,-0.16,0,1623.24,61.425,-61.425
Kepler-1432 b,Kepler-1432,Transit,2016,0,23.9109011,0.0002703,-0.0002703,0,2.22,0.69,-0.3,0,2171.87,153.12,-134.59
Kepler-1433 b,Kepler-1433,Transit,2016,0,4.13592271,0.00002888,-0.00002888,0,1.56,0.45,-0.18,0,1328,370.217,-149.102
Kepler-1434 b,Kepler-1434,Transit,2016,0,8.05333618,0.00008907,-0.00008907,0,1.11,0.21,-0.2,0,775.529,14.697,-14.17
Kepler-1435 b,Kepler-1435,Transit,2016,0,4.45343281,0.00003591,-0.00003591,0,0.86,0.12,-0.09,0,704.211,9.427,-9.186
Kepler-1436 b,Kepler-1436,Transit,2016,0,9.705716,0.0001638,-0.0001638,0,1.31,0.35,-0.18,0,2530.62,141.63,-127.63
Kepler-1437 b,Kepler-1437,Transit,2016,0,10.9295461,0.0001172,-0.0001172,0,1.37,0.17,-0.13,0,2101.69,297.13,-233.75
Kepler-1438 b,Kepler-1438,Transit,2016,0,2.31942009,0.00001702,-0.00001702,0,0.94,0.19,-0.1,0,1154.13,63.8,-57.56
Kepler-1439 b,Kepler-1439,Transit,2016,0,8.07392849,0.00004784,-0.00004784,0,1.46,0.14,-0.21,0,225.393,2.528,-2.472
Kepler-144 b,Kepler-144,Transit,2014,0,5.885273,0.00002,-0.00002,0,1.33,0.26,-0.26,0,384.917,3.263,-3.21
Kepler-144 c,Kepler-144,Transit,2014,0,10.104665,0.000043,-0.000043,0,1.35,0.26,-0.26,0,384.917,3.263,-3.21
Kepler-1440 b,Kepler-1440,Transit,2016,0,39.859484,0.001034,-0.001034,0,1.26,0.23,-0.14,0,1115.35,24.33,-23.33
Kepler-1441 b,Kepler-1441,Transit,2016,0,39.4419839,0.0005327,-0.0005327,0,1.31,0.22,-0.13,0,1110.48,22.555,-22.555
Kepler-1442 b,Kepler-1442,Transit,2016,0,81.4162941,0.0002026,-0.0002026,0,3.93,0.41,-0.29,0,608.68,9.446,-9.166
Kepler-1443 b,Kepler-1443,Transit,2016,0,2.41811321,0.00001443,-0.00001443,0,0.97,0.22,-0.09,0,593.646,21.954,-20.468
Kepler-1444 b,Kepler-1444,Transit,2016,0,33.42035034,0.00009305,-0.00009305,0,2.18,0.41,-0.19,0,319.675,2.136,-2.108
Kepler-1445 b,Kepler-1445,Transit,2016,0,10.60052251,0.00009265,-0.00009265,0,0.96,0.2,-0.13,0,506.357,6.704,-6.534
Kepler-1446 b,Kepler-1446,Transit,2016,0,0.689967832,0.000000495,-0.000000495,0,0.82,0.04,-0.02,0,152.075,0.677,-0.671
Kepler-1447 b,Kepler-1447,Transit,2016,0,56.6747285,0.0003978,-0.0003978,0,2.9,0.5,-0.24,0,890.296,17.333,-16.695
Kepler-1448 b,Kepler-1448,Transit,2016,0,12.27065865,0.00005885,-0.00005885,0,1.61,0.21,-0.16,0,768.903,10.2315,-10.2315
Kepler-1449 b,Kepler-1449,Transit,2016,0,13.2274528,0.0001447,-0.0001447,0,1.68,0.37,-0.18,0,2006.48,85.68,-79.07
Kepler-145 b,Kepler-145,Transit,2013,0,22.951,,,0,2.65,0.08,-0.08,0,566.85,8.385,-8.148
Kepler-145 c,Kepler-145,Transit,2013,0,42.882,,,0,4.32,0.12,-0.12,0,566.85,8.385,-8.148
Kepler-1450 b,Kepler-1450,Transit,2016,0,54.5094166,0.000527,-0.000527,0,1.71,0.13,-0.11,0,505.829,7.4105,-7.4105
Kepler-1451 b,Kepler-1451,Transit,2016,0,35.622233,0.0002098,-0.0002098,0,3.35,0.62,-0.66,0,1058.72,30.47,-28.83
Kepler-1452 b,Kepler-1452,Transit,2016,0,42.913751,0.0003689,-0.0003689,0,2.7,0.39,-0.35,0,996.32,16.01,-15.518
Kepler-1453 b,Kepler-1453,Transit,2016,0,47.1611696,0.0004176,-0.0004176,0,2.67,0.44,-0.21,0,1196.04,41.99,-39.29
Kepler-1454 b,Kepler-1454,Transit,2016,0,47.0319479,0.0006695,-0.0006695,0,1.88,0.19,-0.17,0,780.566,14.949,-14.407
Kepler-1455 b,Kepler-1455,Transit,2016,0,49.276764,0.0003737,-0.0003737,0,2.16,0.15,-0.16,0,357.621,5.284,-5.284
Kepler-1456 b,Kepler-1456,Transit,2016,0,18.1373829,0.0001854,-0.0001854,0,1.14,0.09,-0.15,0,370.312,4.089,-4.002
Kepler-1457 b,Kepler-1457,Transit,2016,0,51.1110243,0.0003738,-0.0003738,0,1.99,0.31,-0.2,0,889.885,11.771,-11.473
Kepler-1458 b,Kepler-1458,Transit,2016,0,47.9872764,0.0001776,-0.0001776,0,2.76,0.42,-0.21,0,544.45,4.89,-4.805
Kepler-1459 b,Kepler-1459,Transit,2016,0,62.8691611,0.0009586,-0.0009586,0,1.36,0.1,-0.08,0,455.479,4.342,-4.261
Kepler-146 b,Kepler-146,Transit,2014,0,31.158799,0.000079,-0.000079,0,3.71,0.7,-0.7,0,716.797,9.344,-9.344
Kepler-146 c,Kepler-146,Transit,2014,0,76.732171,0.000609,-0.000609,0,3.13,0.59,-0.59,0,716.797,9.344,-9.344
Kepler-1460 b,Kepler-1460,Transit,2016,0,29.9633247,0.0002186,-0.0002186,0,1.96,0.14,-0.13,0,553.218,9.939,-9.601
Kepler-1461 b,Kepler-1461,Transit,2016,0,29.3494775,0.0001832,-0.0001832,0,2.03,0.09,-0.16,0,679.106,14.135,-13.581
Kepler-1462 b,Kepler-1462,Transit,2016,0,65.6488341,0.0006621,-0.0006621,0,3.82,0.82,-0.39,0,1017.82,49.52,-45.196
Kepler-1463 b,Kepler-1463,Transit,2016,0,25.15864,0.0005123,-0.0005123,0,1.86,0.33,-0.19,0,1687.47,97.02,-87.18
Kepler-1464 b,Kepler-1464,Transit,2016,0,31.7785901,0.0002734,-0.0002734,0,1.66,0.29,-0.16,0,1151.73,21.52,-20.75
Kepler-1464 c,Kepler-1464,Transit,2016,0,5.32786292,0.00005389,-0.00005389,0,1,0.22,-0.11,0,1151.73,21.52,-20.75
Kepler-1465 b,Kepler-1465,Transit,2016,0,31.8277111,0.0001219,-0.0001219,0,1.77,0.35,-0.19,0,359.497,10.612,-10.03
Kepler-1466 b,Kepler-1466,Transit,2016,0,31.1750448,0.0002157,-0.0002157,0,1.55,0.27,-0.17,0,631.949,6.1785,-6.1785
Kepler-1467 b,Kepler-1467,Transit,2016,0,47.0569043,0.0001835,-0.0001835,0,3.3,0.31,-0.25,0,852.888,21.2515,-21.2515
Kepler-1468 b,Kepler-1468,Transit,2016,0,8.23984869,0.00003988,-0.00003988,0,1.73,0.41,-0.19,0,1899.24,89.82,-89.82
Kepler-1468 c,Kepler-1468,Transit,2016,0,3.54553021,0.00002273,-0.00002273,0,1.15,0.25,-0.13,0,1899.24,89.82,-89.82
Kepler-1468 d,Kepler-1468,Transit,2021,0,19.59059906,,,0,3.33187146,,,0,1899.24,89.82,-89.82
Kepler-1469 b,Kepler-1469,Transit,2016,0,21.8635301,0.0001219,-0.0001219,0,2.8,0.37,-0.26,0,1159.3,49.72,-45.85
Kepler-147 b,Kepler-147,Transit,2014,0,12.610584,0.000228,-0.000228,0,1.53,0.31,-0.31,0,1042.02,25.965,-25.965
Kepler-147 c,Kepler-147,Transit,2014,0,33.416423,0.000416,-0.000416,0,2.43,0.49,-0.49,0,1042.02,25.965,-25.965
Kepler-1470 b,Kepler-1470,Transit,2016,0,16.2950903,0.0001916,-0.0001916,0,1.07,0.09,-0.08,0,590.601,8.649,-8.407
Kepler-1471 b,Kepler-1471,Transit,2016,0,3.63899398,0.00002002,-0.00002002,0,1.41,0.2,-0.14,0,978.678,26.517,-26.517
Kepler-1471 c,Kepler-1471,Transit,2023,0,11.6044881,0.000113,-0.000113,0,1.88,0.28,-0.34,0,978.678,26.517,-26.517
Kepler-1472 b,Kepler-1472,Transit,2016,0,38.1312831,0.0005755,-0.0005755,0,1.9,0.76,-0.36,0,1479.14,46.96,-44.2
Kepler-1473 b,Kepler-1473,Transit,2016,0,14.4273551,0.00008414,-0.00008414,0,1.19,0.09,-0.08,0,652.253,6.346,-6.228
Kepler-1474 b,Kepler-1474,Transit,2016,0,36.4333452,0.0003218,-0.0003218,0,2.16,0.44,-0.23,0,1180.9,46.915,-46.915
Kepler-1475 b,Kepler-1475,Transit,2016,0,82.177374,0.00115,-0.00115,0,2.92,0.99,-0.46,0,1568.38,86.14,-77.75
Kepler-1476 b,Kepler-1476,Transit,2016,0,10.35863224,0.00005885,-0.00005885,0,1.67,0.37,-0.13,0,1002.74,28.66,-27.14
Kepler-1477 b,Kepler-1477,Transit,2016,0,11.55530021,0.00008098,-0.00008098,0,1.18,0.09,-0.09,0,680.828,8.153,-7.966
Kepler-1478 b,Kepler-1478,Transit,2016,0,26.0840594,0.0005121,-0.0005121,0,1.73,0.47,-0.19,0,1845.58,95.95,-87.07
Kepler-1479 b,Kepler-1479,Transit,2016,0,14.53261362,0.00004429,-0.00004429,0,1.83,0.3,-0.16,0,728.668,8.961,-8.749
Kepler-148 b,Kepler-148,Transit,2014,0,1.729366,0.000004,-0.000004,0,1.8,0.87,-0.87,0,791.163,15.337,-14.776
Kepler-148 c,Kepler-148,Transit,2014,0,4.180043,0.000004,-0.000004,0,3.6,1.76,-1.76,0,791.163,15.337,-14.776
Kepler-148 d,Kepler-148,Transit,2016,0,51.84688575,0.0000257,-0.0000257,0,8.68,0.52,-0.42,0,791.163,15.337,-14.776
Kepler-1480 b,Kepler-1480,Transit,2016,0,22.12679948,0.00009372,-0.00009372,0,1.67,0.11,-0.08,0,500.892,4.9255,-4.9255
Kepler-1481 b,Kepler-1481,Transit,2016,0,5.94220998,0.00002335,-0.00002335,0,1.23,0.08,-0.06,0,459.076,4.5855,-4.5855
Kepler-1482 b,Kepler-1482,Transit,2016,0,12.25383217,0.00008407,-0.00008407,0,1.01,0.1,-0.11,0,567.556,11.2435,-11.2435
Kepler-1483 b,Kepler-1483,Transit,2016,0,9.5085156,0.0001053,-0.0001053,0,1.52,0.66,-0.3,0,1273.78,37.05,-35.04
Kepler-1484 b,Kepler-1484,Transit,2016,0,30.4549136,0.0003536,-0.0003536,0,2.11,0.3,-0.22,0,2879.83,1073.72,-1073.72
Kepler-1485 b,Kepler-1485,Transit,2016,0,19.9157725,0.0001284,-0.0001284,0,1.47,0.24,-0.14,0,615.66,6.443,-6.314
Kepler-1486 b,Kepler-1486,Transit,2016,0,54.6495759,0.0009825,-0.0009825,0,2.32,0.58,-0.29,0,1769.14,92.29,-83.74
Kepler-1487 b,Kepler-1487,Transit,2016,0,7.31946363,0.00004683,-0.00004683,0,2.13,0.85,-0.45,0,1014.62,18.86,-18.196
Kepler-1487 c,Kepler-1487,Transit,2023,0,35.8007112,0.0003713,-0.0003713,0,7.97,1.39,-2.77,0,1014.62,18.86,-18.196
Kepler-1488 b,Kepler-1488,Transit,2016,0,39.8189932,0.0002907,-0.0002907,0,1.86,0.42,-0.37,0,905.825,11.645,-11.359
Kepler-1488 c,Kepler-1488,Transit,2021,0,6.158269882,,,0,1.65156749,,,0,905.825,11.645,-11.359
Kepler-1489 b,Kepler-1489,Transit,2016,0,82.294751,0.001799,-0.001799,0,1.77,0.23,-0.18,0,1283.05,36.07,-34.18
Kepler-1489 c,Kepler-1489,Transit,2024,0,0.680741,0.000004,-0.000004,0,0.51,0.08,-0.08,0,1283.05,36.07,-34.18
Kepler-149 b,Kepler-149,Transit,2014,0,29.198943,0.000041,-0.000041,0,4.21,0.6,-0.6,0,571.034,5.715,-5.715
Kepler-149 c,Kepler-149,Transit,2014,0,55.328328,0.001946,-0.001946,0,1.61,0.24,-0.24,0,571.034,5.715,-5.715
Kepler-149 d,Kepler-149,Transit,2014,0,160.018032,0.001096,-0.001096,0,3.96,0.68,-0.68,0,571.034,5.715,-5.715
Kepler-1490 b,Kepler-1490,Transit,2016,0,92.4362973,0.0009042,-0.0009042,0,3.04,0.37,-0.63,0,862.92,22.601,-21.495
Kepler-1491 b,Kepler-1491,Transit,2016,0,16.5861762,0.0002214,-0.0002214,0,1.51,0.35,-0.14,0,2065.59,118.58,-118.58
Kepler-1491 c,Kepler-1491,Transit,2023,0,61.569765,0.001804,-0.001804,0,2.44,0.39,-0.53,0,2065.59,118.58,-118.58
Kepler-1492 b,Kepler-1492,Transit,2016,0,16.75255007,0.0000646,-0.0000646,0,1.49,0.28,-0.16,0,331.553,2.332,-2.3
Kepler-1493 b,Kepler-1493,Transit,2016,0,15.0217983,0.0001075,-0.0001075,0,1.41,0.27,-0.23,0,555.051,,
Kepler-1494 b,Kepler-1494,Transit,2016,0,91.080482,0.001769,-0.001769,0,3.07,0.46,-0.57,0,1285.48,36.38,-34.47
Kepler-1495 b,Kepler-1495,Transit,2016,0,85.273256,0.001954,-0.001954,0,2.94,0.72,-0.32,0,1355.54,,
Kepler-1496 b,Kepler-1496,Transit,2016,0,64.6588017,0.00078,-0.00078,0,2.22,0.91,-0.36,0,1307.66,29.635,-29.635
Kepler-1497 b,Kepler-1497,Transit,2016,0,8.74199772,0.00008621,-0.00008621,0,1.66,0.29,-0.16,0,1122,189.437,-104.838
Kepler-1498 b,Kepler-1498,Transit,2016,0,48.051405,0.0009331,-0.0009331,0,1.33,0.11,-0.09,0,740,46.598,-39.418
Kepler-1499 b,Kepler-1499,Transit,2016,0,44.2008,0.0006553,-0.0006553,0,1.19,0.25,-0.14,0,309.869,1.574,-1.558
Kepler-15 b,Kepler-15,Transit,2011,0,4.942782,0.0000013,-0.0000013,0,10.76,0.67,-0.78,0,739.412,11.158,-11.158
Kepler-150 b,Kepler-150,Transit,2014,0,3.428054,0.000026,-0.000026,0,1.25,0.19,-0.19,0,891.092,17.021,-16.404
Kepler-150 c,Kepler-150,Transit,2014,0,7.381998,0.00001,-0.00001,0,3.69,0.59,-0.59,0,891.092,17.021,-16.404
Kepler-150 d,Kepler-150,Transit,2014,0,12.56093,0.000036,-0.000036,0,2.79,0.41,-0.41,0,891.092,17.021,-16.404
Kepler-150 e,Kepler-150,Transit,2014,0,30.826557,0.000199,-0.000199,0,3.12,0.55,-0.55,0,891.092,17.021,-16.404
Kepler-150 f,Kepler-150,Transit,2017,0,637.2093,0.0169,-0.0154,0,3.64,0.52,-0.39,0,891.092,17.021,-16.404
Kepler-1500 b,Kepler-1500,Transit,2016,0,15.0330105,0.0001612,-0.0001612,0,1.2,0.22,-0.15,0,1217.82,34.01,-32.25
Kepler-1501 b,Kepler-1501,Transit,2016,0,14.5564533,0.0001121,-0.0001121,0,1.56,0.68,-0.25,0,749.06,7.137,-7.007
Kepler-1502 b,Kepler-1502,Transit,2016,0,41.7083629,0.0003485,-0.0003485,0,3.18,1.12,-0.64,0,1514.02,47.79,-44.99
Kepler-1503 b,Kepler-1503,Transit,2016,0,96.16987,0.00118,-0.00118,0,2.27,0.19,-0.23,0,1225.57,55.865,-55.865
Kepler-1504 b,Kepler-1504,Transit,2016,0,82.304003,0.001593,-0.001593,0,2.13,0.23,-0.19,0,2435.94,186.11,-186.11
Kepler-1505 b,Kepler-1505,Transit,2016,0,30.8609366,0.0002252,-0.0002252,0,0.93,0.05,-0.05,0,495.148,8.332,-8.064
Kepler-1506 b,Kepler-1506,Transit,2016,0,14.0329154,0.0002811,-0.0002811,0,1.32,0.19,-0.13,0,2366.02,164.01,-144.46
Kepler-1507 b,Kepler-1507,Transit,2016,0,16.0506213,0.0001447,-0.0001447,0,0.84,0.09,-0.09,0,320.478,1.484,-1.469
Kepler-1508 b,Kepler-1508,Transit,2016,0,20.7056504,0.0005499,-0.0005499,0,1.33,0.53,-0.26,0,1260.28,32.03,-30.52
Kepler-1509 b,Kepler-1509,Transit,2016,0,25.4338197,0.0003114,-0.0003114,0,1.85,0.37,-0.16,0,2002.96,104.43,-94.76
Kepler-151 b,Kepler-151,Transit,2014,0,15.228958,0.00003,-0.00003,0,3.06,1.53,-1.53,0,649.919,9.538,-9.538
Kepler-151 c,Kepler-151,Transit,2014,0,24.674612,0.000106,-0.000106,0,2.09,1.04,-1.04,0,649.919,9.538,-9.538
Kepler-1510 b,Kepler-1510,Transit,2016,0,84.703921,0.001896,-0.001896,0,3.36,1.23,-0.56,0,1696.25,84.76,-77.19
Kepler-1511 b,Kepler-1511,Transit,2016,0,23.2382792,0.000222,-0.000222,0,1.68,0.69,-0.24,0,1475.6,36.92,-36.92
Kepler-1512 b,Kepler-1512,Transit,2016,0,20.35972599,0.00005874,-0.00005874,0,1.18,0.07,-0.11,0,162,5.797,-15.914
Kepler-1513 b,Kepler-1513,Transit,2016,0,160.8842,0.0011,-0.0028,0,8.594,0.036,-0.022,0,349.247,2.57,-2.533
Kepler-1513 c,Kepler-1513,Transit Timing Variations,2023,0,841.4,8.1,-5.3,0,11,,,0,349.247,2.57,-2.533
Kepler-1514 b,Kepler-1514,Transit,2016,0,217.83184,0.00012,-0.00012,0,12.419572,0.257807,-0.257807,0,397.292,4.122,-4.039
Kepler-1514 c,Kepler-1514,Transit,2020,0,10.514181,0.000039,-0.000039,0,1.1758241,0.0571659,-0.0437151,0,397.292,4.122,-4.039
Kepler-1515 b,Kepler-1515,Transit,2016,0,214.3114164,0.0001275,-0.0001275,0,9.55,0.77,-0.64,0,539.321,6.603,-6.448
Kepler-1516 b,Kepler-1516,Transit,2016,0,7.25931979,0.00003612,-0.00003612,0,1.75,0.49,-0.19,0,1358.95,43.67,-41.07
Kepler-1517 b,Kepler-1517,Transit,2016,0,5.546083665,0.000007087,-0.000007087,0,9.76,2.79,-1.93,0,847.299,14.504,-14.033
Kepler-1518 b,Kepler-1518,Transit,2016,0,5.11177904,0.00005083,-0.00005083,0,3.05,0.92,-0.63,0,903.51,12.124,-11.812
Kepler-1518 c,Kepler-1518,Transit,2023,0,9.6310258,0.0001257,-0.0001257,0,2.9,0.82,-0.68,0,903.51,12.124,-11.812
Kepler-1519 b,Kepler-1519,Transit,2016,0,240.7989397,0.0006117,-0.0006117,0,7.06,0.81,-0.54,0,1441.63,45.93,-43.23
Kepler-152 b,Kepler-152,Transit,2014,0,18.207973,0.000023,-0.000023,0,2.79,0.17,-0.17,0,441.09,3.137,-3.137
Kepler-152 c,Kepler-152,Transit,2014,0,88.255055,0.000309,-0.000309,0,2.39,0.16,-0.16,0,441.09,3.137,-3.137
Kepler-1520 b,Kepler-1520,Transit,2016,0,0.653553572,0.000000161,-0.000000161,0,5.77,0.22,-0.3,0,607.917,11.456,-11.047
Kepler-1521 b,Kepler-1521,Transit,2016,0,47.14840805,0.00007919,-0.00007919,0,2.5,0.09,-0.1,0,206.983,1.125,-1.113
Kepler-1522 b,Kepler-1522,Transit,2016,0,1.847889171,0.000002722,-0.000002722,0,1.73,0.23,-0.14,0,814.125,11.01,-11.01
Kepler-1523 b,Kepler-1523,Transit,2016,0,0.93875077,0.000001163,-0.000001163,0,1.58,0.27,-0.15,0,865.596,17.891,-17.891
Kepler-1524 b,Kepler-1524,Transit,2016,0,70.9674603,0.0001723,-0.0001723,0,3.54,1.47,-0.54,0,381.773,3.344,-3.288
Kepler-1525 b,Kepler-1525,Transit,2016,0,2.416601183,0.000005275,-0.000005275,0,0.91,0.06,-0.04,0,382.989,3.111,-3.063
Kepler-1526 b,Kepler-1526,Transit,2016,0,3.908632005,0.000007397,-0.000007397,0,2.43,0.09,-0.39,0,555.574,10.398,-10.028
Kepler-1527 b,Kepler-1527,Transit,2016,0,160.129918,0.001742,-0.001742,0,4.77,1.95,-0.75,0,1842.13,105.56,-94.9
Kepler-1528 b,Kepler-1528,Transit,2016,0,1.791110205,0.0000077,-0.0000077,0,1.46,0.25,-0.13,0,817.534,12.404,-12.044
Kepler-1529 b,Kepler-1529,Transit,2016,0,5.33905686,0.00001277,-0.00001277,0,2.1,0.15,-0.11,0,661.014,11.187,-10.827
Kepler-153 b,Kepler-153,Transit,2014,0,18.870227,0.000039,-0.000039,0,2.92,1.76,-1.76,0,459.368,3.439,-3.389
Kepler-153 c,Kepler-153,Transit,2014,0,46.90232,0.000215,-0.000215,0,2.53,1.52,-1.52,0,459.368,3.439,-3.389
Kepler-1530 b,Kepler-1530,Transit,2016,0,2.5904434,0.0001715,-0.0001715,0,1.64,0.21,-0.11,0,489.876,3.8095,-3.8095
Kepler-1530 c,Kepler-1530,Transit,2016,0,5.3227406,0.0006331,-0.0006331,0,1.65,0.24,-0.11,0,489.876,3.8095,-3.8095
Kepler-1530 d,Kepler-1530,Transit,2021,0,9.20761013,,,0,3.27870115,,,0,489.876,3.8095,-3.8095
Kepler-1531 b,Kepler-1531,Transit,2016,0,1.138543376,0.000002587,-0.000002587,0,1.11,0.48,-0.18,0,666.334,5.575,-5.485
Kepler-1532 b,Kepler-1532,Transit,2016,0,1.093663559,0.000002158,-0.000002158,0,1.35,0.18,-0.12,0,798.246,14.908,-14.38
Kepler-1533 b,Kepler-1533,Transit,2016,0,308.5471,0.002415,-0.002415,0,3.46,1.49,-0.68,0,966.801,18.584,-17.907
Kepler-1534 b,Kepler-1534,Transit,2016,0,5.71668872,0.00002925,-0.00002925,0,1.89,0.22,-0.15,0,1107,122.193,-78.709
Kepler-1535 b,Kepler-1535,Transit,2016,0,138.9442,0.001214,-0.001214,0,2.55,0.25,-0.19,0,897.733,14.456,-14.013
Kepler-1536 b,Kepler-1536,Transit,2016,0,364.758031,0.00582,-0.00582,0,3.14,0.36,-0.53,0,387.248,4.6545,-4.6545
Kepler-1537 b,Kepler-1537,Transit,2016,0,1.444453798,0.000002334,-0.000002334,0,1.18,0.06,-0.09,0,517.292,5.852,-5.726
Kepler-1538 b,Kepler-1538,Transit,2016,0,175.138819,0.002807,-0.002807,0,2.82,0.7,-0.31,0,1125.3,31.31,-29.7
Kepler-1539 b,Kepler-1539,Transit,2016,0,133.3036741,0.0008843,-0.0008843,0,2.7,0.19,-0.15,0,748.326,16.622,-15.926
Kepler-154 b,Kepler-154,Transit,2014,0,33.040532,0.000215,-0.000215,0,2.26,0.44,-0.44,0,915.212,16.92,-16.327
Kepler-154 c,Kepler-154,Transit,2014,0,62.303276,0.000406,-0.000406,0,2.95,0.62,-0.62,0,915.212,16.92,-16.327
Kepler-154 d,Kepler-154,Transit,2016,0,20.54981883,0.00002572,-0.00002572,0,3.84,0.32,-0.24,0,915.212,16.92,-16.327
Kepler-154 e,Kepler-154,Transit,2016,0,3.93276465,0.00001225,-0.00001225,0,1.5,0.14,-0.12,0,915.212,16.92,-16.327
Kepler-154 f,Kepler-154,Transit,2016,0,9.91935684,0.00007788,-0.00007788,0,1.5,0.34,-0.21,0,915.212,16.92,-16.327
Kepler-1540 b,Kepler-1540,Transit,2016,0,125.4131177,0.0004189,-0.0004189,0,2.49,0.19,-0.14,0,244.96,0.903,-0.896
Kepler-1541 b,Kepler-1541,Transit,2016,0,8.40691199,0.00002698,-0.00002698,0,1.16,0.1,-0.08,0,416.692,2.5355,-2.5355
Kepler-1542 b,Kepler-1542,Transit,2016,0,3.95116882,0.00001633,-0.00001633,0,0.76,0.11,-0.08,0,399.114,3.956,-3.88
Kepler-1542 c,Kepler-1542,Transit,2016,0,2.89223021,0.00001472,-0.00001472,0,0.65,0.09,-0.06,0,399.114,3.956,-3.88
Kepler-1542 d,Kepler-1542,Transit,2016,0,5.99273738,0.0000226,-0.0000226,0,0.87,0.12,-0.09,0,399.114,3.956,-3.88
Kepler-1542 e,Kepler-1542,Transit,2016,0,5.10115756,0.00002409,-0.00002409,0,0.76,0.1,-0.08,0,399.114,3.956,-3.88
Kepler-1543 b,Kepler-1543,Transit,2016,0,6.96710269,0.00003285,-0.00003285,0,2.71,1.21,-0.51,0,921.784,13.905,-13.905
Kepler-1544 b,Kepler-1544,Transit,2016,0,168.811174,0.001271,-0.001271,0,1.78,0.09,-0.07,0,335.09,1.666,-1.65
Kepler-1545 b,Kepler-1545,Transit,2016,0,163.692349,0.001383,-0.001383,0,2.7,0.22,-0.18,0,729.964,12.9055,-12.9055
Kepler-1546 b,Kepler-1546,Transit,2016,0,19.5974971,0.0001407,-0.0001407,0,3.13,0.58,-0.34,0,931.956,22.966,-21.905
Kepler-1547 b,Kepler-1547,Transit,2016,0,0.692979676,0.000001486,-0.000001486,0,0.9,0.28,-0.12,0,674.695,6.029,-5.924
Kepler-1548 b,Kepler-1548,Transit,2016,0,124.828679,0.001524,-0.001524,0,2.64,0.54,-0.21,0,872.279,18.795,-18.031
Kepler-1549 b,Kepler-1549,Transit,2016,0,214.886545,0.003111,-0.003111,0,2.57,0.22,-0.2,0,803.052,16.418,-15.785
Kepler-155 b,Kepler-155,Transit,2014,0,5.931194,0.000008,-0.000008,0,2.09,0.21,-0.21,0,293.499,2.279,-2.279
Kepler-155 c,Kepler-155,Transit,2014,0,52.661793,0.000236,-0.000236,0,2.24,0.15,-0.15,0,293.499,2.279,-2.279
Kepler-1550 b,Kepler-1550,Transit,2016,0,225.582809,0.003846,-0.003846,0,3.02,0.71,-0.38,0,1179.01,33.51,-31.74
Kepler-1551 b,Kepler-1551,Transit,2016,0,24.4973698,0.0002094,-0.0002094,0,2.66,0.91,-0.42,0,1463.72,53.045,-53.045
Kepler-1552 b,Kepler-1552,Transit,2016,0,184.771853,0.001546,-0.001546,0,2.47,0.11,-0.1,0,769.096,13.1565,-13.1565
Kepler-1553 b,Kepler-1553,Transit,2016,0,4.24261881,0.00002781,-0.00002781,0,1.15,0.1,-0.09,0,692.594,11.7265,-11.7265
Kepler-1554 b,Kepler-1554,Transit,2016,0,198.088774,0.002456,-0.002456,0,2.9,0.23,-0.27,0,946.847,31.643,-29.695
Kepler-1555 b,Kepler-1555,Transit,2016,0,8.10501635,0.00008122,-0.00008122,0,1.61,0.46,-0.17,0,2013.27,122.23,-109.27
Kepler-1556 b,Kepler-1556,Transit,2016,0,8.82713457,0.00004025,-0.00004025,0,1.96,0.4,-0.15,0,944.54,25.0215,-25.0215
Kepler-1557 b,Kepler-1557,Transit,2016,0,3.74032496,0.00002165,-0.00002165,0,1.53,0.5,-0.21,0,1380.16,45.525,-45.525
Kepler-1558 b,Kepler-1558,Transit,2016,0,3.50470358,0.00001612,-0.00001612,0,0.68,0.06,-0.04,0,325.737,1.5315,-1.5315
Kepler-1559 b,Kepler-1559,Transit,2016,0,0.971915428,0.000003789,-0.000003789,0,0.72,0.07,-0.05,0,614.827,9.522,-9.522
Kepler-156 b,Kepler-156,Transit,2014,0,4.973456,0.000008,-0.000008,0,2.3,0.17,-0.17,0,443.483,3.494,-3.494
Kepler-156 c,Kepler-156,Transit,2014,0,15.906801,0.000045,-0.000045,0,2.55,0.19,-0.19,0,443.483,3.494,-3.494
Kepler-1560 b,Kepler-1560,Transit,2016,0,3.03195744,0.00001306,-0.00001306,0,0.89,0.18,-0.09,0,502.497,4.266,-4.195
Kepler-1561 b,Kepler-1561,Transit,2016,0,1.005207007,0.000005097,-0.000005097,0,1.09,0.26,-0.18,0,839.076,18.935,-18.131
Kepler-1562 b,Kepler-1562,Transit,2016,0,64.2737752,0.0007141,-0.0007141,0,3.55,1,-0.42,0,2060.72,95.4,-95.4
Kepler-1563 b,Kepler-1563,Transit,2016,0,3.43276598,0.00002976,-0.00002976,0,0.75,0.12,-0.08,0,616.697,,
Kepler-1564 b,Kepler-1564,Transit,2016,0,18.0540381,0.0001919,-0.0001919,0,1.47,0.19,-0.13,0,908.805,19.32,-18.546
Kepler-1565 b,Kepler-1565,Transit,2016,0,1.538188437,0.00000686,-0.00000686,0,1.19,0.08,-0.12,0,629.93,11.596,-11.192
Kepler-1566 b,Kepler-1566,Transit,2016,0,0.539915238,0.000001354,-0.000001354,0,0.79,0.08,-0.05,0,466.586,3.6975,-3.6975
Kepler-1567 b,Kepler-1567,Transit,2016,0,153.979578,0.001785,-0.001785,0,2.73,0.4,-0.23,0,1206.11,45.35,-42.24
Kepler-1568 b,Kepler-1568,Transit,2016,0,20.925392,0.0002521,-0.0002521,0,1.3,0.21,-0.15,0,916.313,14.346,-13.918
Kepler-1569 b,Kepler-1569,Transit,2016,0,5.79180156,0.00003622,-0.00003622,0,1.68,0.73,-0.31,0,945.454,16.135,-16.135
Kepler-157 b,Kepler-157,Transit,2014,0,1.732342,0.000006,-0.000006,0,1.32,0.26,-0.26,0,773.713,10.485,-10.485
Kepler-157 c,Kepler-157,Transit,2014,0,13.5405,0.000049,-0.000049,0,2.24,0.43,-0.43,0,773.713,10.485,-10.485
Kepler-157 d,Kepler-157,Transit,2016,0,7.02573474,0.00002388,-0.00002388,0,1.46,0.16,-0.1,0,773.713,10.485,-10.485
Kepler-1570 b,Kepler-1570,Transit,2016,0,26.548955,0.0003047,-0.0003047,0,1.07,0.19,-0.1,0,918.995,14.239,-13.818
Kepler-1571 b,Kepler-1571,Transit,2016,0,3.38555488,0.00001595,-0.00001595,0,1.52,0.68,-0.34,0,675.303,7.7825,-7.7825
Kepler-1572 b,Kepler-1572,Transit,2016,0,5.49548621,0.0000292,-0.0000292,0,0.94,0.19,-0.08,0,946.602,12.8675,-12.8675
Kepler-1573 b,Kepler-1573,Transit,2016,0,2.6157554,0.00001498,-0.00001498,0,1.2,0.23,-0.11,0,1455.36,57.65,-53.48
Kepler-1574 b,Kepler-1574,Transit,2016,0,6.9424334,0.00006006,-0.00006006,0,1.29,0.28,-0.15,0,1384.16,51.03,-47.59
Kepler-1575 b,Kepler-1575,Transit,2016,0,2.55314213,0.00001304,-0.00001304,0,1.31,0.2,-0.13,0,1246.92,41.71,-39.14
Kepler-1576 b,Kepler-1576,Transit,2016,0,6.98471973,0.0000594,-0.0000594,0,1.04,0.29,-0.13,0,460.91,2.749,-2.716
Kepler-1577 b,Kepler-1577,Transit,2016,0,6.30560247,0.00003666,-0.00003666,0,1.13,0.05,-0.11,0,510.029,6.634,-6.469
Kepler-1578 b,Kepler-1578,Transit,2016,0,1.450886907,0.000006945,-0.000006945,0,1.04,0.11,-0.11,0,1064.05,40.22,-37.44
Kepler-1579 b,Kepler-1579,Transit,2016,0,0.849907889,0.000002927,-0.000002927,0,0.84,0.06,-0.05,0,466,18.253,-20.59
Kepler-158 b,Kepler-158,Transit,2014,0,16.709184,0.000064,-0.000064,0,2.12,0.36,-0.36,0,315.177,2.111,-2.083
Kepler-158 c,Kepler-158,Transit,2014,0,28.551383,0.00014,-0.00014,0,1.9,0.3,-0.3,0,315.177,2.111,-2.083
Kepler-158 d,Kepler-158,Transit,2024,0,0.645088,0.000002,-0.000002,0,0.43,0.05,-0.05,0,315.177,2.111,-2.083
Kepler-1580 b,Kepler-1580,Transit,2016,0,56.6449279,0.0008525,-0.0008525,0,2.11,0.3,-0.31,0,1002.02,24.98,-23.804
Kepler-1581 b,Kepler-1581,Transit,2016,0,6.28385491,0.00004246,-0.00004246,0,0.8,0.14,-0.09,0,493.175,5.817,-5.686
Kepler-1582 b,Kepler-1582,Transit,2016,0,4.83817712,0.0000884,-0.0000884,0,1.49,0.17,-0.14,0,78.8906,0.4421,-0.4372
Kepler-1583 b,Kepler-1583,Transit,2016,0,9.32807355,0.00008851,-0.00008851,0,0.6,0.09,-0.05,0,403.933,2.925,-2.883
Kepler-1584 b,Kepler-1584,Transit,2016,0,13.3997099,0.000157,-0.000157,0,1.61,0.4,-0.21,0,1416.31,38.57,-36.62
Kepler-1585 b,Kepler-1585,Transit,2016,0,3.5827463,0.00001739,-0.00001739,0,1.79,0.25,-0.16,0,944.465,33.906,-31.671
Kepler-1586 b,Kepler-1586,Transit,2016,0,15.6049212,0.0001365,-0.0001365,0,1.52,0.65,-0.34,0,552.55,4.562,-4.489
Kepler-1587 b,Kepler-1587,Transit,2016,0,9.4060467,0.0001376,-0.0001376,0,1.33,0.47,-0.24,0,1026.48,18.44,-17.81
Kepler-1588 b,Kepler-1588,Transit,2016,0,7.84931739,0.00009456,-0.00009456,0,0.76,0.11,-0.07,0,924.141,15.554,-15.554
Kepler-1589 b,Kepler-1589,Transit,2016,0,0.991665274,0.000007844,-0.000007844,0,1.09,0.44,-0.17,0,1513.14,65.63,-60.48
Kepler-159 b,Kepler-159,Transit,2014,0,10.139623,0.000022,-0.000022,0,2.38,0.18,-0.18,0,373.744,3.15,-3.099
Kepler-159 c,Kepler-159,Transit,2014,0,43.595792,0.000125,-0.000125,0,3.41,0.28,-0.28,0,373.744,3.15,-3.099
Kepler-1590 b,Kepler-1590,Transit,2016,0,7.61760804,0.00004334,-0.00004334,0,1.14,0.34,-0.15,0,771.152,10.82,-10.531
Kepler-1591 b,Kepler-1591,Transit,2016,0,8.18504949,0.00007831,-0.00007831,0,1.27,0.41,-0.19,0,1419.58,49.98,-46.76
Kepler-1592 b,Kepler-1592,Transit,2016,0,3.05710069,0.00002334,-0.00002334,0,1.54,0.7,-0.28,0,1639.47,70.14,-64.7
Kepler-1593 b,Kepler-1593,Transit,2016,0,174.509835,0.001852,-0.001852,0,3.17,0.3,-0.28,0,638.249,13.378,-12.85
Kepler-1594 b,Kepler-1594,Transit,2016,0,2.71603809,0.00001355,-0.00001355,0,1.06,0.26,-0.12,0,976.868,23.05,-22.029
Kepler-1595 b,Kepler-1595,Transit,2016,0,4.56380468,0.0000324,-0.0000324,0,1.23,0.09,-0.1,0,845.022,21.858,-20.802
Kepler-1596 b,Kepler-1596,Transit,2016,0,66.373379,0.001476,-0.001476,0,1.9,0.25,-0.17,0,2146.23,147.39,-129.98
Kepler-1597 b,Kepler-1597,Transit,2016,0,2.94654179,0.00003471,-0.00003471,0,1.06,0.47,-0.17,0,1221.05,24.12,-23.22
Kepler-1598 b,Kepler-1598,Transit,2016,0,4.34195123,0.00002827,-0.00002827,0,0.95,0.28,-0.1,0,619.862,7.2165,-7.2165
Kepler-1599 b,Kepler-1599,Transit,2016,0,122.363553,0.008968,-0.008968,0,1.62,0.33,-0.23,0,1328.2,38.84,-36.72
Kepler-16 b,Kepler-16,Transit,2011,0,228.776,0.02,-0.037,0,8.4493,0.0291,-0.0291,0,75.0852,0.1541,-0.1536
Kepler-160 b,Kepler-160,Transit,2014,0,4.309397,0.000013,-0.000012,0,1.715,0.061,-0.047,0,937.013,16.452,-15.904
Kepler-160 c,Kepler-160,Transit,2014,0,13.699429,0.000018,-0.000018,0,3.76,0.23,-0.09,0,937.013,16.452,-15.904
Kepler-160 d,Kepler-160,Transit Timing Variations,2020,0,30,20,-23,0,,,,,937.013,16.452,-15.904
Kepler-1600 b,Kepler-1600,Transit,2016,0,386.370548,0.008591,-0.008591,0,3.13,0.28,-0.17,0,1030.81,34.2705,-34.2705
Kepler-1600 c,Kepler-1600,Transit,2021,0,7.298049927,,,0,1.94206512,,,0,1030.81,34.2705,-34.2705
Kepler-1601 b,Kepler-1601,Transit,2016,0,2.20921951,0.0000151,-0.0000151,0,0.82,0.24,-0.11,0,644.456,6.281,-6.163
Kepler-1602 b,Kepler-1602,Transit,2016,0,11.17931605,0.00007504,-0.00007504,0,1.34,0.58,-0.23,0,629.804,5.564,-5.469
Kepler-1603 b,Kepler-1603,Transit,2016,0,2.27163926,0.00002336,-0.00002336,0,1.29,0.47,-0.19,0,2712.58,248.97,-211.14
Kepler-1604 b,Kepler-1604,Transit,2016,0,0.683684256,0.000000628,-0.000000628,0,1.41,0.19,-0.11,0,541.189,6.329,-6.188
Kepler-1605 b,Kepler-1605,Transit,2016,0,85.7565495,0.0006161,-0.0006161,0,1.08,0.09,-0.08,0,546.23,6.6415,-6.6415
Kepler-1606 b,Kepler-1606,Transit,2016,0,196.435224,0.003935,-0.003935,0,2.07,0.23,-0.15,0,831.287,18.466,-17.694
Kepler-1607 b,Kepler-1607,Transit,2016,0,13.6473676,0.0002102,-0.0002102,0,0.92,0.33,-0.14,0,1286.1,38.86,-38.86
Kepler-1608 b,Kepler-1608,Transit,2016,0,16.4735686,0.0001698,-0.0001698,0,1.73,0.16,-0.19,0,832,64.982,-81.437
Kepler-1609 b,Kepler-1609,Transit,2016,0,114.34219,0.004097,-0.004097,0,2.22,0.9,-0.32,0,1826.04,100.88,-91.03
Kepler-161 b,Kepler-161,Transit,2014,0,4.921355,0.000006,-0.000006,0,2.12,0.14,-0.14,0,434.632,3.1,-3.056
Kepler-161 c,Kepler-161,Transit,2014,0,7.06424,0.000011,-0.000011,0,2.05,0.15,-0.15,0,434.632,3.1,-3.056
Kepler-1610 b,Kepler-1610,Transit,2016,0,8.70181574,0.00008315,-0.00008315,0,1.61,0.19,-0.13,0,864.331,24.2205,-24.2205
Kepler-1610 c,Kepler-1610,Transit,2023,0,44.9851885,0.0004873,-0.0004873,0,2.09,0.35,-0.21,0,864.331,24.2205,-24.2205
Kepler-1611 b,Kepler-1611,Transit,2016,0,5.1762429,0.00005826,-0.00005826,0,0.81,0.16,-0.07,0,908.444,,
Kepler-1612 b,Kepler-1612,Transit,2016,0,3.91795101,0.00002727,-0.00002727,0,1.03,0.18,-0.11,0,764.726,13.738,-13.269
Kepler-1613 b,Kepler-1613,Transit,2016,0,1.5184299,0.0001991,-0.0001991,0,2.08,0.44,-0.51,0,1508.33,65.08,-60
Kepler-1614 b,Kepler-1614,Transit,2016,0,3.9466141,0.00003022,-0.00003022,0,1.49,0.12,-0.15,0,1191.19,46.18,-42.91
Kepler-1615 b,Kepler-1615,Transit,2016,0,47.3126192,0.0008593,-0.0008593,0,2.06,0.48,-0.58,0,1393.83,39.15,-37.11
Kepler-1616 b,Kepler-1616,Transit,2016,0,6.76284377,0.00006948,-0.00006948,0,1.02,0.47,-0.15,0,1137.81,17.53,-17.53
Kepler-1617 b,Kepler-1617,Transit,2016,0,27.4785572,0.0005078,-0.0005078,0,1.2,0.37,-0.16,0,898.31,12.709,-12.709
Kepler-1618 b,Kepler-1618,Transit,2016,0,6.10826019,0.00008991,-0.00008991,0,1.26,0.52,-0.24,0,1229.25,27.625,-27.625
Kepler-1619 b,Kepler-1619,Transit,2016,0,23.6225913,0.000542,-0.000542,0,0.76,0.15,-0.08,0,734.85,8.107,-7.935
Kepler-162 b,Kepler-162,Transit,2014,0,6.919798,0.000052,-0.000052,0,1.26,0.67,-0.67,0,855.641,15.029,-14.528
Kepler-162 c,Kepler-162,Transit,2014,0,19.446355,0.000045,-0.000045,0,3.03,1.63,-1.63,0,855.641,15.029,-14.528
Kepler-1620 b,Kepler-1620,Transit,2016,0,101.951829,0.001572,-0.001572,0,1.61,0.64,-0.27,0,895.069,,
Kepler-1621 b,Kepler-1621,Transit,2016,0,92.263714,0.002385,-0.002385,0,2.16,0.8,-0.37,0,1631.66,70.8,-65.23
Kepler-1622 b,Kepler-1622,Transit,2016,0,10.8118737,0.0001009,-0.0001009,0,1.47,0.68,-0.27,0,796.477,9.151,-8.949
Kepler-1623 b,Kepler-1623,Transit,2016,0,4.36128348,0.00002698,-0.00002698,0,1.31,0.31,-0.18,0,837.481,15.045,-14.531
Kepler-1624 b,Kepler-1624,Transit,2016,0,3.290314,0.000015,-0.000015,0,6.59,0.17,-0.17,0,258.979,2.984,-2.918
Kepler-1625 b,Kepler-1625,Transit,2016,0,287.378949,0.002983,-0.002983,0,6.06,0.87,-0.53,0,2310.11,213.09,-180.49
Kepler-1626 b,Kepler-1626,Transit,2016,0,4.13962966,0.00002851,-0.00002851,0,2.02,0.66,-0.43,0,1368.83,33.97,-32.39
Kepler-1627 b,Kepler-1627,Transit,2016,0,7.20283653,0.00008773,-0.00008773,0,3.69,0.49,-0.41,0,317.437,4.528,-4.404
Kepler-1628 b,Kepler-1628,Transit,2016,0,76.378033,0.001833,-0.001833,0,6.43,0.94,-0.51,0,352,41.229,-27.305
Kepler-1629 b,Kepler-1629,Transit,2016,0,3.87595807,0.00002379,-0.00002379,0,0.77,0.15,-0.08,0,336.09,2.643,-2.604
Kepler-163 b,Kepler-163,Transit,2014,0,7.810937,0.000107,-0.000107,0,1.05,0.44,-0.44,0,689.814,9.8645,-9.8645
Kepler-163 c,Kepler-163,Transit,2014,0,21.347262,0.000081,-0.000081,0,2.26,0.94,-0.94,0,689.814,9.8645,-9.8645
Kepler-1630 b,Kepler-1630,Transit,2016,0,509.997402,0.003256,-0.003256,0,2.19,0.2,-0.1,0,331.213,2.18,-2.151
Kepler-1631 b,Kepler-1631,Transit,2016,0,4.09513932,0.00003048,-0.00003048,0,1.35,0.2,-0.15,0,1305.99,54.96,-50.77
Kepler-1632 b,Kepler-1632,Transit,2016,0,448.303558,0.004164,-0.004164,0,2.47,0.84,-0.35,0,716.76,6.705,-6.585
Kepler-1633 b,Kepler-1633,Transit,2016,0,186.404271,0.005886,-0.005886,0,1.58,0.65,-0.25,0,1114.91,17.215,-17.215
Kepler-1634 b,Kepler-1634,Transit,2016,0,374.876239,0.007107,-0.007107,0,3.19,0.52,-0.6,0,617.339,8.4325,-8.4325
Kepler-1635 b,Kepler-1635,Transit,2016,0,469.63111,0.01246,-0.01246,0,3.64,0.33,-0.67,0,1069.45,39.9,-37.17
Kepler-1636 b,Kepler-1636,Transit,2016,0,425.47785,0.01122,-0.01122,0,3.23,0.76,-0.35,0,1947.54,121.425,-121.425
Kepler-1637 b,Kepler-1637,Transit,2016,0,6.10960324,0.00006485,-0.00006485,0,0.89,0.18,-0.09,0,567.187,,
Kepler-1638 b,Kepler-1638,Transit,2016,0,259.33683,0.01303,-0.01303,0,1.87,0.33,-0.22,0,1525.52,50.91,-47.78
Kepler-1639 b,Kepler-1639,Transit,2016,0,9.878482,0.002171,-0.002171,0,2.58,0.79,-0.34,0,1031.31,19.55,-18.85
Kepler-164 b,Kepler-164,Transit,2014,0,5.03503,0.000027,-0.000027,0,1.41,0.28,-0.28,0,890.758,13.684,-13.284
Kepler-164 c,Kepler-164,Transit,2014,0,10.945723,0.000029,-0.000029,0,2.73,0.52,-0.52,0,890.758,13.684,-13.284
Kepler-164 d,Kepler-164,Transit,2014,0,28.986769,0.000162,-0.000162,0,2.45,0.47,-0.47,0,890.758,13.684,-13.284
Kepler-164 e,Kepler-164,Transit,2023,0,94.886902,0.001216,-0.001216,0,4.24,0.69,-0.56,0,890.758,13.684,-13.284
Kepler-1640 b,Kepler-1640,Transit,2016,0,7.5844126,0.0003866,-0.0003866,0,4.82,2.48,-0.8,0,1859.78,,
Kepler-1641 b,Kepler-1641,Transit,2016,0,19.672266,0.00111,-0.00111,0,3.11,1.13,-0.58,0,860.37,16.718,-16.104
Kepler-1641 c,Kepler-1641,Transit,2016,0,32.657212,0.003099,-0.003099,0,2.95,0.98,-0.49,0,860.37,16.718,-16.104
Kepler-1642 b,Kepler-1642,Transit,2016,0,12.2057513,0.0005101,-0.0005101,0,3.2,0.34,-0.25,0,413.873,3.221,-3.174
Kepler-1642 c,Kepler-1642,Transit,2016,0,6.6513802,0.0003227,-0.0003227,0,2.66,0.29,-0.21,0,413.873,3.221,-3.174
Kepler-1643 b,Kepler-1643,Transit,2016,0,5.342657,0.0000101,-0.0000101,0,2.32,0.13,-0.13,0,341.774,2.593,-2.554
Kepler-1644 b,Kepler-1644,Transit,2016,0,21.0907758,0.0001114,-0.0001114,0,1.88,0.52,-0.16,0,629.27,,
Kepler-1645 b,Kepler-1645,Transit,2016,0,16.1779561,0.0001069,-0.0001069,0,1.78,0.43,-0.2,0,1202.47,29.92,-28.54
Kepler-1646 b,Kepler-1646,Transit,2016,0,4.48558383,0.0000105,-0.0000105,0,1.23,0.28,-0.24,0,127.591,0.621,-0.614
Kepler-1647 b,Kepler-1647,Transit,2016,0,1107.5923,0.0227,-0.0227,0,11.8739,0.1377,-0.1377,0,1212.45,22.335,-22.335
Kepler-1649 b,Kepler-1649,Transit,2017,0,8.689099,0.000025,-0.000025,0,1.017,0.051,-0.051,0,92.1913,0.5489,-0.5425
Kepler-1649 c,Kepler-1649,Transit,2020,0,19.53527,0.0001,-0.0001,0,1.06,0.15,-0.1,0,92.1913,0.5489,-0.5425
Kepler-165 b,Kepler-165,Transit,2014,0,8.180848,0.000026,-0.000026,0,2.32,1.41,-1.41,0,560.885,6.331,-6.193
Kepler-165 c,Kepler-165,Transit,2014,0,15.31299,0.000057,-0.000057,0,2.23,1.35,-1.35,0,560.885,6.331,-6.193
Kepler-1650 b,Kepler-1650,Transit,2017,0,1.53818001,0.00000155,-0.00000154,0,0.96,0.11,-0.1,0,134.397,0.725,-0.717
Kepler-1651 b,Kepler-1651,Transit,2017,0,9.87863917,0.00001067,-0.0000101,0,1.84,0.11,-0.11,0,66.4074,0.1062,-0.1059
Kepler-1652 b,Kepler-1652,Transit,2017,0,38.09722,0.00021,-0.00021,0,1.6,0.18,-0.18,0,252,32,-30
Kepler-1653 b,Kepler-1653,Transit,2017,0,140.2524,0.003,-0.003,0,2.17,0.16,-0.23,0,755,44,-36
Kepler-1654 b,Kepler-1654,Transit,2018,0,1047.8356,0.0018,-0.0019,0,9.180171,0.212971,-0.190553,0,568.117,3.878,-3.828
Kepler-1655 b,Kepler-1655,Transit,2018,0,11.8728787,0.0000085,-0.0000085,0,2.213,0.082,-0.082,0,213.26,0.991,-0.982
Kepler-1656 b,Kepler-1656,Transit,2018,0,31.562,0.011,-0.011,0,4.574,0.106,-0.106,0,185.875,0.835,-0.827
Kepler-1656 c,Kepler-1656,Radial Velocity,2022,0,1919,27,-24,0,14,,,0,185.875,0.835,-0.827
Kepler-166 b,Kepler-166,Transit,2014,0,7.650254,0.000012,-0.000012,0,2.27,1.17,-1.17,0,603.53,7.443,-7.266
Kepler-166 c,Kepler-166,Transit,2014,0,34.260281,0.000124,-0.000124,0,2.38,1.23,-1.23,0,603.53,7.443,-7.266
Kepler-166 d,Kepler-166,Transit,2016,0,1.554003928,0.000001435,-0.000001435,0,1.73,0.15,-0.1,0,603.53,7.443,-7.266
Kepler-1660 AB b,Kepler-1660 A,Eclipse Timing Variations,2023,0,239.5044,0.0686,-0.0686,0,12.9,,,0,1188.54,21.12,-21.12
Kepler-1661 b,Kepler-1661,Transit,2020,0,175.06,0.06,-0.06,0,3.87,0.06,-0.06,0,410.607,2.8825,-2.8825
Kepler-1663 b,Kepler-1663,Transit,2020,0,17.6046,,,0,3.30395896,,,0,337.926,3.407,-3.407
Kepler-1664 b,Kepler-1664,Transit,2020,0,14.3868,,,0,3.03320653,,,0,626.691,,
Kepler-1665 b,Kepler-1665,Transit,2020,0,11.9548,,,0,2.83910787,,,0,335.515,1.5665,-1.5665
Kepler-1666 b,Kepler-1666,Transit,2020,0,25.8476,,,0,2.88273782,,,0,1379.37,55.6,-51.51
Kepler-1666 c,Kepler-1666,Transit,2020,0,40.7157,,,0,3.23564749,,,0,1379.37,55.6,-51.51
Kepler-1667 b,Kepler-1667,Transit,2020,0,83.5781,,,0,2.98385261,,,0,626.819,6.1205,-6.1205
Kepler-1668 b,Kepler-1668,Transit,2020,0,15.434,,,0,4.34764405,,,0,1335.64,63.84,-58.36
Kepler-1669 b,Kepler-1669,Transit,2020,0,9.51216,,,0,2.78043818,,,0,543.444,10.777,-10.373
Kepler-1669 c,Kepler-1669,Transit,2021,0,1.609320045,,,0,1.90120972,,,0,543.444,10.777,-10.373
Kepler-1669 d,Kepler-1669,Transit,2023,0,4.72941177,0.00003075,-0.00003075,0,1.22,0.05,-0.06,0,543.444,10.777,-10.373
Kepler-167 b,Kepler-167,Transit,2014,0,4.3931539,0.0000048,-0.0000046,0,1.718,0.07,-0.07,0,341.908,1.973,-1.973
Kepler-167 c,Kepler-167,Transit,2014,0,7.406106,0.00001,-0.00001,0,1.674,0.069,-0.069,0,341.908,1.973,-1.973
Kepler-167 d,Kepler-167,Transit,2016,0,21.80379,0.00013,-0.00018,0,1.238,0.064,-0.064,0,341.908,1.973,-1.973
Kepler-167 e,Kepler-167,Transit,2016,0,1071.23205,0.00059,-0.00058,0,10.16,0.42,-0.42,0,341.908,1.973,-1.973
Kepler-1670 b,Kepler-1670,Transit,2020,0,20.4998,,,0,3.3564801,,,0,2065.98,117.37,-105.64
Kepler-1671 b,Kepler-1671,Transit,2020,0,4.16787,,,0,1.32557381,,,0,357.059,2.168,-2.143
Kepler-1672 b,Kepler-1672,Transit,2020,0,150.878,,,0,2.97022762,,,0,391.181,4.512,-4.411
Kepler-1673 b,Kepler-1673,Transit,2020,0,33.7888,,,0,2.9355194,,,0,727.187,6.8485,-6.8485
Kepler-1674 b,Kepler-1674,Transit,2020,0,62.5611,,,0,3.2057749,,,0,1012.48,28.889,-28.889
Kepler-1675 b,Kepler-1675,Transit,2020,0,63.0382,,,0,3.12483349,,,0,651.117,5.841,-5.841
Kepler-1676 b,Kepler-1676,Transit,2020,0,29.9221,,,0,3.3769596,,,0,,,
Kepler-1677 b,Kepler-1677,Transit,2020,0,22.064,,,0,2.70216183,,,0,735.369,8.6405,-8.6405
Kepler-1678 b,Kepler-1678,Transit,2020,0,147.974,,,0,3.30422249,,,0,847.339,20.786,-19.83
Kepler-1679 b,Kepler-1679,Transit,2020,0,9.75376,,,0,2.0692036,,,0,909.28,34.628,-32.219
Kepler-168 b,Kepler-168,Transit,2014,0,4.425391,0.000033,-0.000033,0,1.46,0.66,-0.66,0,1343.6,46.48,-43.52
Kepler-168 c,Kepler-168,Transit,2014,0,13.193242,0.000049,-0.000049,0,2.69,1.21,-1.21,0,1343.6,46.48,-43.52
Kepler-1680 b,Kepler-1680,Transit,2020,0,8.77424,,,0,1.35954736,,,0,310.315,1.55,-1.535
Kepler-1681 b,Kepler-1681,Transit,2020,0,69.8956,,,0,2.55321772,,,0,758.3,,
Kepler-1682 b,Kepler-1682,Transit,2020,0,14.8334,,,0,2.88940836,,,0,1159.85,46.04,-46.04
Kepler-1683 b,Kepler-1683,Transit,2020,0,15.0337,,,0,1.87477762,,,0,733.143,14.14,-13.624
Kepler-1684 b,Kepler-1684,Transit,2020,0,47.7055,,,0,2.87084792,,,0,621.996,12.5555,-12.5555
Kepler-1685 b,Kepler-1685,Transit,2020,0,20.4905,,,0,2.57673985,,,0,1141.89,44.55,-41.37
Kepler-1686 b,Kepler-1686,Transit,2020,0,9.30987,,,0,1.42553017,,,0,729.823,7.53,-7.53
Kepler-1687 b,Kepler-1687,Transit,2020,0,5.77954,,,0,1.65623882,,,0,417.014,5.407,-5.273
Kepler-1688 b,Kepler-1688,Transit,2020,0,5.62012,,,0,1.26174569,,,0,567.4468709,116.8382161,-116.8382161
Kepler-1689 b,Kepler-1689,Transit,2020,0,8.483,,,0,0.94678642,,,0,294.122,1.753,-1.731
Kepler-169 b,Kepler-169,Transit,2014,0,3.250619,0.000013,-0.000013,0,1.13,0.08,-0.08,0,406.529,3.024,-2.98
Kepler-169 c,Kepler-169,Transit,2014,0,6.195469,0.000029,-0.000029,0,1.21,0.08,-0.08,0,406.529,3.024,-2.98
Kepler-169 d,Kepler-169,Transit,2014,0,8.348125,0.000041,-0.000041,0,1.25,0.09,-0.09,0,406.529,3.024,-2.98
Kepler-169 e,Kepler-169,Transit,2014,0,13.767102,0.000034,-0.000034,0,2.2,0.29,-0.29,0,406.529,3.024,-2.98
Kepler-169 f,Kepler-169,Transit,2014,0,87.090195,0.000406,-0.000406,0,2.58,0.24,-0.24,0,406.529,3.024,-2.98
Kepler-1690 b,Kepler-1690,Transit,2020,0,234.636,,,0,2.81109223,,,0,703.789,9.481,-9.236
Kepler-1691 b,Kepler-1691,Transit,2020,0,3.8482,,,0,1.83470985,,,0,1267.67,32.62,-31.06
Kepler-1692 b,Kepler-1692,Transit,2020,0,5.95966,,,0,1.11177184,,,0,591.019,6.926,-6.77
Kepler-1693 b,Kepler-1693,Transit,2020,0,12.0999,,,0,1.28938413,,,0,760.065,13.5015,-13.5015
Kepler-1693 c,Kepler-1693,Transit,2021,0,5.363709927,,,0,0.97698289,,,0,760.065,13.5015,-13.5015
Kepler-1694 b,Kepler-1694,Transit,2020,0,3.89526,,,0,1.17986031,,,0,513.329,4.988,-4.896
Kepler-1695 b,Kepler-1695,Transit,2020,0,4.7329,,,0,1.11948901,,,0,791.175,12.3105,-12.3105
Kepler-1696 b,Kepler-1696,Transit,2020,0,65.9409,,,0,2.80982017,,,0,1506.36,71.83,-65.68
Kepler-1697 b,Kepler-1697,Transit,2020,0,33.4969,,,0,1.25954761,,,0,247.771,0.803,-0.797
Kepler-1698 b,Kepler-1698,Transit,2020,0,1.2107,,,0,1.07315686,,,0,222.345,1.199,-1.187
Kepler-1699 b,Kepler-1699,Transit,2020,0,3.49082,,,0,1.56671124,,,0,818.759,,
Kepler-17 b,Kepler-17,Transit,2011,0,1.4857108,0.0000002,-0.0000002,0,14.68,0.22,-0.22,0,720.753,10.343,-10.343
Kepler-170 b,Kepler-170,Transit,2014,0,7.930592,0.000014,-0.000014,0,3.2,0.22,-0.22,0,738.657,11.054,-10.738
Kepler-170 c,Kepler-170,Transit,2014,0,16.665863,0.000053,-0.000053,0,2.86,0.17,-0.17,0,738.657,11.054,-10.738
Kepler-1700 b,Kepler-1700,Transit,2020,0,234.239,,,0,2.90129941,,,0,717.597,8.675,-8.473
Kepler-1701 b,Kepler-1701,Transit,2020,0,169.134,,,0,2.22186207,,,0,584.142,6.7525,-6.7525
Kepler-1702 b,Kepler-1702,Transit,2020,0,18.5012,,,0,1.60190793,,,0,857.14,26.059,-24.591
Kepler-1704 b,Kepler-1704,Transit,2021,0,988.88112,0.00091,-0.00091,0,11.94877343,0.49319515,-0.47077719,0,835.455,9.323,-9.122
Kepler-1705 b,Kepler-1705,Transit,2021,0,9.03502,0.00065,-0.00064,0,2.03,0.12,-0.14,0,1633.49,90.81,-81.87
Kepler-1705 c,Kepler-1705,Transit,2021,0,11.28,0.0011,-0.0009,0,2.05,0.14,-0.15,0,1633.49,90.81,-81.87
Kepler-1708 b,Kepler-1708,Transit,2021,0,737.1131,0.00146,-0.0077,0,9.96,0.6,-0.59,0,1666.69,102.43,-91.4
Kepler-1709 b,Kepler-1709,Transit,2021,0,65.70459747,,,0,3.12424875,,,0,273.946,1.894,-1.867
Kepler-171 b,Kepler-171,Transit,2014,0,4.166972,0.000007,-0.000007,0,2.34,1.05,-1.05,0,863.855,18.329,-18.329
Kepler-171 c,Kepler-171,Transit,2014,0,11.463462,0.000026,-0.000026,0,2.56,1.15,-1.15,0,863.855,18.329,-18.329
Kepler-171 d,Kepler-171,Transit,2014,0,39.595519,0.000699,-0.000699,0,1.89,0.9,-0.9,0,863.855,18.329,-18.329
Kepler-1710 b,Kepler-1710,Transit,2021,0,14.91110039,,,0,3.19744103,,,0,305.193,2.385,-2.349
Kepler-1711 b,Kepler-1711,Transit,2021,0,21.06080055,,,0,1.923,,,0,590.268,,
Kepler-1712 b,Kepler-1712,Transit,2021,0,13.81499958,,,0,2.28372556,,,0,156.264,0.473,-0.473
Kepler-1713 b,Kepler-1713,Transit,2021,0,18.01160049,,,0,1.71673535,,,0,295.293,2.248,-2.215
Kepler-1714 b,Kepler-1714,Transit,2021,0,10.27530003,,,0,3.26437302,,,0,409.46,4.267,-4.181
Kepler-1715 b,Kepler-1715,Transit,2021,0,35.59730148,,,0,4.14042267,,,0,522.605,16.044,-15.131
Kepler-1716 b,Kepler-1716,Transit,2021,0,35.58100128,,,0,2.4247685,,,0,195.439,0.978,-0.968
Kepler-1717 b,Kepler-1717,Transit,2021,0,30.65279961,,,0,2.98929758,,,0,1008.79,17.66,-17.085
Kepler-1718 b,Kepler-1718,Transit,2021,0,135.1880035,,,0,2.5685207,,,0,375.522,3.03,-2.982
Kepler-1719 b,Kepler-1719,Transit,2021,0,6.149559975,,,0,3.95000623,,,0,905.406,10.803,-10.556
Kepler-172 b,Kepler-172,Transit,2014,0,2.940309,0.000007,-0.000007,0,2.35,0.42,-0.42,0,828.592,18.482,-17.707
Kepler-172 c,Kepler-172,Transit,2014,0,6.388996,0.00002,-0.00002,0,2.86,0.53,-0.53,0,828.592,18.482,-17.707
Kepler-172 d,Kepler-172,Transit,2014,0,14.627119,0.000105,-0.000105,0,2.25,0.4,-0.4,0,828.592,18.482,-17.707
Kepler-172 e,Kepler-172,Transit,2014,0,35.118736,0.000253,-0.000253,0,2.76,0.56,-0.56,0,828.592,18.482,-17.707
Kepler-1720 b,Kepler-1720,Transit,2021,0,12.70639992,,,0,3.21585295,,,0,629.445,7.239,-7.08
Kepler-1721 b,Kepler-1721,Transit,2021,0,4.592380047,,,0,3.11856756,,,0,641.374,8.303001,-8.097
Kepler-1722 b,Kepler-1722,Transit,2021,0,9.178569794,,,0,2.86719266,,,0,772.283,15.164,-14.601
Kepler-1723 b,Kepler-1723,Transit,2021,0,39.75289917,,,0,2.88046569,,,0,811.278,10.6695,-10.6695
Kepler-1724 b,Kepler-1724,Transit,2021,0,6.45442009,,,0,2.83677238,,,0,1060.77,24.7,-23.62
Kepler-1725 b,Kepler-1725,Transit,2021,0,16.71990013,,,0,2.8125177,,,0,558.652,5.528,-5.423
Kepler-1726 b,Kepler-1726,Transit,2021,0,18.39629936,,,0,2.50861954,,,0,390.552,2.066,-2.045
Kepler-1727 b,Kepler-1727,Transit,2021,0,9.029299736,,,0,3.17321625,,,0,894.187,22.378,-22.378
Kepler-1728 b,Kepler-1728,Transit,2021,0,4.782999992,,,0,2.95501875,,,0,651.783,9.611,-9.341
Kepler-1729 b,Kepler-1729,Transit,2021,0,4.220970154,,,0,3.89404186,,,0,576.181,12.447,-11.94
Kepler-173 b,Kepler-173,Transit,2014,0,4.263742,0.000021,-0.000021,0,1.29,0.64,-0.64,0,833.165,14.828,-14.828
Kepler-173 c,Kepler-173,Transit,2014,0,8.005777,0.000015,-0.000015,0,2.43,1.21,-1.21,0,833.165,14.828,-14.828
Kepler-1730 b,Kepler-1730,Transit,2021,0,13.81019974,,,0,4.48524519,,,0,1427.08,61.5,-56.72
Kepler-1731 b,Kepler-1731,Transit,2021,0,21.76129913,,,0,2.93295657,,,0,169.948,0.641,-0.636
Kepler-1732 b,Kepler-1732,Transit,2021,0,32.31240082,,,0,4.09903273,,,0,1289.41,41.95,-41.95
Kepler-1733 b,Kepler-1733,Transit,2021,0,9.229579926,,,0,3.63582354,,,0,2080.51,135.38,-135.38
Kepler-1734 b,Kepler-1734,Transit,2021,0,6.796850204,,,0,3.08851092,,,0,1482.83,54.585,-54.585
Kepler-1735 b,Kepler-1735,Transit,2021,0,7.71792984,,,0,1.19429134,,,0,245.303,1.508,-1.508
Kepler-1736 b,Kepler-1736,Transit,2021,0,37.81029892,,,0,3.8765856,,,0,1430,51.57,-51.57
Kepler-1737 b,Kepler-1737,Transit,2021,0,64.61750031,,,0,5.395,,,0,,,
Kepler-1738 b,Kepler-1738,Transit,2021,0,7.674630165,,,0,2.82472883,,,0,1302.87,44.92,-42.08
Kepler-1739 b,Kepler-1739,Transit,2021,0,7.343709946,,,0,2.43056832,,,0,783.666,13.854,-13.388
Kepler-174 b,Kepler-174,Transit,2014,0,13.98179,0.000024,-0.000024,0,1.96,0.11,-0.11,0,384.757,2.684,-2.684
Kepler-174 c,Kepler-174,Transit,2014,0,44.000529,0.000265,-0.000265,0,1.49,0.09,-0.09,0,384.757,2.684,-2.684
Kepler-174 d,Kepler-174,Transit,2014,0,247.35373,0.002001,-0.002001,0,2.19,0.13,-0.13,0,384.757,2.684,-2.684
Kepler-1740 b,Kepler-1740,Transit,2021,0,8.172400475,,,0,3.32321414,,,0,1061.77,36.685,-36.685
Kepler-1741 b,Kepler-1741,Transit,2021,0,2.757590055,,,0,1.273,,,0,270.739,2.716,-2.716
Kepler-1742 b,Kepler-1742,Transit,2021,0,49.47819901,,,0,2.1782413,,,0,669.573,8.969,-8.739
Kepler-1743 b,Kepler-1743,Transit,2021,0,7.649710178,,,0,1.59887007,,,0,538.807,6.107,-5.975
Kepler-1744 b,Kepler-1744,Transit,2021,0,37.10110092,,,0,3.76754004,,,0,1091.63,29.97,-29.97
Kepler-1745 b,Kepler-1745,Transit,2021,0,3.016190052,,,0,1.92872921,,,0,996.105,25.8745,-25.8745
Kepler-1746 b,Kepler-1746,Transit,2021,0,321.2120056,,,0,8.93504475,,,0,979.541,17.514,-17.514
Kepler-1747 b,Kepler-1747,Transit,2021,0,6.230319977,,,0,4.26508,,,0,1321.38,60.95,-55.89
Kepler-1748 b,Kepler-1748,Transit,2021,0,5.823520184,,,0,2.71275017,,,0,1083.28,43.62,-40.43
Kepler-1749 b,Kepler-1749,Transit,2021,0,14.53409958,,,0,1.61301783,,,0,268.2,1.4035,-1.4035
Kepler-175 b,Kepler-175,Transit,2014,0,11.903515,0.000046,-0.000046,0,2.56,1.28,-1.28,0,1312.34,45.29,-42.42
Kepler-175 c,Kepler-175,Transit,2014,0,34.035257,0.000279,-0.000279,0,3.1,1.56,-1.56,0,1312.34,45.29,-42.42
Kepler-1750 b,Kepler-1750,Transit,2021,0,205.9120026,,,0,6.00434637,,,0,1497.33,67.93,-62.37
Kepler-1751 b,Kepler-1751,Transit,2021,0,7.017310143,,,0,1.82417378,,,0,1291.47,39.19,-36.99
Kepler-1752 b,Kepler-1752,Transit,2021,0,56.35850143,,,0,4.54060463,,,0,962.888,29.899,-28.181
Kepler-1753 b,Kepler-1753,Transit,2021,0,16.00460052,,,0,2.22678077,,,0,707.688,15.215,-14.599
Kepler-1754 b,Kepler-1754,Transit,2021,0,8.195949554,,,0,2.43996509,,,0,718.945,21.743,-20.523
Kepler-1755 b,Kepler-1755,Transit,2021,0,24.81209946,,,0,5.91688317,,,0,982.383,22.937,-21.932
Kepler-1756 b,Kepler-1756,Transit,2021,0,2.355750084,,,0,1.47199944,,,0,,,
Kepler-1757 b,Kepler-1757,Transit,2021,0,19.65640068,,,0,2.94660251,,,0,807.308,16.517,-15.878
Kepler-1758 b,Kepler-1758,Transit,2021,0,9.977210045,,,0,2.57059831,,,0,1588.41,75.49,-69.04
Kepler-1759 b,Kepler-1759,Transit,2021,0,3.720230103,,,0,0.9037791,,,0,385.348,3.148,-3.099
Kepler-176 b,Kepler-176,Transit,2014,0,5.433074,0.000024,-0.000024,0,1.43,0.73,-0.73,0,527.321,6.058,-5.925
Kepler-176 c,Kepler-176,Transit,2014,0,12.759712,0.000033,-0.000033,0,2.6,1.33,-1.33,0,527.321,6.058,-5.925
Kepler-176 d,Kepler-176,Transit,2014,0,25.751974,0.000115,-0.000115,0,2.51,1.32,-1.32,0,527.321,6.058,-5.925
Kepler-176 e,Kepler-176,Transit,2016,0,51.16579,0.0006432,-0.0006432,0,1.45,0.12,-0.15,0,527.321,6.058,-5.925
Kepler-1760 b,Kepler-1760,Transit,2021,0,38.3260994,,,0,2.28995546,,,0,,,
Kepler-1761 b,Kepler-1761,Transit,2021,0,4.043540001,,,0,1.39109603,,,0,221.186,1.133,-1.133
Kepler-1762 b,Kepler-1762,Transit,2021,0,29.53910065,,,0,2.76022913,,,0,1663.74,87.74,-79.51
Kepler-1763 b,Kepler-1763,Transit,2021,0,1.480280042,,,0,1.14651332,,,0,756.486,9.7675,-9.7675
Kepler-1764 b,Kepler-1764,Transit,2021,0,70.46829987,,,0,4.55527871,,,0,1542.48,61.7,-61.7
Kepler-1765 b,Kepler-1765,Transit,2021,0,10.41889954,,,0,2.49508857,,,0,764.456,13.423,-12.975
Kepler-1766 b,Kepler-1766,Transit,2021,0,105.0149994,,,0,2.27904508,,,0,501.229,4.946,-4.852
Kepler-1767 b,Kepler-1767,Transit,2021,0,59.65829849,,,0,3.01299077,,,0,820.506,19.941,-19.941
Kepler-1768 b,Kepler-1768,Transit,2021,0,15.13589954,,,0,2.23346338,,,0,632.766,5.956,-5.849
Kepler-1769 b,Kepler-1769,Transit,2021,0,89.1934967,,,0,4.465,,,0,438.412,4.5,-4.412
Kepler-177 b,Kepler-177,Transit,2013,0,36.8601,0.0015,-0.0014,0,3.5,0.19,-0.15,0,1435.44,42.1,-39.81
Kepler-177 c,Kepler-177,Transit,2013,0,49.40926,0.00078,-0.00077,0,8.73,0.36,-0.34,0,1435.44,42.1,-39.81
Kepler-1770 b,Kepler-1770,Transit,2021,0,16.84189987,,,0,2.84141754,,,0,582.942,5.861,-5.748
Kepler-1771 b,Kepler-1771,Transit,2021,0,88.64399719,,,0,4.05537256,,,0,565.752,,
Kepler-1772 b,Kepler-1772,Transit,2021,0,3.215090036,,,0,2.68609988,,,0,871.564,12.502,-12.16
Kepler-1773 b,Kepler-1773,Transit,2021,0,40.80970001,,,0,3.50469499,,,0,681.255,9.84,-9.568
Kepler-1774 b,Kepler-1774,Transit,2021,0,59.77080154,,,0,3.18179549,,,0,816.592,11.812,-11.812
Kepler-1775 b,Kepler-1775,Transit,2021,0,85.65399933,,,0,3.64762153,,,0,657.023,6.088,-5.978
Kepler-1776 b,Kepler-1776,Transit,2021,0,35.01190186,,,0,2.61157023,,,0,690.336,6.7705,-6.7705
Kepler-1777 b,Kepler-1777,Transit,2021,0,12.18420029,,,0,2.13189678,,,0,619.146,6.1395,-6.1395
Kepler-1778 b,Kepler-1778,Transit,2021,0,10.08740044,,,0,3.01665969,,,0,1276.29,49.77,-46.23
Kepler-1779 b,Kepler-1779,Transit,2021,0,16.34359932,,,0,3.03295685,,,0,908.501,25.537,-24.201
Kepler-178 b,Kepler-178,Transit,2014,0,9.576694,0.000021,-0.000021,0,2.9,1.25,-1.25,0,716.025,10.369,-10.082
Kepler-178 c,Kepler-178,Transit,2014,0,20.552802,0.000066,-0.000066,0,2.88,1.23,-1.23,0,716.025,10.369,-10.082
Kepler-178 d,Kepler-178,Transit,2014,0,96.678988,0.000702,-0.000702,0,3.95,1.7,-1.7,0,716.025,10.369,-10.082
Kepler-1780 b,Kepler-1780,Transit,2021,0,109.4449997,,,0,3.60600667,,,0,790.516,14.6085,-14.6085
Kepler-1781 b,Kepler-1781,Transit,2021,0,4.88752985,,,0,2.38091029,,,0,962.63,34.958,-32.63
Kepler-1782 b,Kepler-1782,Transit,2021,0,5.756229877,,,0,2.22927435,,,0,305.792,1.39,-1.377
Kepler-1783 b,Kepler-1783,Transit,2021,0,8.277440071,,,0,1.31946731,,,0,264.078,1.232,-1.22
Kepler-1784 b,Kepler-1784,Transit,2021,0,13.59049988,,,0,2.79936489,,,0,883.045,21.309,-20.344
Kepler-1785 b,Kepler-1785,Transit,2021,0,19.58550072,,,0,2.70422447,,,0,745.74,10.685,-10.393
Kepler-1786 b,Kepler-1786,Transit,2021,0,78.5460968,,,0,3.16305828,,,0,863.909,13.303,-13.303
Kepler-1787 b,Kepler-1787,Transit,2021,0,39.31370163,,,0,2.31898181,,,0,778.602,13.017,-12.604
Kepler-1788 b,Kepler-1788,Transit,2021,0,2.800120115,,,0,2.37850461,,,0,560.445,8.159,-7.933
Kepler-1789 b,Kepler-1789,Transit,2021,0,80.23190308,,,0,2.83137505,,,0,611.461,7.918,-7.722
Kepler-179 b,Kepler-179,Transit,2014,0,2.735926,0.000008,-0.000008,0,1.64,0.68,-0.68,0,605.68,6.565,-6.565
Kepler-179 c,Kepler-179,Transit,2014,0,6.40013,0.000017,-0.000017,0,2,0.81,-0.81,0,605.68,6.565,-6.565
Kepler-1790 b,Kepler-1790,Transit,2021,0,31.58889961,,,0,3.1446145,,,0,1070.17,21.84,-20.99
Kepler-1791 b,Kepler-1791,Transit,2021,0,7.720860004,,,0,3.12103321,,,0,602.218,,
Kepler-1792 b,Kepler-1792,Transit,2021,0,4.1957798,,,0,2.51990972,,,0,601.029,9.824,-9.519
Kepler-1793 b,Kepler-1793,Transit,2021,0,8.779999733,,,0,3.79037518,,,0,1189.88,53.57,-53.57
Kepler-1794 b,Kepler-1794,Transit,2021,0,9.762980461,,,0,1.79426276,,,0,561.229,10.563,-10.187
Kepler-1795 b,Kepler-1795,Transit,2021,0,13.36019993,,,0,1.66301611,,,0,,,
Kepler-1796 b,Kepler-1796,Transit,2021,0,29.4557991,,,0,2.75047868,,,0,825.883,15.474,-14.924
Kepler-1797 b,Kepler-1797,Transit,2021,0,23.3593998,,,0,3.05774442,,,0,1338.49,41.195,-41.195
Kepler-1798 b,Kepler-1798,Transit,2021,0,16.85589981,,,0,2.30911251,,,0,395.196,6.0225,-6.0225
Kepler-1799 b,Kepler-1799,Transit,2021,0,11.9296999,,,0,4.12801189,,,0,2254.69,160.37,-140.85
Kepler-18 b,Kepler-18,Transit,2011,0,3.504725,0.000028,-0.000028,0,2,0.1,-0.1,0,433.047,3.204,-3.158
Kepler-18 c,Kepler-18,Transit,2011,0,7.64159,0.00003,-0.00003,0,5.49,0.26,-0.26,0,433.047,3.204,-3.158
Kepler-18 d,Kepler-18,Transit,2011,0,14.85888,0.00004,-0.00004,0,6.98,0.33,-0.33,0,433.047,3.204,-3.158
Kepler-180 b,Kepler-180,Transit,2014,0,13.817124,0.000155,-0.000155,0,1.5,0.67,-0.67,0,695.65,8.646,-8.44
Kepler-180 c,Kepler-180,Transit,2014,0,41.885775,0.000228,-0.000228,0,3.01,1.34,-1.34,0,695.65,8.646,-8.44
Kepler-1800 b,Kepler-1800,Transit,2021,0,4.562029839,,,0,0.99679734,,,0,350.455,2.105,-2.081
Kepler-1801 b,Kepler-1801,Transit,2021,0,10.44089985,,,0,2.70926154,,,0,839.332,15.956,-15.38
Kepler-1801 c,Kepler-1801,Transit,2023,0,116.583183,0.002231,-0.002231,0,2.91,0.83,-0.42,0,839.332,15.956,-15.38
Kepler-1802 b,Kepler-1802,Transit,2021,0,15.45020008,,,0,1.671,,,0,636.694,49.122,-42.646
Kepler-1802 c,Kepler-1802,Transit,2021,0,33.13610077,,,0,2.322,,,0,636.694,49.122,-42.646
Kepler-1804 b,Kepler-1804,Transit,2021,0,12.28849983,,,0,1.59615726,,,0,434.456,5.71,-5.567
Kepler-1805 b,Kepler-1805,Transit,2021,0,8.847940445,,,0,1.54502915,,,0,221.639,1.2465,-1.2465
Kepler-1806 b,Kepler-1806,Transit,2021,0,9.033320427,,,0,2.35560189,,,0,978.066,34.534,-32.293
Kepler-1807 b,Kepler-1807,Transit,2021,0,10.86060047,,,0,2.70393215,,,0,1299.32,29.89,-29.89
Kepler-1808 b,Kepler-1808,Transit,2021,0,23.3404007,,,0,3.02511302,,,0,1022.01,28.14,-26.691
Kepler-1809 b,Kepler-1809,Transit,2021,0,3.7572999,,,0,1.513,,,0,409.602,3.3295,-3.3295
Kepler-181 b,Kepler-181,Transit,2014,0,3.137873,0.000013,-0.000013,0,1.27,0.62,-0.62,0,609.283,7.946,-7.946
Kepler-181 c,Kepler-181,Transit,2014,0,4.302149,0.000008,-0.000008,0,1.99,0.98,-0.98,0,609.283,7.946,-7.946
Kepler-1810 b,Kepler-1810,Transit,2021,0,101.1330032,,,0,3.91815325,,,0,1009.87,29.455,-29.455
Kepler-1811 b,Kepler-1811,Transit,2021,0,76.42230225,,,0,3.84829873,,,0,1390.56,53.53,-49.77
Kepler-1812 b,Kepler-1812,Transit,2021,0,7.165219784,,,0,2.3249424,,,0,1409.19,59.26,-54.74
Kepler-1813 b,Kepler-1813,Transit,2021,0,2.818160057,,,0,1.413,,,0,,,
Kepler-1814 b,Kepler-1814,Transit,2021,0,2.935359955,,,0,2.36961357,,,0,726.346,15.267,-14.661
Kepler-1814 c,Kepler-1814,Transit,2023,0,0.626281766,0.000001041,-0.000001041,0,1.76,0.13,-0.18,0,726.346,15.267,-14.661
Kepler-1815 b,Kepler-1815,Transit,2021,0,12.19139957,,,0,2.7489262,,,0,1006.63,33.13,-31.11
Kepler-1816 b,Kepler-1816,Transit,2021,0,91.50099945,,,0,1.9679397,,,0,437.823,3.599,-3.599
Kepler-1817 b,Kepler-1817,Transit,2021,0,44.29919815,,,0,2.27349126,,,0,748.569,12.972,-12.545
Kepler-1818 b,Kepler-1818,Transit,2021,0,4.644909859,,,0,1.71360684,,,0,1034.59,22.75,-21.82
Kepler-1819 b,Kepler-1819,Transit,2021,0,16.48690033,,,0,3.90351256,,,0,1363.19,52.74,-49
Kepler-182 b,Kepler-182,Transit,2014,0,9.825792,0.000062,-0.000062,0,2.58,1.18,-1.18,0,1549.09,50.53,-50.53
Kepler-182 c,Kepler-182,Transit,2014,0,20.684342,0.000097,-0.000097,0,3.43,1.53,-1.53,0,1549.09,50.53,-50.53
Kepler-1820 b,Kepler-1820,Transit,2021,0,31.03249931,,,0,3.11883067,,,0,1425.39,59.7,-55.15
Kepler-1821 b,Kepler-1821,Transit,2021,0,16.45809937,,,0,2.59248115,,,0,799.699,12.0365,-12.0365
Kepler-1822 b,Kepler-1822,Transit,2021,0,22.13339996,,,0,2.64755943,,,0,897.597,30.699,-28.766
Kepler-1823 b,Kepler-1823,Transit,2021,0,21.10339928,,,0,2.0861268,,,0,724.971,8.524,-8.331
Kepler-1824 b,Kepler-1824,Transit,2021,0,95.61100006,,,0,2.38127597,,,0,1040.1,26.41,-25.15
Kepler-1825 b,Kepler-1825,Transit,2021,0,1.025869966,,,0,1.42200732,,,0,430.254,3.344,-3.344
Kepler-1826 b,Kepler-1826,Transit,2021,0,1.615360022,,,0,1.47519116,,,0,336.952,3.1575,-3.1575
Kepler-1827 b,Kepler-1827,Transit,2021,0,3.700619936,,,0,1.85644292,,,0,686.461,7.863,-7.863
Kepler-1828 b,Kepler-1828,Transit,2021,0,10.2737999,,,0,2.11598626,,,0,871.81,17.8935,-17.8935
Kepler-1829 b,Kepler-1829,Transit,2021,0,5.186719894,,,0,2.47887001,,,0,679.921,9.734,-9.467
Kepler-183 b,Kepler-183,Transit,2014,0,5.687945,0.00002,-0.00002,0,2.06,0.89,-0.89,0,1050.64,27.69,-27.69
Kepler-183 c,Kepler-183,Transit,2014,0,11.637071,0.000055,-0.000055,0,2.27,0.98,-0.98,0,1050.64,27.69,-27.69
Kepler-1830 b,Kepler-1830,Transit,2021,0,56.49330139,,,0,3.32992941,,,0,1056.88,19.185,-19.185
Kepler-1831 b,Kepler-1831,Transit,2021,0,5.78387022,,,0,1.97019818,,,0,1053.49,20.97,-20.19
Kepler-1832 b,Kepler-1832,Transit,2021,0,3.138789892,,,0,1.22719556,,,0,486.174,5.3715,-5.3715
Kepler-1833 b,Kepler-1833,Transit,2021,0,6.892129898,,,0,1.30027362,,,0,591.602,7.583,-7.396
Kepler-1834 b,Kepler-1834,Transit,2021,0,4.603010178,,,0,1.4593834,,,0,500.395,8.326,-8.063
Kepler-1834 c,Kepler-1834,Transit,2023,0,0.766691517,0.000001273,-0.000001273,0,1.22,0.05,-0.08,0,500.395,8.326,-8.063
Kepler-1835 b,Kepler-1835,Transit,2021,0,11.96409988,,,0,3.53387773,,,0,1404.38,54.7,-50.82
Kepler-1836 b,Kepler-1836,Transit,2021,0,5.254169941,,,0,2.55303229,,,0,1472.62,71.77,-65.5
Kepler-1837 b,Kepler-1837,Transit,2021,0,5.906089783,,,0,2.06673842,,,0,1229.18,48.31,-44.85
Kepler-1838 b,Kepler-1838,Transit,2021,0,12.14680004,,,0,1.66049425,,,0,451.242,4.866,-4.765
Kepler-1839 b,Kepler-1839,Transit,2021,0,5.056759834,,,0,1.9493759,,,0,1136.6,24.98,-23.95
Kepler-184 b,Kepler-184,Transit,2014,0,10.687576,0.000025,-0.000025,0,2.36,1.33,-1.33,0,610.326,6.0115,-6.0115
Kepler-184 c,Kepler-184,Transit,2014,0,20.303005,0.000087,-0.000087,0,1.97,1.11,-1.11,0,610.326,6.0115,-6.0115
Kepler-184 d,Kepler-184,Transit,2014,0,29.022358,0.000176,-0.000176,0,2.49,1.41,-1.41,0,610.326,6.0115,-6.0115
Kepler-1840 b,Kepler-1840,Transit,2021,0,131.1900024,,,0,2.77771129,,,0,513.107,6.7205,-6.7205
Kepler-1841 b,Kepler-1841,Transit,2021,0,25.88599968,,,0,1.48912557,,,0,631.7,7.422,-7.255
Kepler-1842 b,Kepler-1842,Transit,2021,0,14.02639961,,,0,2.35388681,,,0,923.551,19.233,-18.478
Kepler-1843 b,Kepler-1843,Transit,2021,0,25.54339981,,,0,2.70909809,,,0,784.625,14.023,-14.023
Kepler-1844 b,Kepler-1844,Transit,2021,0,3.924510002,,,0,3.03648191,,,0,1804.36,133.03,-116.21
Kepler-1845 b,Kepler-1845,Transit,2021,0,11.60649967,,,0,2.43836702,,,0,710.724,17.045,-17.045
Kepler-1846 b,Kepler-1846,Transit,2021,0,14.82009983,,,0,1.76378826,,,0,374.615,2.4155,-2.4155
Kepler-1847 b,Kepler-1847,Transit,2021,0,11.12969971,,,0,2.74516914,,,0,1693.86,128.57,-111.91
Kepler-1848 b,Kepler-1848,Transit,2021,0,5.604020119,,,0,1.4088539,,,0,309.696,1.518,-1.504
Kepler-1849 b,Kepler-1849,Transit,2021,0,57.29290009,,,0,2.38685349,,,0,631.884,11.752,-11.337
Kepler-185 b,Kepler-185,Transit,2014,0,1.6329,0.000005,-0.000005,0,1.17,0.67,-0.67,0,466.735,4.744,-4.652
Kepler-185 c,Kepler-185,Transit,2014,0,20.729042,0.000097,-0.000097,0,2.02,1.17,-1.17,0,466.735,4.744,-4.652
Kepler-1850 b,Kepler-1850,Transit,2021,0,1.385800004,,,0,0.72909663,,,0,250.199,1.333,-1.319
Kepler-1851 b,Kepler-1851,Transit,2021,0,12.02289963,,,0,3.90012032,,,0,1589.81,75.41,-69
Kepler-1852 b,Kepler-1852,Transit,2021,0,7.970940113,,,0,1.88610592,,,0,772.481,15.693,-15.091
Kepler-1853 b,Kepler-1853,Transit,2021,0,48.88819885,,,0,1.51862272,,,0,562.348,8.673,-8.418
Kepler-1854 b,Kepler-1854,Transit,2021,0,39.83110046,,,0,2.58746104,,,0,423.348,,
Kepler-1855 b,Kepler-1855,Transit,2021,0,0.727330983,,,0,1.216205,,,0,,,
Kepler-1856 b,Kepler-1856,Transit,2021,0,1.302000046,,,0,1.73447868,,,0,848.76,24.092,-22.821
Kepler-1857 b,Kepler-1857,Transit,2021,0,8.94340992,,,0,1.96065412,,,0,853.275,17.349,-16.683
Kepler-1858 b,Kepler-1858,Transit,2021,0,88.07160187,,,0,2.42168247,,,0,833.055,24.544,-24.544
Kepler-1859 b,Kepler-1859,Transit,2021,0,2.729599953,,,0,1.58313575,,,0,1331.25,43.265,-43.265
Kepler-1859 c,Kepler-1859,Transit,2023,0,3.59645081,0.00003644,-0.00003644,0,1.66,0.29,-0.23,0,1331.25,43.265,-43.265
Kepler-186 b,Kepler-186,Transit,2014,0,3.8867907,0.0000062,-0.0000063,0,1.07,0.12,-0.12,0,177.594,0.774,-0.774
Kepler-186 c,Kepler-186,Transit,2014,0,7.267302,0.000012,-0.000011,0,1.25,0.14,-0.14,0,177.594,0.774,-0.774
Kepler-186 d,Kepler-186,Transit,2014,0,13.342996,0.000025,-0.000024,0,1.4,0.16,-0.16,0,177.594,0.774,-0.774
Kepler-186 e,Kepler-186,Transit,2014,0,22.407704,0.000074,-0.000072,0,1.27,0.15,-0.14,0,177.594,0.774,-0.774
Kepler-186 f,Kepler-186,Transit,2014,1,129.9441,0.0013,-0.0012,0,1.17,0.08,-0.08,0,177.594,0.774,-0.774
Kepler-1860 b,Kepler-1860,Transit,2021,0,12.73719978,,,0,1.13863767,,,0,438.703,2.628,-2.597
Kepler-1861 b,Kepler-1861,Transit,2021,0,40.0306015,,,0,2.20677414,,,0,829.985,12.3095,-12.3095
Kepler-1862 b,Kepler-1862,Transit,2021,0,16.05730057,,,0,2.203,,,0,1232.19,48,-44.59
Kepler-1863 b,Kepler-1863,Transit,2021,0,44.99760056,,,0,2.26309256,,,0,865.546,11.6365,-11.6365
Kepler-1864 b,Kepler-1864,Transit,2021,0,3.881510019,,,0,0.75408365,,,0,298.894,1.854,-1.831
Kepler-1865 b,Kepler-1865,Transit,2021,0,2.524009943,,,0,1.57686072,,,0,922.255,27.387,-25.877
Kepler-1866 b,Kepler-1866,Transit,2021,0,11.66009998,,,0,2.08215108,,,0,976.737,18.317,-17.666
Kepler-1867 b,Kepler-1867,Transit,2021,0,9.887359619,,,0,1.15985997,,,0,680.583,7.096,-6.954
Kepler-1868 b,Kepler-1868,Transit,2021,0,211.0339966,,,0,3.14950109,,,0,274.18,0.9505,-0.9505
Kepler-1869 b,Kepler-1869,Transit,2021,0,8.167360306,,,0,1.11955354,,,0,113.025,0.291,-0.291
Kepler-1869 c,Kepler-1869,Transit,2023,0,1.716828304,0.000009408,-0.000009408,0,0.74,0.12,-0.03,0,113.025,0.291,-0.291
Kepler-187 b,Kepler-187,Transit,2014,0,4.938864,0.000058,-0.000058,0,1.41,0.28,-0.28,0,1143,33.31,-31.51
Kepler-187 c,Kepler-187,Transit,2014,0,10.640263,0.000048,-0.000048,0,2.67,0.52,-0.52,0,1143,33.31,-31.51
Kepler-1870 b,Kepler-1870,Transit,2021,0,3.606940031,,,0,2.10143764,,,0,407.216,2.752,-2.716
Kepler-1871 b,Kepler-1871,Transit,2021,0,1.952700019,,,0,2.42172881,,,0,854.623,16.7485,-16.7485
Kepler-1872 b,Kepler-1872,Transit,2021,0,3.825910091,,,0,2.38421141,,,0,840.182,22.353,-21.244
Kepler-1873 b,Kepler-1873,Transit,2021,0,0.558842003,,,0,1.62573811,,,0,820.957,26.2335,-26.2335
Kepler-1874 b,Kepler-1874,Transit,2021,0,56.57320023,,,0,2.21110724,,,0,408.007,,
Kepler-1875 b,Kepler-1875,Transit,2021,0,34.45859909,,,0,3.22686692,,,0,1660.45,140.93,-120.86
Kepler-1876 b,Kepler-1876,Transit,2021,0,6.99205,0.000038,-0.000038,0,0.853,0.039,-0.026,0,259.935,1.797,-1.773
Kepler-1877 b,Kepler-1877,Transit,2021,0,2.377569914,,,0,0.624086,,,0,285.312,1.865,-1.841
Kepler-1878 b,Kepler-1878,Transit,2021,0,4.445879936,,,0,2.92019781,,,0,1494.3,57.8,-53.71
Kepler-1879 b,Kepler-1879,Transit,2021,0,10.61340046,,,0,2.06512018,,,0,627.171,8.988,-8.741
Kepler-188 b,Kepler-188,Transit,2014,0,2.061897,0.00001,-0.00001,0,1.68,0.76,-0.76,0,968.544,22.38,-21.409
Kepler-188 c,Kepler-188,Transit,2014,0,5.996553,0.000015,-0.000015,0,3.19,1.45,-1.45,0,968.544,22.38,-21.409
Kepler-1880 b,Kepler-1880,Transit,2021,0,6.309219837,,,0,2.11686218,,,0,611.041,12.203,-11.743
Kepler-1881 b,Kepler-1881,Transit,2021,0,159.3939972,,,0,2.98104391,,,0,1057.21,40.825,-40.825
Kepler-1882 b,Kepler-1882,Transit,2021,0,13.78730011,,,0,1.48674404,,,0,443.371,4.273,-4.194
Kepler-1883 b,Kepler-1883,Transit,2021,0,103.427002,,,0,3.25107395,,,0,1377.61,70.81,-64.32
Kepler-1884 b,Kepler-1884,Transit,2021,0,8.988320351,,,0,1.81406781,,,0,1443.09,54.04,-50.34
Kepler-1885 b,Kepler-1885,Transit,2021,0,2.522559881,,,0,1.51110555,,,0,818.482,14.945,-14.429
Kepler-1886 b,Kepler-1886,Transit,2021,0,24.2758007,,,0,2.58158428,,,0,1059.51,39.72,-37
Kepler-1887 b,Kepler-1887,Transit,2021,0,19.94750023,,,0,2.92454357,,,0,1366.18,78.15,-70.28
Kepler-1888 b,Kepler-1888,Transit,2021,0,11.39169979,,,0,1.32578716,,,0,402.947,4.585,-4.485
Kepler-1889 b,Kepler-1889,Transit,2021,0,37.30369949,,,0,2.94360686,,,0,1395.13,69.24,-63.08
Kepler-189 b,Kepler-189,Transit,2014,0,10.399931,0.000085,-0.000085,0,1.21,0.61,-0.61,0,591.534,7.134,-6.969
Kepler-189 c,Kepler-189,Transit,2014,0,20.134866,0.000057,-0.000057,0,2.38,1.19,-1.19,0,591.534,7.134,-6.969
Kepler-1890 b,Kepler-1890,Transit,2021,0,4.820590019,,,0,0.86867375,,,0,529.596,6.754,-6.588
Kepler-1891 b,Kepler-1891,Transit,2021,0,4.02229023,,,0,1.52139156,,,0,596.24,6.0705,-6.0705
Kepler-1892 b,Kepler-1892,Transit,2021,0,6.331230164,,,0,1.83707938,,,0,851.595,25.704,-24.265
Kepler-1893 b,Kepler-1893,Transit,2021,0,4.179369926,,,0,1.70557445,,,0,1050.72,27.41,-26.07
Kepler-1894 b,Kepler-1894,Transit,2021,0,2.762660027,,,0,1.20117759,,,0,935.191,24.745,-23.523
Kepler-1894 c,Kepler-1894,Transit,2023,0,5.05368985,0.00005076,-0.00005076,0,1.21,0.37,-0.11,0,935.191,24.745,-23.523
Kepler-1895 b,Kepler-1895,Transit,2021,0,6.070290089,,,0,2.11934728,,,0,984.187,29.853,-28.173
Kepler-1896 b,Kepler-1896,Transit,2021,0,44.87020111,,,0,3.09935997,,,0,1732.91,100.03,-89.87
Kepler-1897 b,Kepler-1897,Transit,2021,0,24.22030067,,,0,2.81407954,,,0,983.174,37.276,-34.689
Kepler-1898 b,Kepler-1898,Transit,2021,0,4.765620232,,,0,0.93353523,,,0,360.921,1.897,-1.878
Kepler-1899 b,Kepler-1899,Transit,2021,0,4.095779896,,,0,1.55098292,,,0,711.509,18.482,-18.482
Kepler-19 b,Kepler-19,Transit,2011,0,9.28699,0,0,0,2.209,0.048,-0.048,0,218.562,0.975,-0.966
Kepler-19 c,Kepler-19,Transit Timing Variations,2011,0,28.731,0.012,-0.005,0,3.68,,,0,218.562,0.975,-0.966
Kepler-19 d,Kepler-19,Radial Velocity,2017,0,62.95,0.04,-0.3,0,5.06,,,0,218.562,0.975,-0.966
Kepler-190 b,Kepler-190,Transit,2014,0,2.019999,0.000003,-0.000003,0,1.56,0.11,-0.11,0,433.387,2.767,-2.733
Kepler-190 c,Kepler-190,Transit,2014,0,3.763024,0.000009,-0.000009,0,1.46,0.1,-0.1,0,433.387,2.767,-2.733
Kepler-1900 b,Kepler-1900,Transit,2021,0,2.986229897,,,0,1.62314676,,,0,1540.43,84.63,-76.4
Kepler-1901 b,Kepler-1901,Transit,2021,0,3.484129906,,,0,1.47418907,,,0,1028.37,25.8,-24.58
Kepler-1902 b,Kepler-1902,Transit,2021,0,3.822220087,,,0,1.17563613,,,0,344.337,6.478,-6.247
Kepler-1903 b,Kepler-1903,Transit,2021,0,17.0678997,,,0,2.28642395,,,0,1775.44,79.1,-72.76
Kepler-1904 b,Kepler-1904,Transit,2021,0,4.577020168,,,0,1.3904994,,,0,270.854,2.2715,-2.2715
Kepler-1905 b,Kepler-1905,Transit,2021,0,3.42392993,,,0,1.4460734,,,0,1051.53,32.45,-32.45
Kepler-1906 b,Kepler-1906,Transit,2021,0,7.362689972,,,0,2.77615754,,,0,1360.63,51.75,-48.14
Kepler-1907 b,Kepler-1907,Transit,2021,0,5.652450085,,,0,0.86973029,,,0,292.111,1.333,-1.322
Kepler-1907 c,Kepler-1907,Transit,2021,0,14.86390018,,,0,1.15547044,,,0,292.111,1.333,-1.322
Kepler-1909 b,Kepler-1909,Transit,2021,0,2.391609907,,,0,1.09217411,,,0,763.662,17.9405,-17.9405
Kepler-191 b,Kepler-191,Transit,2014,0,9.939632,0.000066,-0.000066,0,1.34,0.66,-0.66,0,594.464,7.885,-7.885
Kepler-191 c,Kepler-191,Transit,2014,0,17.738506,0.000082,-0.000082,0,1.86,0.92,-0.92,0,594.464,7.885,-7.885
Kepler-191 d,Kepler-191,Transit,2016,0,5.945041017,0.00000763,-0.00000763,0,2.28,0.16,-0.13,0,594.464,7.885,-7.885
Kepler-1910 b,Kepler-1910,Transit,2021,0,5.688769817,,,0,1.184,,,0,,,
Kepler-1911 b,Kepler-1911,Transit,2021,0,5.990799904,,,0,1.011,,,0,269.912,2.028,-1.998
Kepler-1912 b,Kepler-1912,Transit,2021,0,6.059219837,,,0,1.35670508,,,0,297.017,1.825,-1.803
Kepler-1913 b,Kepler-1913,Transit,2021,0,14.1960001,,,0,1.51852059,,,0,876.3,20.85,-19.919
Kepler-1914 b,Kepler-1914,Transit,2021,0,30.82789993,,,0,2.9429803,,,0,1621.56,86.22,-78.08
Kepler-1915 b,Kepler-1915,Transit,2021,0,13.83539963,,,0,3.21798413,,,0,1514.66,79.11,-71.74
Kepler-1916 b,Kepler-1916,Transit,2021,0,31.25429916,,,0,2.61757235,,,0,2055.82,174.19,-149.52
Kepler-1917 b,Kepler-1917,Transit,2021,0,12.90240002,,,0,1.88971288,,,0,909.037,25.025,-25.025
Kepler-1918 b,Kepler-1918,Transit,2021,0,47.0564003,,,0,2.29763023,,,0,1030.11,35.29,-33.059
Kepler-1919 b,Kepler-1919,Transit,2021,0,37.88660049,,,0,2.62390658,,,0,1177.53,52.74,-48.48
Kepler-192 b,Kepler-192,Transit,2014,0,9.926746,0.000018,-0.000018,0,2.74,0.45,-0.45,0,651.674,6.7435,-6.7435
Kepler-192 c,Kepler-192,Transit,2014,0,21.2234,0.000076,-0.000076,0,2.79,0.52,-0.52,0,651.674,6.7435,-6.7435
Kepler-192 d,Kepler-192,Transit,2016,0,6.47027579,0.0000432,-0.0000432,0,1.02,0.1,-0.07,0,651.674,6.7435,-6.7435
Kepler-1920 b,Kepler-1920,Transit,2021,0,30.2541008,,,0,2.95415848,,,0,885.913,14.342,-14.342
Kepler-1921 b,Kepler-1921,Transit,2021,0,20.03479958,,,0,2.89459458,,,0,928.989,15.253,-14.777
Kepler-1921 c,Kepler-1921,Transit,2023,0,3.15722086,0.00001947,-0.00001947,0,1.41,0.33,-0.57,0,928.989,15.253,-14.777
Kepler-1922 b,Kepler-1922,Transit,2021,0,13.22259998,,,0,2.29064904,,,0,1344.29,46.99,-46.99
Kepler-1923 b,Kepler-1923,Transit,2021,0,52.60969925,,,0,1.95958179,,,0,990.838,,
Kepler-1924 b,Kepler-1924,Transit,2021,0,15.33170033,,,0,2.65446572,,,0,1910.77,102.05,-102.05
Kepler-1925 b,Kepler-1925,Transit,2021,0,46.71640015,,,0,3.00177922,,,0,1771.31,81,-74.34
Kepler-1926 b,Kepler-1926,Transit,2021,0,42.87770081,,,0,2.31495961,,,0,667.405,27.745,-25.65
Kepler-1927 b,Kepler-1927,Transit,2021,0,73.75039673,,,0,3.40627075,,,0,1091,24.72,-23.67
Kepler-1928 b,Kepler-1928,Transit,2021,0,19.57783,0.000022,-0.000021,0,1.992,0.133,-0.078,0,326.362,2.473,-2.437
Kepler-1929 b,Kepler-1929,Transit,2021,0,59.36249924,,,0,3.07250761,,,0,508.201,5.599,-5.48
Kepler-193 b,Kepler-193,Transit,2014,0,11.38848,0.000054,-0.000054,0,2.39,1.08,-1.08,0,1009.1,22.9,-21.929
Kepler-193 c,Kepler-193,Transit,2014,0,50.697494,0.000446,-0.000446,0,2.75,1.24,-1.24,0,1009.1,22.9,-21.929
Kepler-1930 b,Kepler-1930,Transit,2021,0,13.02680016,,,0,1.52955541,,,0,275.694,1.166,-1.156
Kepler-1931 b,Kepler-1931,Transit,2021,0,38.5760994,,,0,2.65323514,,,0,620.091,9.012,-8.763
Kepler-1932 b,Kepler-1932,Transit,2021,0,0.524177015,,,0,1.51482218,,,0,713.733,13.178,-12.717
Kepler-1933 b,Kepler-1933,Transit,2021,0,4.943290234,,,0,1.17984089,,,0,328.007,2.226,-2.197
Kepler-1934 b,Kepler-1934,Transit,2021,0,1.419759989,,,0,0.91307734,,,0,428.514,4.34,-4.255
Kepler-1935 b,Kepler-1935,Transit,2021,0,3.951400042,,,0,2.50271696,,,0,904.702,14.764,-14.305
Kepler-1936 b,Kepler-1936,Transit,2021,0,126.5569992,,,0,3.16615594,,,0,871.096,11.41,-11.124
Kepler-1937 b,Kepler-1937,Transit,2021,0,9.688599586,,,0,3.0229133,,,0,905.069,16.101,-15.558
Kepler-1938 b,Kepler-1938,Transit,2021,0,13.06260014,,,0,1.82828927,,,0,421.152,4.639,-4.54
Kepler-1939 b,Kepler-1939,Transit,2021,0,2.790659904,,,0,1.16480773,,,0,189.833,0.495,-0.492
Kepler-194 b,Kepler-194,Transit,2014,0,2.092281,0.000008,-0.000008,0,1.51,0.79,-0.79,0,1097.97,28.77,-27.37
Kepler-194 c,Kepler-194,Transit,2014,0,17.308032,0.000079,-0.000079,0,2.59,1.36,-1.36,0,1097.97,28.77,-27.37
Kepler-194 d,Kepler-194,Transit,2014,0,52.814973,0.000481,-0.000481,0,2.4,1.26,-1.26,0,1097.97,28.77,-27.37
Kepler-1940 b,Kepler-1940,Transit,2021,0,4.950610161,,,0,1.54732469,,,0,798.595,15.783,-15.194
Kepler-1941 b,Kepler-1941,Transit,2021,0,31.33510017,,,0,2.64976949,,,0,1494.39,47.23,-44.47
Kepler-1942 b,Kepler-1942,Transit,2021,0,4.626049995,,,0,2.1170287,,,0,842.492,20.931,-19.958
Kepler-1943 b,Kepler-1943,Transit,2021,0,4.850180149,,,0,1.54869189,,,0,1004.55,17.1385,-17.1385
Kepler-1944 b,Kepler-1944,Transit,2021,0,9.842579842,,,0,2.75971163,,,0,1076.48,35.4,-33.25
Kepler-1945 b,Kepler-1945,Transit,2021,0,6.080039978,,,0,1.289,,,0,,,
Kepler-1946 b,Kepler-1946,Transit,2021,0,3.035190105,,,0,2.48812698,,,0,1002.12,41.13,-38.067
Kepler-1947 b,Kepler-1947,Transit,2021,0,6.963630199,,,0,1.0101666,,,0,468.771,4.745,-4.652
Kepler-1948 b,Kepler-1948,Transit,2021,0,15.57129955,,,0,1.03283226,,,0,193.903,1.445,-1.424
Kepler-1949 b,Kepler-1949,Transit,2021,0,2.208280087,,,0,2.21964541,,,0,2617.35,178.575,-178.575
Kepler-195 b,Kepler-195,Transit,2014,0,8.307872,0.00002,-0.00002,0,2.03,0.74,-0.74,0,652.051,8.9,-8.668
Kepler-195 c,Kepler-195,Transit,2014,0,34.096863,0.000371,-0.000371,0,1.55,0.57,-0.57,0,652.051,8.9,-8.668
Kepler-1950 b,Kepler-1950,Transit,2021,0,10.77690029,,,0,1.52696349,,,0,697.253,12.4975,-12.4975
Kepler-1951 b,Kepler-1951,Transit,2021,0,20.65780067,,,0,2.32107188,,,0,1277.32,27.41,-26.3
Kepler-1952 b,Kepler-1952,Transit,2021,0,27.21080017,,,0,1.23923346,,,0,852.062,,
Kepler-1953 b,Kepler-1953,Transit,2021,0,6.245659828,,,0,1.28574667,,,0,605.631,9.929,-9.619
Kepler-1954 b,Kepler-1954,Transit,2021,0,5.883430004,,,0,1.80235934,,,0,1373.83,68.26,-62.19
Kepler-1955 b,Kepler-1955,Transit,2021,0,14.26519966,,,0,1.16654878,,,0,449.351,5.668,-5.53
Kepler-1956 b,Kepler-1956,Transit,2021,0,5.943719864,,,0,1.08940238,,,0,360.468,3.771,-3.695
Kepler-1957 b,Kepler-1957,Transit,2021,0,2.186619997,,,0,0.94374867,,,0,460.899,4.382,-4.382
Kepler-1958 b,Kepler-1958,Transit,2021,0,9.328619957,,,0,2.05124311,,,0,1320.38,49.91,-46.46
Kepler-1959 b,Kepler-1959,Transit,2021,0,6.38669014,,,0,1.14315727,,,0,479.263,5.559,-5.435
Kepler-196 b,Kepler-196,Transit,2014,0,20.739886,0.000066,-0.000066,0,1.9,0.15,-0.15,0,451.312,3.157,-3.115
Kepler-196 c,Kepler-196,Transit,2014,0,47.427737,0.000223,-0.000223,0,2.24,0.17,-0.17,0,451.312,3.157,-3.115
Kepler-196 d,Kepler-196,Transit,2021,0,122.0800018,,,0,2.66065673,,,0,451.312,3.157,-3.115
Kepler-1960 b,Kepler-1960,Transit,2021,0,2.297940016,,,0,1.30749704,,,0,1527.56,53.865,-53.865
Kepler-1961 b,Kepler-1961,Transit,2021,0,5.604710102,,,0,1.6187808,,,0,1042.45,37.4,-34.93
Kepler-1962 b,Kepler-1962,Transit,2021,0,7.991459846,,,0,1.21463929,,,0,866.826,19.003,-18.219
Kepler-1963 b,Kepler-1963,Transit,2021,0,1.962260008,,,0,0.74437023,,,0,492.847,3.297,-3.255
Kepler-1964 b,Kepler-1964,Transit,2021,0,2.440829992,,,0,1.7810587,,,0,,,
Kepler-1965 b,Kepler-1965,Transit,2021,0,41.86869812,,,0,1.35415138,,,0,521.791,4.563,-4.563
Kepler-1966 b,Kepler-1966,Transit,2021,0,8.617429733,,,0,1.10479327,,,0,484.601,14.365,-14.365
Kepler-1967 b,Kepler-1967,Transit,2021,0,7.281690121,,,0,0.73022577,,,0,249.102,0.874,-0.868
Kepler-1968 b,Kepler-1968,Transit,2021,0,7.281099796,,,0,1.50004034,,,0,750.93,22.109,-20.9
Kepler-1969 b,Kepler-1969,Transit,2021,0,6.647520065,,,0,1.68161001,,,0,1204.54,44.24,-41.27
Kepler-197 b,Kepler-197,Transit,2014,0,5.599308,0.000023,-0.000023,0,1.02,0.04,-0.04,0,330.575,2.344,-2.312
Kepler-197 c,Kepler-197,Transit,2014,0,10.349695,0.000045,-0.000045,0,1.23,0.04,-0.04,0,330.575,2.344,-2.312
Kepler-197 d,Kepler-197,Transit,2014,0,15.677563,0.000096,-0.000096,0,1.22,0.1,-0.1,0,330.575,2.344,-2.312
Kepler-197 e,Kepler-197,Transit,2014,0,25.209715,0.000387,-0.000387,0,0.91,0.04,-0.04,0,330.575,2.344,-2.312
Kepler-1972 b,Kepler-1972,Transit,2022,0,7.54425,0.00054,-0.00054,0,0.802,0.042,-0.041,0,287.339,2.098,-2.068
Kepler-1972 c,Kepler-1972,Transit,2022,0,11.3295,0.0011,-0.0011,0,0.868,0.051,-0.05,0,287.339,2.098,-2.068
Kepler-1976 b,Kepler-1976,Transit Timing Variations,2023,0,4.959319244,0.000000515,-0.000000515,0,12.21,1.96,-1.46,0,1314.51,41.845,-41.845
Kepler-1977 b,Kepler-1977,Transit,2023,0,4.53702121,0.00002498,-0.00002498,0,1.66,0.19,-0.11,0,592.711,12.3435,-12.3435
Kepler-1978 b,Kepler-1978,Transit,2023,0,10.84969477,0.00002777,-0.00002777,0,2.67,0.38,-0.21,0,865.512,20.214,-19.327
Kepler-1979 b,Kepler-1979,Transit,2023,0,18.5084526,0.0001311,-0.0001311,0,29.33,8.82,-2.94,0,1076.27,36.16,-36.16
Kepler-198 b,Kepler-198,Transit,2014,0,17.790037,0.000035,-0.000035,0,2.82,0.42,-0.42,0,495.358,4.2465,-4.2465
Kepler-198 c,Kepler-198,Transit,2014,0,49.567416,0.00022,-0.00022,0,2.47,0.37,-0.37,0,495.358,4.2465,-4.2465
Kepler-198 d,Kepler-198,Transit,2016,0,1.31184443,0.000001329,-0.000001329,0,1.53,0.09,-0.07,0,495.358,4.2465,-4.2465
Kepler-1980 b,Kepler-1980,Transit,2023,0,33.0257179,0.0006181,-0.0006181,0,2.21,0.36,-0.12,0,1709.4,145.41,-124.6
Kepler-1981 b,Kepler-1981,Transit,2023,0,453.54212,0.003501,-0.003501,0,9.23,1.76,-4.1,0,659.395,6.82,-6.684
Kepler-1982 b,Kepler-1982,Transit,2023,0,3.82315697,0.00004481,-0.00004481,0,0.77,0.14,-0.04,0,558.855,7.448,-7.259
Kepler-1983 b,Kepler-1983,Transit,2023,0,7.32851947,0.00002311,-0.00002311,0,2.33,0.13,-0.18,0,424.428,3.495,-3.439
Kepler-1984 b,Kepler-1984,Transit,2023,0,1.992812339,0.000007832,-0.000007832,0,6.81,0.75,-0.9,0,,,
Kepler-1985 b,Kepler-1985,Transit,2023,0,3.42064689,0.00001928,-0.00001928,0,2.27,0.25,-0.22,0,,,
Kepler-1986 b,Kepler-1986,Transit,2023,0,19.5489666,0.0001396,-0.0001396,0,1.89,0.35,-0.15,0,912.085,30.4555,-30.4555
Kepler-1987 b,Kepler-1987,Transit,2023,0,2.345863002,0.00000955,-0.00000955,0,1.23,0.11,-0.09,0,595.683,10.608,-10.249
Kepler-1987 c,Kepler-1987,Transit,2023,0,3.64830183,0.00001621,-0.00001621,0,1.33,0.12,-0.09,0,595.683,10.608,-10.249
Kepler-1987 d,Kepler-1987,Transit,2023,0,5.644914154,0.000008778,-0.000008778,0,2.66,0.25,-0.18,0,595.683,10.608,-10.249
Kepler-1987 e,Kepler-1987,Transit,2023,0,8.74292005,0.00003311,-0.00003311,0,1.92,0.18,-0.13,0,595.683,10.608,-10.249
Kepler-1988 b,Kepler-1988,Transit,2023,0,11.49500229,0.00008821,-0.00008821,0,1.53,0.3,-0.49,0,513.426,,
Kepler-1989 b,Kepler-1989,Transit,2023,0,10.16102353,0.000009176,-0.000009176,0,4.62,1.37,-0.73,0,1252.13,33.33,-31.68
Kepler-199 b,Kepler-199,Transit,2014,0,23.637604,0.00005,-0.00005,0,3.11,0.56,-0.56,0,521.054,4.228,-4.228
Kepler-199 c,Kepler-199,Transit,2014,0,67.093408,0.00019,-0.00019,0,3.25,0.58,-0.58,0,521.054,4.228,-4.228
Kepler-1990 b,Kepler-1990,Transit,2023,0,1.73513619,0.000000282,-0.000000282,0,3.27,0.54,-0.33,0,392.739,4.24,-4.152
Kepler-1990 c,Kepler-1990,Transit,2023,0,4.06844957,0.00001212,-0.00001212,0,0.98,0.17,-0.1,0,392.739,4.24,-4.152
Kepler-1991 b,Kepler-1991,Transit,2023,0,13.26079792,0.00009795,-0.00009795,0,1.47,0.2,-0.21,0,855.82,14.365,-13.906
Kepler-1991 c,Kepler-1991,Transit,2023,0,22.79020351,0.00006878,-0.00006878,0,2.57,0.36,-0.36,0,855.82,14.365,-13.906
Kepler-1992 b,Kepler-1992,Transit,2023,0,15.6112238,0.0001275,-0.0001275,0,0.91,0.09,-0.05,0,532.955,4.041,-4.041
Kepler-1993 b,Kepler-1993,Transit,2023,0,26.6565737,0.0002052,-0.0002052,0,4.15,1.28,-2.98,0,1031.91,18.37,-18.37
Kepler-1994 b,Kepler-1994,Transit,2023,0,4.61225043,0.00003445,-0.00003445,0,0.51,0.06,-0.05,0,241.991,1.465,-1.448
Kepler-1995 b,Kepler-1995,Transit,2023,0,73.7578875,0.0004304,-0.0004304,0,4.28,2.21,-0.66,0,595.331,9.508,-9.22
Kepler-1996 b,Kepler-1996,Transit,2023,0,32.376183,0.0001311,-0.0001311,0,2.26,0.16,-0.07,0,440.561,4.42,-4.334
Kepler-1996 c,Kepler-1996,Transit,2023,0,92.7297248,0.000398,-0.000398,0,2.81,0.2,-0.08,0,440.561,4.42,-4.334
Kepler-1997 b,Kepler-1997,Transit,2023,0,26.7575866,0.0002942,-0.0002942,0,2.28,0.72,-0.28,0,1502.34,67.15,-61.73
Kepler-1998 b,Kepler-1998,Transit,2023,0,3.03267135,0.00001374,-0.00001374,0,0.6,0.08,-0.04,0,340.965,2.539,-2.502
Kepler-1999 b,Kepler-1999,Transit,2023,0,8.7396758,0.0003092,-0.0003092,0,3.29,0.26,-0.3,0,701.255,18.408,-17.505
Kepler-20 b,Kepler-20,Transit,2011,0,3.6961049,0.0000016,-0.0000016,0,1.773,0.053,-0.03,0,282.563,1.776,-1.753
Kepler-20 c,Kepler-20,Transit,2011,0,10.8540774,0.0000021,-0.0000021,0,2.894,0.036,-0.033,0,282.563,1.776,-1.753
Kepler-20 d,Kepler-20,Transit,2011,0,77.611455,0.000096,-0.000096,0,2.606,0.053,-0.039,0,282.563,1.776,-1.753
Kepler-20 e,Kepler-20,Transit,2011,0,6.0984882,0.0000099,-0.0000099,0,0.821,0.022,-0.022,0,282.563,1.776,-1.753
Kepler-20 f,Kepler-20,Transit,2011,0,19.578328,0.000048,-0.000048,0,0.952,0.047,-0.087,0,282.563,1.776,-1.753
Kepler-20 g,Kepler-20,Radial Velocity,2016,0,34.94,0.038,-0.035,0,4.71,,,0,282.563,1.776,-1.753
Kepler-200 b,Kepler-200,Transit,2014,0,8.594805,0.000036,-0.000036,0,2.13,0.41,-0.41,0,665.912,7.1445,-7.1445
Kepler-200 c,Kepler-200,Transit,2014,0,10.222157,0.000053,-0.000053,0,1.59,0.29,-0.29,0,665.912,7.1445,-7.1445
Kepler-2000 b,Kepler-2000,Transit,2023,0,6.383159135,0.000006398,-0.000006398,0,2.73,0.1,-0.17,0,320.588,3.651,-3.651
Kepler-2000 c,Kepler-2000,Transit,2023,0,20.6180348,0.0001382,-0.0001382,0,1.57,0.06,-0.1,0,320.588,3.651,-3.651
Kepler-2001 b,Kepler-2001,Transit,2023,0,1.090011003,0.000005822,-0.000005822,0,1.04,0.13,-0.08,0,776.55,20.136,-19.16
Kepler-2001 c,Kepler-2001,Transit,2023,0,14.09258319,,,0,1.82,0.23,-0.13,0,776.55,20.136,-19.16
Kepler-201 b,Kepler-201,Transit,2014,0,25.672083,0.000075,-0.000075,0,2.46,0.48,-0.48,0,636.445,9.773,-9.488
Kepler-201 c,Kepler-201,Transit,2014,0,151.884058,0.002014,-0.002014,0,2.85,0.6,-0.6,0,636.445,9.773,-9.488
Kepler-202 b,Kepler-202,Transit,2014,0,4.069427,0.000007,-0.000007,0,1.63,0.1,-0.1,0,285.111,1.1135,-1.1135
Kepler-202 c,Kepler-202,Transit,2014,0,16.282493,0.000038,-0.000038,0,1.85,0.1,-0.1,0,285.111,1.1135,-1.1135
Kepler-203 b,Kepler-203,Transit,2014,0,3.162697,0.000004,-0.000004,0,2.57,0.52,-0.52,0,703.302,9.51,-9.51
Kepler-203 c,Kepler-203,Transit,2014,0,5.370647,0.000008,-0.000008,0,2.47,0.47,-0.47,0,703.302,9.51,-9.51
Kepler-203 d,Kepler-203,Transit,2014,0,11.32972,0.00008,-0.00008,0,1.44,0.28,-0.28,0,703.302,9.51,-9.51
Kepler-204 b,Kepler-204,Transit,2014,0,14.400974,0.000056,-0.000056,0,2.53,0.54,-0.54,0,686.723,7.142,-7
Kepler-204 c,Kepler-204,Transit,2014,0,25.660593,0.000288,-0.000288,0,1.79,0.39,-0.39,0,686.723,7.142,-7
Kepler-205 b,Kepler-205,Transit,2014,0,2.75564,0.000002,-0.000002,0,1.51,0.14,-0.14,0,159.72,0.348,-0.347
Kepler-205 c,Kepler-205,Transit,2014,0,20.306546,0.000038,-0.000038,0,1.64,0.12,-0.12,0,159.72,0.348,-0.347
Kepler-206 b,Kepler-206,Transit,2014,0,7.781987,0.000058,-0.000058,0,1.2,0.24,-0.24,0,594.447,4.952,-4.872
Kepler-206 c,Kepler-206,Transit,2014,0,13.137471,0.000065,-0.000065,0,1.77,0.34,-0.34,0,594.447,4.952,-4.872
Kepler-206 d,Kepler-206,Transit,2014,0,23.44281,0.000453,-0.000453,0,1.19,0.24,-0.24,0,594.447,4.952,-4.872
Kepler-207 b,Kepler-207,Transit,2014,0,1.611865,0.000006,-0.000006,0,1.57,0.3,-0.3,0,875.519,9.893,-9.679
Kepler-207 c,Kepler-207,Transit,2014,0,3.071571,0.000016,-0.000016,0,1.5,0.29,-0.29,0,875.519,9.893,-9.679
Kepler-207 d,Kepler-207,Transit,2014,0,5.868075,0.000009,-0.000009,0,3.31,0.63,-0.63,0,875.519,9.893,-9.679
Kepler-208 b,Kepler-208,Transit,2014,0,4.22864,0.000018,-0.000018,0,1.63,0.3,-0.3,0,775.328,8.8585,-8.8585
Kepler-208 c,Kepler-208,Transit,2014,0,7.466623,0.000067,-0.000067,0,1.39,0.26,-0.26,0,775.328,8.8585,-8.8585
Kepler-208 d,Kepler-208,Transit,2014,0,11.131786,0.000131,-0.000131,0,1.2,0.23,-0.23,0,775.328,8.8585,-8.8585
Kepler-208 e,Kepler-208,Transit,2014,0,16.259458,0.000176,-0.000176,0,1.48,0.28,-0.28,0,775.328,8.8585,-8.8585
Kepler-209 b,Kepler-209,Transit,2014,0,16.087845,0.000041,-0.000041,0,2.26,0.34,-0.34,0,576.946,5.5555,-5.5555
Kepler-209 c,Kepler-209,Transit,2014,0,41.749882,0.000106,-0.000106,0,3.1,0.51,-0.51,0,576.946,5.5555,-5.5555
Kepler-21 b,Kepler-21,Transit,2012,0,2.7858212,0.0000032,-0.0000032,0,1.639,0.019,-0.015,0,108.522,0.385,-0.382
Kepler-210 b,Kepler-210,Transit,2014,0,2.453234,0.000001,-0.000001,0,2.94,0.21,-0.21,0,232.75,0.827,-0.827
Kepler-210 c,Kepler-210,Transit,2014,0,7.972513,0.000003,-0.000003,0,3.62,0.19,-0.19,0,232.75,0.827,-0.827
Kepler-211 b,Kepler-211,Transit,2014,0,4.138575,0.00001,-0.00001,0,1.26,0.09,-0.09,0,309.353,1.747,-1.728
Kepler-211 c,Kepler-211,Transit,2014,0,6.04045,0.000016,-0.000016,0,1.29,0.09,-0.09,0,309.353,1.747,-1.728
Kepler-212 b,Kepler-212,Transit,2014,0,16.257582,0.000378,-0.000378,0,1.09,0.21,-0.21,0,687.194,8.533,-8.329001
Kepler-212 c,Kepler-212,Transit,2014,0,31.805174,0.000142,-0.000142,0,2.74,0.51,-0.51,0,687.194,8.533,-8.329001
Kepler-213 b,Kepler-213,Transit,2014,0,2.46236,0.000006,-0.000006,0,1.62,0.31,-0.31,0,634.939,7.2715,-7.2715
Kepler-213 c,Kepler-213,Transit,2014,0,4.822962,0.000008,-0.000008,0,2.34,0.45,-0.45,0,634.939,7.2715,-7.2715
Kepler-214 b,Kepler-214,Transit,2014,0,15.660544,0.00008,-0.00008,0,2.61,0.49,-0.49,0,1208.44,22.865,-22.865
Kepler-214 c,Kepler-214,Transit,2014,0,28.7798,0.000397,-0.000397,0,2.13,0.4,-0.4,0,1208.44,22.865,-22.865
Kepler-215 b,Kepler-215,Transit,2014,0,9.360672,0.00004,-0.00004,0,1.62,0.4,-0.4,0,485.997,3.654,-3.654
Kepler-215 c,Kepler-215,Transit,2014,0,14.667108,0.000089,-0.000089,0,1.77,0.42,-0.42,0,485.997,3.654,-3.654
Kepler-215 d,Kepler-215,Transit,2014,0,30.864423,0.000092,-0.000092,0,2.39,0.55,-0.55,0,485.997,3.654,-3.654
Kepler-215 e,Kepler-215,Transit,2014,0,68.16101,0.00063,-0.00063,0,1.75,0.41,-0.41,0,485.997,3.654,-3.654
Kepler-216 b,Kepler-216,Transit,2014,0,7.693641,0.000031,-0.000031,0,2.35,0.46,-0.46,0,1187.47,21.42,-21.42
Kepler-216 c,Kepler-216,Transit,2014,0,17.406669,0.000057,-0.000057,0,3.04,0.59,-0.59,0,1187.47,21.42,-21.42
Kepler-217 b,Kepler-217,Transit,2014,0,5.374943,0.000019,-0.000019,0,2.23,0.32,-0.32,0,1104.64,16.88,-16.38
Kepler-217 c,Kepler-217,Transit,2014,0,8.586004,0.000053,-0.000053,0,1.85,0.27,-0.27,0,1104.64,16.88,-16.38
Kepler-217 d,Kepler-217,Transit,2016,0,3.88689525,0.00002241,-0.00002241,0,1.32,0.36,-0.27,0,1104.64,16.88,-16.38
Kepler-218 b,Kepler-218,Transit,2014,0,3.619337,0.000011,-0.000011,0,1.48,0.12,-0.12,0,656.38,6.355,-6.355
Kepler-218 c,Kepler-218,Transit,2014,0,44.699576,0.000167,-0.000167,0,3.14,0.26,-0.26,0,656.38,6.355,-6.355
Kepler-218 d,Kepler-218,Transit,2016,0,124.5244647,0.0005822,-0.0005822,0,2.66,0.28,-0.18,0,656.38,6.355,-6.355
Kepler-219 b,Kepler-219,Transit,2014,0,4.585512,0.000008,-0.000008,0,2.95,0.49,-0.49,0,787.07,10.579,-10.579
Kepler-219 c,Kepler-219,Transit,2014,0,22.714613,0.000075,-0.000075,0,3.58,0.6,-0.6,0,787.07,10.579,-10.579
Kepler-219 d,Kepler-219,Transit,2014,0,47.903645,0.000307,-0.000307,0,2.81,0.48,-0.48,0,787.07,10.579,-10.579
Kepler-22 b,Kepler-22,Transit,2011,0,289.863876,0.000013,-0.000013,0,2.1,0.12,-0.12,0,194.642,0.927,-0.918
Kepler-220 b,Kepler-220,Transit,2014,0,4.159807,0.00001,-0.00001,0,0.81,0.05,-0.05,0,171.109,0.637,-0.633
Kepler-220 c,Kepler-220,Transit,2014,0,9.034199,0.000009,-0.000009,0,1.57,0.09,-0.09,0,171.109,0.637,-0.633
Kepler-220 d,Kepler-220,Transit,2014,0,28.122397,0.000162,-0.000162,0,0.98,0.06,-0.06,0,171.109,0.637,-0.633
Kepler-220 e,Kepler-220,Transit,2014,0,45.902733,0.000192,-0.000192,0,1.33,0.12,-0.12,0,171.109,0.637,-0.633
Kepler-221 b,Kepler-221,Transit,2014,0,2.795906,0.000004,-0.000004,0,1.71,0.17,-0.17,0,385.231,2.8335,-2.8335
Kepler-221 c,Kepler-221,Transit,2014,0,5.690586,0.000004,-0.000004,0,2.93,0.27,-0.27,0,385.231,2.8335,-2.8335
Kepler-221 d,Kepler-221,Transit,2014,0,10.04156,0.000011,-0.000011,0,2.73,0.25,-0.25,0,385.231,2.8335,-2.8335
Kepler-221 e,Kepler-221,Transit,2014,0,18.369917,0.000029,-0.000029,0,2.63,0.25,-0.25,0,385.231,2.8335,-2.8335
Kepler-222 b,Kepler-222,Transit,2014,0,3.936981,0.000005,-0.000005,0,3.16,1.4,-1.4,0,758.854,15.067,-14.501
Kepler-222 c,Kepler-222,Transit,2014,0,10.08881,0.000011,-0.000011,0,4.64,2.07,-2.07,0,758.854,15.067,-14.501
Kepler-222 d,Kepler-222,Transit,2014,0,28.081912,0.000069,-0.000069,0,3.69,1.63,-1.63,0,758.854,15.067,-14.501
Kepler-223 b,Kepler-223,Transit,2014,0,7.38449,0.00022,-0.00022,0,2.99,0.18,-0.27,0,1859.71,111.045,-111.045
Kepler-223 c,Kepler-223,Transit,2014,0,9.84564,0.00052,-0.00051,0,3.44,0.2,-0.3,0,1859.71,111.045,-111.045
Kepler-223 d,Kepler-223,Transit,2014,0,14.78869,0.0003,-0.00027,0,5.24,0.26,-0.45,0,1859.71,111.045,-111.045
Kepler-223 e,Kepler-223,Transit,2014,0,19.72567,0.00055,-0.00054,0,4.6,0.27,-0.41,0,1859.71,111.045,-111.045
Kepler-224 b,Kepler-224,Transit,2014,0,3.132924,0.000014,-0.000014,0,1.39,0.09,-0.09,0,782.088,18.719,-17.879
Kepler-224 c,Kepler-224,Transit,2014,0,5.925003,0.00001,-0.00001,0,3.12,0.26,-0.26,0,782.088,18.719,-17.879
Kepler-224 d,Kepler-224,Transit,2014,0,11.349393,0.000034,-0.000034,0,2.3,0.14,-0.14,0,782.088,18.719,-17.879
Kepler-224 e,Kepler-224,Transit,2014,0,18.643577,0.000087,-0.000087,0,1.97,0.15,-0.15,0,782.088,18.719,-17.879
Kepler-225 b,Kepler-225,Transit,2014,0,6.738975,0.000041,-0.000041,0,1.2,0.07,-0.07,0,561.101,12.701,-12.16
Kepler-225 c,Kepler-225,Transit,2014,0,18.794234,0.000076,-0.000076,0,1.84,0.1,-0.1,0,561.101,12.701,-12.16
Kepler-226 b,Kepler-226,Transit,2014,0,3.940997,0.00002,-0.00002,0,1.55,0.62,-0.62,0,980.138,26.592,-25.244
Kepler-226 c,Kepler-226,Transit,2014,0,5.349555,0.000014,-0.000014,0,2.27,0.9,-0.9,0,980.138,26.592,-25.244
Kepler-226 d,Kepler-226,Transit,2014,0,8.109044,0.000094,-0.000094,0,1.22,0.49,-0.49,0,980.138,26.592,-25.244
Kepler-227 b,Kepler-227,Transit,2014,0,9.488015,0.000039,-0.000039,0,3.11,1.57,-1.57,0,1083.06,29.67,-29.67
Kepler-227 c,Kepler-227,Transit,2014,0,54.418694,0.00046,-0.00046,0,3.04,1.53,-1.53,0,1083.06,29.67,-29.67
Kepler-228 b,Kepler-228,Transit,2014,0,2.566546,0.000026,-0.000026,0,1.53,0.71,-0.71,0,1644.61,79.32,-72.46
Kepler-228 c,Kepler-228,Transit,2014,0,4.134444,0.000018,-0.000018,0,2.7,1.24,-1.24,0,1644.61,79.32,-72.46
Kepler-228 d,Kepler-228,Transit,2014,0,11.094286,0.000036,-0.000036,0,4.04,1.85,-1.85,0,1644.61,79.32,-72.46
Kepler-229 b,Kepler-229,Transit,2014,0,6.252972,0.000021,-0.000021,0,2.2,0.78,-0.78,0,826.265,23.872,-22.591
Kepler-229 c,Kepler-229,Transit,2014,0,16.068638,0.000019,-0.000019,0,4.92,1.74,-1.74,0,826.265,23.872,-22.591
Kepler-229 d,Kepler-229,Transit,2014,0,41.194912,0.000248,-0.000248,0,3.85,1.38,-1.38,0,826.265,23.872,-22.591
Kepler-23 b,Kepler-23,Transit,2011,0,7.1,,,0,1.638,0.047,-0.047,0,835.756,11.463,-11.163
Kepler-23 c,Kepler-23,Transit,2011,0,10.74,,,0,3.005,0.074,-0.074,0,835.756,11.463,-11.163
Kepler-23 d,Kepler-23,Transit,2014,0,15.27,,,0,2.206,0.057,-0.057,0,835.756,11.463,-11.163
Kepler-230 b,Kepler-230,Transit,2014,0,32.625555,0.000126,-0.000126,0,4.26,2.17,-2.17,0,740.754,13.866,-13.374
Kepler-230 c,Kepler-230,Transit,2014,0,91.773242,0.001618,-0.001618,0,2.04,1.04,-1.04,0,740.754,13.866,-13.374
Kepler-231 b,Kepler-231,Transit,2014,0,10.065275,0.000027,-0.000027,0,1.73,0.12,-0.12,0,316.618,3.348,-3.281
Kepler-231 c,Kepler-231,Transit,2014,0,19.271566,0.000099,-0.000099,0,1.93,0.19,-0.19,0,316.618,3.348,-3.281
Kepler-232 b,Kepler-232,Transit,2014,0,4.431222,0.000011,-0.000011,0,3.08,1.47,-1.47,0,1349.13,48.38,-45.19
Kepler-232 c,Kepler-232,Transit,2014,0,11.379349,0.000044,-0.000044,0,3.83,1.86,-1.86,0,1349.13,48.38,-45.19
Kepler-233 b,Kepler-233,Transit,2014,0,8.472382,0.000026,-0.000026,0,2.43,0.66,-0.66,0,856.417,19.328,-18.506
Kepler-233 c,Kepler-233,Transit,2014,0,60.418955,0.00063,-0.00063,0,2.71,0.78,-0.78,0,856.417,19.328,-18.506
Kepler-234 b,Kepler-234,Transit,2014,0,2.711506,0.000006,-0.000006,0,3.7,1.66,-1.66,0,1733.1,94.63,-85.47
Kepler-234 c,Kepler-234,Transit,2014,0,7.21205,0.000022,-0.000022,0,3.51,1.56,-1.56,0,1733.1,94.63,-85.47
Kepler-235 b,Kepler-235,Transit,2014,0,3.340222,0.000005,-0.000005,0,2.23,0.1,-0.1,0,428.018,6.695,-6.495
Kepler-235 c,Kepler-235,Transit,2014,0,7.824904,0.000055,-0.000055,0,1.28,0.08,-0.08,0,428.018,6.695,-6.495
Kepler-235 d,Kepler-235,Transit,2014,0,20.060548,0.000099,-0.000099,0,2.05,0.1,-0.1,0,428.018,6.695,-6.495
Kepler-235 e,Kepler-235,Transit,2014,0,46.183669,0.000425,-0.000425,0,2.22,0.29,-0.29,0,428.018,6.695,-6.495
Kepler-236 b,Kepler-236,Transit,2014,0,8.295611,0.000032,-0.000032,0,1.57,0.12,-0.12,0,288.763,2.265,-2.265
Kepler-236 c,Kepler-236,Transit,2014,0,23.968127,0.000174,-0.000174,0,2,0.17,-0.17,0,288.763,2.265,-2.265
Kepler-237 b,Kepler-237,Transit,2014,0,4.715106,0.00003,-0.00003,0,1.41,0.75,-0.75,0,657.822,10.429,-10.113
Kepler-237 c,Kepler-237,Transit,2014,0,8.103636,0.000032,-0.000032,0,2.08,1.1,-1.1,0,657.822,10.429,-10.113
Kepler-238 b,Kepler-238,Transit,2014,0,2.090876,0.00002,-0.00002,0,1.73,0.4,-0.4,0,1798.75,75.21,-69.51
Kepler-238 c,Kepler-238,Transit,2014,0,6.155557,0.00005,-0.00005,0,2.39,0.45,-0.45,0,1798.75,75.21,-69.51
Kepler-238 d,Kepler-238,Transit,2014,0,13.233549,0.000081,-0.000081,0,3.07,0.57,-0.57,0,1798.75,75.21,-69.51
Kepler-238 e,Kepler-238,Transit,2013,0,23.654,,,0,5.6,2.37,-0.46,0,1798.75,75.21,-69.51
Kepler-238 f,Kepler-238,Transit,2013,0,50.447,,,0,2,0.85,-0.17,0,1798.75,75.21,-69.51
Kepler-239 b,Kepler-239,Transit,2014,0,11.763051,0.000034,-0.000034,0,2.33,0.15,-0.15,0,648.109,13.332,-13.332
Kepler-239 c,Kepler-239,Transit,2014,0,56.228098,0.00058,-0.00058,0,2.51,0.42,-0.42,0,648.109,13.332,-13.332
Kepler-24 b,Kepler-24,Transit,2011,0,8.14,,,0,2.348,0.092,-0.091,0,1156.81,32.08,-32.08
Kepler-24 c,Kepler-24,Transit,2011,0,12.33,,,0,2.514,0.098,-0.098,0,1156.81,32.08,-32.08
Kepler-24 d,Kepler-24,Transit,2014,0,4.244384,0.000053,-0.000053,0,1.67,0.39,-0.39,0,1156.81,32.08,-32.08
Kepler-24 e,Kepler-24,Transit,2014,0,18.998355,0.000157,-0.000157,0,2.78,0.64,-0.64,0,1156.81,32.08,-32.08
Kepler-240 b,Kepler-240,Transit,2014,0,4.144495,0.000026,-0.000026,0,1.37,0.56,-0.56,0,746.927,20.15,-19.136
Kepler-240 c,Kepler-240,Transit,2014,0,7.953528,0.000025,-0.000025,0,2.2,0.89,-0.89,0,746.927,20.15,-19.136
Kepler-241 b,Kepler-241,Transit,2014,0,12.718092,0.000035,-0.000035,0,2.33,1.03,-1.03,0,512,30.263,-37.658
Kepler-241 c,Kepler-241,Transit,2014,0,36.065978,0.000133,-0.000133,0,2.57,1.11,-1.11,0,512,30.263,-37.658
Kepler-242 b,Kepler-242,Transit,2014,0,8.20395,0.00002,-0.00002,0,2.61,1.6,-1.6,0,600.241,11.342,-10.936
Kepler-242 c,Kepler-242,Transit,2014,0,14.496481,0.000083,-0.000083,0,2,1.23,-1.23,0,600.241,11.342,-10.936
Kepler-243 b,Kepler-243,Transit,2014,0,5.715442,0.000011,-0.000011,0,2.45,1.16,-1.16,0,693.86,9.796,-9.532
Kepler-243 c,Kepler-243,Transit,2014,0,20.026218,0.000163,-0.000163,0,1.99,0.97,-0.97,0,693.86,9.796,-9.532
Kepler-244 b,Kepler-244,Transit,2014,0,4.311792,0.000008,-0.000008,0,2.76,1.16,-1.16,0,1036.49,36.26,-33.93
Kepler-244 c,Kepler-244,Transit,2014,0,9.767292,0.000046,-0.000046,0,2.05,0.87,-0.87,0,1036.49,36.26,-33.93
Kepler-244 d,Kepler-244,Transit,2014,0,20.050401,0.00013,-0.00013,0,2.31,0.97,-0.97,0,1036.49,36.26,-33.93
Kepler-245 b,Kepler-245,Transit,2014,0,7.49019,0.000019,-0.000019,0,2.57,0.18,-0.18,0,861.527,26.041,-24.582
Kepler-245 c,Kepler-245,Transit,2014,0,17.460812,0.000076,-0.000076,0,2.18,0.17,-0.17,0,861.527,26.041,-24.582
Kepler-245 d,Kepler-245,Transit,2014,0,36.277108,0.000173,-0.000173,0,3.03,0.21,-0.21,0,861.527,26.041,-24.582
Kepler-245 e,Kepler-245,Transit,2016,0,3.219821056,0.000004735,-0.000004735,0,1.75,0.08,-0.06,0,861.527,26.041,-24.582
Kepler-246 b,Kepler-246,Transit,2014,0,4.60182,0.000008,-0.000008,0,2.34,1.2,-1.2,0,626.078,9.056,-8.806
Kepler-246 c,Kepler-246,Transit,2014,0,11.187161,0.000075,-0.000075,0,1.5,0.76,-0.76,0,626.078,9.056,-8.806
Kepler-247 b,Kepler-247,Transit,2014,0,3.33616,0.000007,-0.000007,0,1.64,0.46,-0.46,0,663.711,13.884,-13.336
Kepler-247 c,Kepler-247,Transit,2014,0,9.439452,0.000007,-0.000007,0,4.09,1.14,-1.14,0,663.711,13.884,-13.336
Kepler-247 d,Kepler-247,Transit,2014,0,20.477912,0.000026,-0.000026,0,3.94,1.1,-1.1,0,663.711,13.884,-13.336
Kepler-248 b,Kepler-248,Transit,2014,0,6.308205,0.00001,-0.00001,0,3.02,0.36,-0.36,0,738.792,12.7425,-12.7425
Kepler-248 c,Kepler-248,Transit,2014,0,16.239494,0.000024,-0.000024,0,4.07,0.49,-0.49,0,738.792,12.7425,-12.7425
Kepler-249 b,Kepler-249,Transit,2014,0,3.306539,0.00001,-0.00001,0,1.09,0.05,-0.05,0,190.401,1.2195,-1.2195
Kepler-249 c,Kepler-249,Transit,2014,0,7.113702,0.000018,-0.000018,0,1.51,0.09,-0.09,0,190.401,1.2195,-1.2195
Kepler-249 d,Kepler-249,Transit,2014,0,15.368459,0.00007,-0.00007,0,1.57,0.14,-0.14,0,190.401,1.2195,-1.2195
Kepler-25 b,Kepler-25,Transit,2011,0,6.238297,0.000017,-0.000017,0,2.748,0.038,-0.035,0,243.249,1.414,-1.397
Kepler-25 c,Kepler-25,Transit,2011,0,12.7207,0.00011,-0.0001,0,5.217,0.07,-0.065,0,243.249,1.414,-1.397
Kepler-25 d,Kepler-25,Radial Velocity,2014,0,122.4,0.8,-0.71,0,10,,,0,243.249,1.414,-1.397
Kepler-250 b,Kepler-250,Transit,2014,0,4.148141,0.000046,-0.000046,0,1.13,0.68,-0.68,0,760.585,16.92,-16.211
Kepler-250 c,Kepler-250,Transit,2014,0,7.156804,0.000022,-0.000022,0,2.28,1.31,-1.31,0,760.585,16.92,-16.211
Kepler-250 d,Kepler-250,Transit,2014,0,17.648312,0.000081,-0.000081,0,2.18,1.25,-1.25,0,760.585,16.92,-16.211
Kepler-251 b,Kepler-251,Transit,2014,0,4.790936,0.000037,-0.000037,0,1.33,0.24,-0.24,0,924.625,27.219,-25.73
Kepler-251 c,Kepler-251,Transit,2014,0,16.514043,0.000054,-0.000054,0,2.77,0.49,-0.49,0,924.625,27.219,-25.73
Kepler-251 d,Kepler-251,Transit,2014,0,30.133001,0.000161,-0.000161,0,2.77,0.49,-0.49,0,924.625,27.219,-25.73
Kepler-251 e,Kepler-251,Transit,2014,0,99.640161,0.001074,-0.001074,0,2.77,0.49,-0.49,0,924.625,27.219,-25.73
Kepler-252 b,Kepler-252,Transit,2014,0,6.668391,0.000031,-0.000031,0,1.23,0.12,-0.12,0,379.424,3.512,-3.45
Kepler-252 c,Kepler-252,Transit,2014,0,10.848463,0.000015,-0.000015,0,2.15,0.13,-0.13,0,379.424,3.512,-3.45
Kepler-253 b,Kepler-253,Transit,2014,0,3.783986,0.000017,-0.000017,0,1.63,0.67,-0.67,0,838.595,20.317,-19.394
Kepler-253 c,Kepler-253,Transit,2014,0,10.281951,0.000032,-0.000032,0,2.65,1.11,-1.11,0,838.595,20.317,-19.394
Kepler-253 d,Kepler-253,Transit,2014,0,18.119869,0.000066,-0.000066,0,3.17,1.3,-1.3,0,838.595,20.317,-19.394
Kepler-254 b,Kepler-254,Transit,2014,0,5.826662,0.00001,-0.00001,0,3.87,1.85,-1.85,0,1389.48,75.41,-68.16
Kepler-254 c,Kepler-254,Transit,2014,0,12.412183,0.000082,-0.000082,0,2.15,1.03,-1.03,0,1389.48,75.41,-68.16
Kepler-254 d,Kepler-254,Transit,2014,0,18.746477,0.000121,-0.000121,0,2.5,1.19,-1.19,0,1389.48,75.41,-68.16
Kepler-255 b,Kepler-255,Transit,2014,0,5.714606,0.000052,-0.000052,0,1.55,0.62,-0.62,0,1052.53,31.055,-31.055
Kepler-255 c,Kepler-255,Transit,2014,0,9.946047,0.000035,-0.000035,0,2.99,1.18,-1.18,0,1052.53,31.055,-31.055
Kepler-255 d,Kepler-255,Transit,2016,0,1.045622658,0.000002671,-0.000002671,0,1.32,0.14,-0.1,0,1052.53,31.055,-31.055
Kepler-256 b,Kepler-256,Transit,2014,0,1.620493,0.000009,-0.000009,0,1.59,0.39,-0.39,0,1026.43,24.19,-23.11
Kepler-256 c,Kepler-256,Transit,2014,0,3.38802,0.000016,-0.000016,0,2.15,0.53,-0.53,0,1026.43,24.19,-23.11
Kepler-256 d,Kepler-256,Transit,2014,0,5.839172,0.000031,-0.000031,0,2.48,0.63,-0.63,0,1026.43,24.19,-23.11
Kepler-256 e,Kepler-256,Transit,2014,0,10.681572,0.000066,-0.000066,0,2.35,0.58,-0.58,0,1026.43,24.19,-23.11
Kepler-257 b,Kepler-257,Transit,2014,0,2.382667,0.000006,-0.000006,0,2.61,1.31,-1.31,0,780.256,17.54,-16.799
Kepler-257 c,Kepler-257,Transit,2014,0,6.581484,0.000008,-0.000008,0,5.41,2.72,-2.72,0,780.256,17.54,-16.799
Kepler-257 d,Kepler-257,Transit,2014,0,24.664551,0.000051,-0.000051,0,4.95,2.48,-2.48,0,780.256,17.54,-16.799
Kepler-258 b,Kepler-258,Transit,2014,0,13.19722,0.000019,-0.000019,0,4.06,2.71,-2.71,0,575.988,8.1805,-8.1805
Kepler-258 c,Kepler-258,Transit,2014,0,33.653079,0.000189,-0.000189,0,3.61,2.43,-2.43,0,575.988,8.1805,-8.1805
Kepler-259 b,Kepler-259,Transit,2014,0,8.115317,0.000022,-0.000022,0,2.8,1.37,-1.37,0,1002.14,26.33,-25.046
Kepler-259 c,Kepler-259,Transit,2014,0,36.924931,0.000181,-0.000181,0,2.7,1.31,-1.31,0,1002.14,26.33,-25.046
Kepler-26 b,Kepler-26,Transit,2011,0,12.28,0.0003,-0.0003,0,2.78,0.11,-0.11,0,335.307,3.0565,-3.0565
Kepler-26 c,Kepler-26,Transit,2011,0,17.2559,0.0006,-0.0006,0,2.72,0.12,-0.12,0,335.307,3.0565,-3.0565
Kepler-26 d,Kepler-26,Transit,2014,0,3.543919,0.000015,-0.000015,0,1.07,0.06,-0.06,0,335.307,3.0565,-3.0565
Kepler-26 e,Kepler-26,Transit,2014,0,46.827915,0.000173,-0.000173,0,2.41,0.15,-0.15,0,335.307,3.0565,-3.0565
Kepler-260 b,Kepler-260,Transit,2014,0,8.187399,0.000022,-0.000022,0,2.01,0.55,-0.55,0,627.365,7.2615,-7.2615
Kepler-260 c,Kepler-260,Transit,2014,0,76.050178,0.001026,-0.001026,0,1.74,0.54,-0.54,0,627.365,7.2615,-7.2615
Kepler-261 b,Kepler-261,Transit,2014,0,10.381227,0.000016,-0.000016,0,2.18,0.14,-0.14,0,317.499,1.756,-1.737
Kepler-261 c,Kepler-261,Transit,2014,0,24.570858,0.000069,-0.000069,0,2,0.14,-0.14,0,317.499,1.756,-1.737
Kepler-262 b,Kepler-262,Transit,2014,0,13.060855,0.000164,-0.000164,0,1.36,0.59,-0.59,0,613.129,7.599,-7.599
Kepler-262 c,Kepler-262,Transit,2014,0,21.853722,0.000187,-0.000187,0,1.64,0.68,-0.68,0,613.129,7.599,-7.599
Kepler-263 b,Kepler-263,Transit,2014,0,16.568087,0.000065,-0.000065,0,2.67,1.45,-1.45,0,754.747,16.038,-16.038
Kepler-263 c,Kepler-263,Transit,2014,0,47.332773,0.000456,-0.000456,0,2.47,1.35,-1.35,0,754.747,16.038,-16.038
Kepler-264 b,Kepler-264,Transit,2014,0,40.806231,0.000538,-0.000538,0,3.33,0.74,-0.74,0,942.173,18.079,-17.423
Kepler-264 c,Kepler-264,Transit,2014,0,140.101261,0.003678,-0.003678,0,2.83,0.58,-0.58,0,942.173,18.079,-17.423
Kepler-265 b,Kepler-265,Transit,2014,0,6.846262,0.000063,-0.000063,0,1.86,0.45,-0.45,0,1280.25,47.9,-44.62
Kepler-265 c,Kepler-265,Transit,2014,0,17.028937,0.000136,-0.000136,0,2.63,0.55,-0.55,0,1280.25,47.9,-44.62
Kepler-265 d,Kepler-265,Transit,2014,0,43.130617,0.000658,-0.000658,0,2.49,0.54,-0.54,0,1280.25,47.9,-44.62
Kepler-265 e,Kepler-265,Transit,2014,0,67.831024,0.001396,-0.001396,0,2.59,0.55,-0.55,0,1280.25,47.9,-44.62
Kepler-266 b,Kepler-266,Transit,2014,0,6.61833,0.000048,-0.000048,0,2.48,1.2,-1.2,0,1370.79,56.78,-52.52
Kepler-266 c,Kepler-266,Transit,2014,0,107.723601,0.001643,-0.001643,0,3.89,1.89,-1.89,0,1370.79,56.78,-52.52
Kepler-267 b,Kepler-267,Transit,2014,0,3.353728,0.000007,-0.000007,0,1.98,0.09,-0.09,0,264.993,2.4925,-2.4925
Kepler-267 c,Kepler-267,Transit,2014,0,6.87745,0.000016,-0.000016,0,2.13,0.11,-0.11,0,264.993,2.4925,-2.4925
Kepler-267 d,Kepler-267,Transit,2014,0,28.464515,0.00018,-0.00018,0,2.27,0.12,-0.12,0,264.993,2.4925,-2.4925
Kepler-268 b,Kepler-268,Transit,2014,0,25.934138,0.000142,-0.000142,0,2.55,0.47,-0.47,0,851.87,11.63,-11.63
Kepler-268 c,Kepler-268,Transit,2014,0,83.446393,0.000761,-0.000761,0,3.38,0.69,-0.69,0,851.87,11.63,-11.63
Kepler-269 b,Kepler-269,Transit,2014,0,5.326718,0.000035,-0.000035,0,2.47,1.15,-1.15,0,2257.32,190.15,-163.35
Kepler-269 c,Kepler-269,Transit,2014,0,8.127899,0.000149,-0.000149,0,1.69,0.8,-0.8,0,2257.32,190.15,-163.35
Kepler-27 b,Kepler-27,Transit,2011,0,15.3348,,,0,4,,,0,1044.36,39.645,-39.645
Kepler-27 c,Kepler-27,Transit,2011,0,31.3309,,,0,4.9,,,0,1044.36,39.645,-39.645
Kepler-27 d,Kepler-27,Transit,2021,0,6.546289921,,,0,2.7061946,,,0,1044.36,39.645,-39.645
Kepler-270 b,Kepler-270,Transit,2014,0,11.476094,0.000071,-0.000071,0,2.01,0.4,-0.4,0,948.781,13.019,-12.677
Kepler-270 c,Kepler-270,Transit,2014,0,25.262887,0.000599,-0.000599,0,1.77,0.37,-0.37,0,948.781,13.019,-12.677
Kepler-271 b,Kepler-271,Transit,2014,0,10.43547805,0.000027,-0.000027,0,1.23,0.08,-0.07,0,404.542,3.848,-3.777
Kepler-271 c,Kepler-271,Transit,2014,0,7.41086267,0.00003305,-0.00003305,0,0.95,0.06,-0.06,0,404.542,3.848,-3.777
Kepler-271 d,Kepler-271,Transit,2016,0,5.24972541,0.00004062,-0.00004062,0,0.66,0.05,-0.05,0,404.542,3.848,-3.777
Kepler-272 b,Kepler-272,Transit,2014,0,2.971353,0.000017,-0.000017,0,1.43,0.77,-0.77,0,889.608,13.909,-13.909
Kepler-272 c,Kepler-272,Transit,2014,0,6.057342,0.000037,-0.000037,0,1.79,0.96,-0.96,0,889.608,13.909,-13.909
Kepler-272 d,Kepler-272,Transit,2014,0,10.937304,0.000073,-0.000073,0,2.25,1.22,-1.22,0,889.608,13.909,-13.909
Kepler-273 b,Kepler-273,Transit,2014,0,2.936532,0.000009,-0.000009,0,1.5,0.86,-0.86,0,713.964,11.293,-10.952
Kepler-273 c,Kepler-273,Transit,2014,0,8.014927,0.000052,-0.000052,0,1.98,1.15,-1.15,0,713.964,11.293,-10.952
Kepler-274 b,Kepler-274,Transit,2014,0,11.634788,0.000134,-0.000134,0,1.54,0.84,-0.84,0,1333.62,42.77,-42.77
Kepler-274 c,Kepler-274,Transit,2014,0,33.197861,0.000894,-0.000894,0,1.84,1,-1,0,1333.62,42.77,-42.77
Kepler-275 b,Kepler-275,Transit,2014,0,10.300682,0.000254,-0.000254,0,2.34,0.45,-0.45,0,2034.25,140.82,-124
Kepler-275 c,Kepler-275,Transit,2014,0,16.088134,0.000164,-0.000164,0,3.38,0.64,-0.64,0,2034.25,140.82,-124
Kepler-275 d,Kepler-275,Transit,2014,0,35.676062,0.000641,-0.000641,0,3.33,0.74,-0.74,0,2034.25,140.82,-124
Kepler-276 b,Kepler-276,Transit,2014,0,14.12841,0.000111,-0.000111,0,2.87,1.35,-1.35,0,1144.86,46.15,-42.76
Kepler-276 c,Kepler-276,Transit,2013,0,31.884,,,0,2.9,1.27,-0.28,0,1144.86,46.15,-42.76
Kepler-276 d,Kepler-276,Transit,2013,0,48.648,,,0,2.8,1.23,-0.27,0,1144.86,46.15,-42.76
Kepler-277 b,Kepler-277,Transit,2013,0,17.324,,,0,2.92,0.73,-0.63,0,976.643,15.738,-15.254
Kepler-277 c,Kepler-277,Transit,2013,0,33.006,,,0,3.36,0.83,-0.72,0,976.643,15.738,-15.254
Kepler-278 b,Kepler-278,Transit,2014,0,30.1556,0.0041,-0.002,0,3.955,0.08,-0.08,0,443.03,6.2675,-6.2675
Kepler-278 c,Kepler-278,Transit,2014,0,51.111,0.023,-0.011,0,3.268,0.067,-0.067,0,443.03,6.2675,-6.2675
Kepler-279 b,Kepler-279,Transit,2014,0,12.309681,0.000051,-0.000051,0,3.62,0.71,-0.71,0,1037.4,21.55,-21.55
Kepler-279 c,Kepler-279,Transit,2013,0,35.736,,,0,4.3,1.72,-0.41,0,1037.4,21.55,-21.55
Kepler-279 d,Kepler-279,Transit,2013,0,54.414,,,0,3.1,1.24,-0.3,0,1037.4,21.55,-21.55
Kepler-279 e,Kepler-279,Transit,2025,0,98.3531,0.0018,-0.0018,0,4.13,0.69,-0.92,0,1037.4,21.55,-21.55
Kepler-28 b,Kepler-28,Transit,2011,0,5.91,,,0,1.959,0.043,-0.042,0,438.359,4.6705,-4.6705
Kepler-28 c,Kepler-28,Transit,2011,0,8.99,,,0,1.857,0.042,-0.042,0,438.359,4.6705,-4.6705
Kepler-280 b,Kepler-280,Transit,2014,0,2.139542,0.000006,-0.000006,0,1.45,0.7,-0.7,0,780.361,11.302,-11.302
Kepler-280 c,Kepler-280,Transit,2014,0,4.807091,0.000009,-0.000009,0,2.01,0.97,-0.97,0,780.361,11.302,-11.302
Kepler-281 b,Kepler-281,Transit,2014,0,14.646008,0.000139,-0.000139,0,2.82,1.12,-1.12,0,1745.45,104.77,-93.73
Kepler-281 c,Kepler-281,Transit,2014,0,36.337373,0.000111,-0.000111,0,5.31,2.06,-2.06,0,1745.45,104.77,-93.73
Kepler-281 d,Kepler-281,Transit,2021,0,148.2720032,,,0,5.93747806,,,0,1745.45,104.77,-93.73
Kepler-282 b,Kepler-282,Transit,2014,0,9.220524,0.000341,-0.000341,0,1.01,0.25,-0.25,0,1337.61,44.61,-41.87
Kepler-282 c,Kepler-282,Transit,2014,0,13.638723,0.000491,-0.000491,0,1.2,0.29,-0.29,0,1337.61,44.61,-41.87
Kepler-282 d,Kepler-282,Transit,2013,0,24.806,,,0,2.46,1,-0.2,0,1337.61,44.61,-41.87
Kepler-282 e,Kepler-282,Transit,2013,0,44.347,,,0,3.1,1.26,-0.25,0,1337.61,44.61,-41.87
Kepler-283 b,Kepler-283,Transit,2014,0,11.008151,0.000029,-0.000029,0,2.13,0.26,-0.26,0,468.094,7.94,-7.684
Kepler-283 c,Kepler-283,Transit,2014,0,92.743711,0.001413,-0.001413,0,1.82,0.12,-0.12,0,468.094,7.94,-7.684
Kepler-284 b,Kepler-284,Transit,2014,0,12.699149,0.000071,-0.000071,0,2.24,0.98,-0.98,0,1031.95,33.35,-31.36
Kepler-284 c,Kepler-284,Transit,2014,0,37.514456,0.00035,-0.00035,0,2.61,1.18,-1.18,0,1031.95,33.35,-31.36
Kepler-285 b,Kepler-285,Transit,2014,0,2.633867,0.000012,-0.000012,0,1.34,0.58,-0.58,0,824.31,16.001,-15.413
Kepler-285 c,Kepler-285,Transit,2014,0,6.186676,0.000059,-0.000059,0,1.12,0.49,-0.49,0,824.31,16.001,-15.413
Kepler-286 b,Kepler-286,Transit,2014,0,1.796302,0.000009,-0.000009,0,1.24,0.25,-0.25,0,1226.85,116.71,-98.41
Kepler-286 c,Kepler-286,Transit,2014,0,3.468095,0.000023,-0.000023,0,1.37,0.27,-0.27,0,1226.85,116.71,-98.41
Kepler-286 d,Kepler-286,Transit,2014,0,5.914323,0.000054,-0.000054,0,1.33,0.27,-0.27,0,1226.85,116.71,-98.41
Kepler-286 e,Kepler-286,Transit,2014,0,29.221289,0.00037,-0.00037,0,1.77,0.43,-0.43,0,1226.85,116.71,-98.41
Kepler-287 b,Kepler-287,Transit,2014,0,20.342199,0.000084,-0.000084,0,2.33,1.06,-1.06,0,835.86,15.1005,-15.1005
Kepler-287 c,Kepler-287,Transit,2014,0,44.851896,0.000247,-0.000247,0,3.26,1.49,-1.49,0,835.86,15.1005,-15.1005
Kepler-288 b,Kepler-288,Transit,2014,0,6.097326,0.000064,-0.000064,0,1.67,0.8,-0.8,0,1194.15,34.44,-32.59
Kepler-288 c,Kepler-288,Transit,2014,0,19.305772,0.000135,-0.000135,0,2.85,1.36,-1.36,0,1194.15,34.44,-32.59
Kepler-288 d,Kepler-288,Transit,2014,0,56.633742,0.000908,-0.000908,0,2.67,1.27,-1.27,0,1194.15,34.44,-32.59
Kepler-289 b,Kepler-289,Transit,2014,0,34.5383,0.0006,-0.0006,0,2.49,0.07,-0.07,0,704.438,8.809,-8.809
Kepler-289 c,Kepler-289,Transit,2014,0,125.8723,0.0035,-0.0021,0,11.23,0.21,-0.21,0,704.438,8.809,-8.809
Kepler-289 d,Kepler-289,Transit,2014,0,66.0282,0.0044,-0.0039,0,3.03,0.08,-0.08,0,704.438,8.809,-8.809
Kepler-289 e,Kepler-289,Transit,2025,0,330.0716,0.0063,-0.0063,0,2.94,0.46,-0.38,0,704.438,8.809,-8.809
Kepler-29 b,Kepler-29,Transit,2011,0,10.33974,0.00014,-0.00015,0,2.55,0.12,-0.12,0,832.532,26.3765,-26.3765
Kepler-29 c,Kepler-29,Transit,2011,0,13.28613,0.00026,-0.00021,0,2.34,0.12,-0.11,0,832.532,26.3765,-26.3765
Kepler-290 b,Kepler-290,Transit,2014,0,14.589347,0.000066,-0.000066,0,2.25,1.22,-1.22,0,694.627,14.518,-13.946
Kepler-290 c,Kepler-290,Transit,2014,0,36.77031,0.000183,-0.000183,0,2.7,1.39,-1.39,0,694.627,14.518,-13.946
Kepler-290 d,Kepler-290,Transit,2023,0,0.764017553,0.000003767,-0.000003767,0,0.86,0.12,-0.07,0,694.627,14.518,-13.946
Kepler-291 b,Kepler-291,Transit,2014,0,3.546511,0.000016,-0.000016,0,2.16,0.94,-0.94,0,1786.48,115.5,-102.53
Kepler-291 c,Kepler-291,Transit,2014,0,5.700786,0.000055,-0.000055,0,1.88,0.82,-0.82,0,1786.48,115.5,-102.53
Kepler-292 b,Kepler-292,Transit,2014,0,2.580827,0.00002,-0.00002,0,1.32,0.14,-0.14,0,1056.48,45.79,-42.19
Kepler-292 c,Kepler-292,Transit,2014,0,3.715335,0.000033,-0.000033,0,1.47,0.15,-0.15,0,1056.48,45.79,-42.19
Kepler-292 d,Kepler-292,Transit,2014,0,7.055679,0.000043,-0.000043,0,2.23,0.21,-0.21,0,1056.48,45.79,-42.19
Kepler-292 e,Kepler-292,Transit,2014,0,11.97901,0.000101,-0.000101,0,2.67,0.35,-0.35,0,1056.48,45.79,-42.19
Kepler-292 f,Kepler-292,Transit,2014,0,20.834237,0.000184,-0.000184,0,2.35,0.22,-0.22,0,1056.48,45.79,-42.19
Kepler-293 b,Kepler-293,Transit,2014,0,19.254196,0.000079,-0.000079,0,3.07,1.3,-1.3,0,974.633,23.282,-22.238
Kepler-293 c,Kepler-293,Transit,2014,0,54.155743,0.000466,-0.000466,0,3.83,1.63,-1.63,0,974.633,23.282,-22.238
Kepler-294 b,Kepler-294,Transit,2014,0,3.701212,0.000025,-0.000025,0,1.77,0.83,-0.83,0,1357.01,60,-55.2
Kepler-294 c,Kepler-294,Transit,2014,0,6.6264,0.000028,-0.000028,0,2.71,1.27,-1.27,0,1357.01,60,-55.2
Kepler-295 b,Kepler-295,Transit,2014,0,12.645164,0.000181,-0.000181,0,1.22,0.64,-0.64,0,1699.19,73.32,-67.61
Kepler-295 c,Kepler-295,Transit,2014,0,21.526258,0.000336,-0.000336,0,1.17,0.62,-0.62,0,1699.19,73.32,-67.61
Kepler-295 d,Kepler-295,Transit,2014,0,33.884054,0.000685,-0.000685,0,1.36,0.72,-0.72,0,1699.19,73.32,-67.61
Kepler-296 b,Kepler-296,Transit,2014,0,10.864384,0.000051,-0.000046,0,1.61,0.29,-0.27,0,167,21.428,-20.247
Kepler-296 c,Kepler-296,Transit,2014,0,5.8416366,0.00001,-0.00001,0,2,0.33,-0.32,0,167,21.428,-20.247
Kepler-296 d,Kepler-296,Transit,2014,0,19.850291,0.000061,-0.000057,0,2.09,0.33,-0.32,0,167,21.428,-20.247
Kepler-296 e,Kepler-296,Transit,2014,0,34.14211,0.00025,-0.00025,0,1.53,0.27,-0.25,0,167,21.428,-20.247
Kepler-296 f,Kepler-296,Transit,2014,0,63.33627,0.0006,-0.00062,0,1.8,0.31,-0.3,0,167,21.428,-20.247
Kepler-297 b,Kepler-297,Transit,2014,0,38.871826,0.000153,-0.000153,0,2.87,0.52,-0.52,0,692.14,8.083,-7.901
Kepler-297 c,Kepler-297,Transit,2014,0,74.920137,0.00012,-0.00012,0,6.54,1.18,-1.18,0,692.14,8.083,-7.901
Kepler-297 d,Kepler-297,Transit,2023,0,150.0189511,0.0001744,-0.0001744,0,32.6,3.6,-2.94,0,692.14,8.083,-7.901
Kepler-298 b,Kepler-298,Transit,2014,0,10.475464,0.000027,-0.000027,0,1.96,0.1,-0.1,0,518.204,7.04,-6.857
Kepler-298 c,Kepler-298,Transit,2014,0,22.92881,0.00038,-0.00038,0,1.93,0.22,-0.22,0,518.204,7.04,-6.857
Kepler-298 d,Kepler-298,Transit,2014,0,77.473633,0.000615,-0.000615,0,2.5,0.2,-0.2,0,518.204,7.04,-6.857
Kepler-299 b,Kepler-299,Transit,2014,0,2.927128,0.000033,-0.000033,0,1.32,0.27,-0.27,0,1052.24,26.76,-25.48
Kepler-299 c,Kepler-299,Transit,2014,0,6.885875,0.00004,-0.00004,0,2.65,0.63,-0.63,0,1052.24,26.76,-25.48
Kepler-299 d,Kepler-299,Transit,2014,0,15.054786,0.000189,-0.000189,0,1.86,0.38,-0.38,0,1052.24,26.76,-25.48
Kepler-299 e,Kepler-299,Transit,2014,0,38.285489,0.001428,-0.001428,0,1.87,0.39,-0.39,0,1052.24,26.76,-25.48
Kepler-30 b,Kepler-30,Transit,2012,0,29.33434,0.00815,-0.00815,0,3.9,0.2,-0.2,0,914.221,27.0815,-27.0815
Kepler-30 c,Kepler-30,Transit,2012,0,60.323105,0.000244,-0.000244,0,12.3,0.4,-0.4,0,914.221,27.0815,-27.0815
Kepler-30 d,Kepler-30,Transit,2012,0,143.34394,0.00858,-0.00858,0,8.8,0.5,-0.5,0,914.221,27.0815,-27.0815
Kepler-300 b,Kepler-300,Transit,2014,0,10.446347,0.000043,-0.000043,0,1.67,0.76,-0.76,0,1098.45,19.84,-19.16
Kepler-300 c,Kepler-300,Transit,2014,0,40.714955,0.000245,-0.000245,0,2.25,1.04,-1.04,0,1098.45,19.84,-19.16
Kepler-301 b,Kepler-301,Transit,2014,0,2.508553,0.000012,-0.000012,0,1.35,0.72,-0.72,0,719.166,10.3705,-10.3705
Kepler-301 c,Kepler-301,Transit,2014,0,5.419026,0.000032,-0.000032,0,1.35,0.72,-0.72,0,719.166,10.3705,-10.3705
Kepler-301 d,Kepler-301,Transit,2014,0,13.751243,0.000081,-0.000081,0,1.75,0.94,-0.94,0,719.166,10.3705,-10.3705
Kepler-302 b,Kepler-302,Transit,2014,0,30.184104,0.000203,-0.000203,0,4.06,0.85,-0.85,0,1402.58,56.98,-56.98
Kepler-302 c,Kepler-302,Transit,2014,0,127.282184,0.000427,-0.000427,0,12.45,2.54,-2.54,0,1402.58,56.98,-56.98
Kepler-303 b,Kepler-303,Transit,2014,0,1.937055,0.000004,-0.000004,0,0.89,0.05,-0.05,0,209.738,0.9345,-0.9345
Kepler-303 c,Kepler-303,Transit,2014,0,7.061149,0.000019,-0.000019,0,1.14,0.09,-0.09,0,209.738,0.9345,-0.9345
Kepler-304 b,Kepler-304,Transit,2014,0,3.295709,0.000002,-0.000002,0,2.86,0.21,-0.21,0,434.684,5.295,-5.171
Kepler-304 c,Kepler-304,Transit,2014,0,5.315946,0.000007,-0.000007,0,2.17,0.15,-0.15,0,434.684,5.295,-5.171
Kepler-304 d,Kepler-304,Transit,2014,0,9.653471,0.000015,-0.000015,0,2.75,0.21,-0.21,0,434.684,5.295,-5.171
Kepler-304 e,Kepler-304,Transit,2016,0,1.499146953,0.000002797,-0.000002797,0,1.2,0.06,-0.03,0,434.684,5.295,-5.171
Kepler-305 b,Kepler-305,Transit,2013,0,5.487,,,0,3.6,0.9,-0.36,0,868.477,26.64,-25.126
Kepler-305 c,Kepler-305,Transit,2013,0,8.291,,,0,3.3,0.82,-0.33,0,868.477,26.64,-25.126
Kepler-305 d,Kepler-305,Transit,2014,0,16.74,,,0,2.76,0.12,-0.12,0,868.477,26.64,-25.126
Kepler-305 e,Kepler-305,Transit,2020,0,3.20538,,,0,1.7938153,,,0,868.477,26.64,-25.126
Kepler-306 b,Kepler-306,Transit,2014,0,4.646186,0.000025,-0.000025,0,1.52,0.1,-0.1,0,775.679,18.881,-18.02
Kepler-306 c,Kepler-306,Transit,2014,0,7.240193,0.000032,-0.000032,0,2.35,0.19,-0.19,0,775.679,18.881,-18.02
Kepler-306 d,Kepler-306,Transit,2014,0,17.326644,0.000137,-0.000137,0,2.47,0.24,-0.24,0,775.679,18.881,-18.02
Kepler-306 e,Kepler-306,Transit,2014,0,44.840975,0.000439,-0.000439,0,2.27,0.15,-0.15,0,775.679,18.881,-18.02
Kepler-307 b,Kepler-307,Transit,2013,0,10.4208,0.0009,-0.0008,0,2.43,0.09,-0.09,0,575.581,5.261,-5.167
Kepler-307 c,Kepler-307,Transit,2013,0,13.0729,0.0012,-0.0012,0,2.2,0.07,-0.07,0,575.581,5.261,-5.167
Kepler-308 b,Kepler-308,Transit,2014,0,9.694928,0.00009,-0.00009,0,2.12,1.02,-1.02,0,1335.92,76.98,-69.15
Kepler-308 c,Kepler-308,Transit,2014,0,15.38231,0.000171,-0.000171,0,2.16,1.04,-1.04,0,1335.92,76.98,-69.15
Kepler-309 b,Kepler-309,Transit,2014,0,5.923653,0.000028,-0.000028,0,1.56,0.14,-0.14,0,544.568,5.874,-5.874
Kepler-309 c,Kepler-309,Transit,2014,0,105.356383,0.000857,-0.000857,0,2.51,0.18,-0.18,0,544.568,5.874,-5.874
Kepler-31 b,Kepler-31,Transit,2011,0,20.8613,0.0002,-0.0002,0,5.5,1.1,-1.1,0,1664.64,64.34,-64.34
Kepler-31 c,Kepler-31,Transit,2011,0,42.6318,0.0005,-0.0005,0,5.3,1.1,-1.1,0,1664.64,64.34,-64.34
Kepler-31 d,Kepler-31,Transit,2014,0,87.6451,0.0014,-0.0014,0,3.9,0.8,-0.8,0,1664.64,64.34,-64.34
Kepler-310 b,Kepler-310,Transit,2014,0,13.930698,0.000108,-0.000108,0,1.19,0.56,-0.56,0,602.268,7.031,-6.873
Kepler-310 c,Kepler-310,Transit,2014,0,56.47542,0.000207,-0.000207,0,3.38,1.58,-1.58,0,602.268,7.031,-6.873
Kepler-310 d,Kepler-310,Transit,2014,0,92.876125,0.000785,-0.000785,0,2.47,1.15,-1.15,0,602.268,7.031,-6.873
Kepler-311 b,Kepler-311,Transit,2014,0,9.176092,0.000057,-0.000057,0,1.7,0.33,-0.33,0,778.654,9.2165,-9.2165
Kepler-311 c,Kepler-311,Transit,2014,0,19.738286,0.000205,-0.000205,0,1.43,0.28,-0.28,0,778.654,9.2165,-9.2165
Kepler-311 d,Kepler-311,Transit,2023,0,232.040326,0.006902,-0.006902,0,2.05,0.33,-0.29,0,778.654,9.2165,-9.2165
Kepler-312 b,Kepler-312,Transit,2014,0,1.772419,0.000012,-0.000012,0,1.29,0.25,-0.25,0,797.72,14.083,-13.611
Kepler-312 c,Kepler-312,Transit,2014,0,19.747412,0.000068,-0.000068,0,3.15,0.61,-0.61,0,797.72,14.083,-13.611
Kepler-313 b,Kepler-313,Transit,2014,0,14.970418,0.000114,-0.000114,0,2.53,0.31,-0.31,0,1079.395249,88.22106427,-88.22106427
Kepler-313 c,Kepler-313,Transit,2014,0,32.273273,0.000819,-0.000819,0,2.57,0.42,-0.42,0,1079.395249,88.22106427,-88.22106427
Kepler-314 b,Kepler-314,Transit,2014,0,2.461069,0.000013,-0.000013,0,0.83,0.12,-0.12,0,268.881,1.78,-1.758
Kepler-314 c,Kepler-314,Transit,2014,0,5.960392,0.000005,-0.000005,0,2.9,0.43,-0.43,0,268.881,1.78,-1.758
Kepler-315 b,Kepler-315,Transit,2014,0,96.101141,0.000918,-0.000918,0,3.77,0.78,-0.78,0,1160.63,35.42,-35.42
Kepler-315 c,Kepler-315,Transit,2014,0,265.469335,0.006223,-0.006223,0,4.15,0.96,-0.96,0,1160.63,35.42,-35.42
Kepler-316 b,Kepler-316,Transit,2014,0,2.240508,0.000006,-0.000006,0,1.06,0.11,-0.11,0,384.938,3.914,-3.837
Kepler-316 c,Kepler-316,Transit,2014,0,6.827766,0.000034,-0.000034,0,1.16,0.12,-0.12,0,384.938,3.914,-3.837
Kepler-317 b,Kepler-317,Transit,2014,0,5.524242,0.000027,-0.000027,0,2.09,0.96,-0.96,0,940.584,26.129,-24.777
Kepler-317 c,Kepler-317,Transit,2014,0,8.77501,0.000113,-0.000113,0,1.72,0.79,-0.79,0,940.584,26.129,-24.777
Kepler-318 b,Kepler-318,Transit,2014,0,4.662715,0.000003,-0.000003,0,4.71,0.83,-0.83,0,489.141,3.239,-3.198
Kepler-318 c,Kepler-318,Transit,2014,0,11.815007,0.00002,-0.00002,0,3.68,0.65,-0.65,0,489.141,3.239,-3.198
Kepler-319 b,Kepler-319,Transit,2014,0,4.362705,0.000009,-0.000009,0,1.63,0.23,-0.23,0,503.436,4.7775,-4.7775
Kepler-319 c,Kepler-319,Transit,2014,0,6.941357,0.000007,-0.000007,0,2.63,0.37,-0.37,0,503.436,4.7775,-4.7775
Kepler-319 d,Kepler-319,Transit,2014,0,31.781925,0.000105,-0.000105,0,2.29,0.35,-0.35,0,503.436,4.7775,-4.7775
Kepler-32 b,Kepler-32,Transit,2011,0,5.90124,0.0001,-0.0001,0,2.2,0.2,-0.2,0,323.847,3.4025,-3.4025
Kepler-32 c,Kepler-32,Transit,2011,0,8.7522,0.0003,-0.0003,0,2,0.2,-0.2,0,323.847,3.4025,-3.4025
Kepler-32 d,Kepler-32,Transit,2012,0,22.7802,0.0005,-0.0005,0,2.7,0.2,-0.2,0,323.847,3.4025,-3.4025
Kepler-32 e,Kepler-32,Transit,2012,0,2.896,0.0003,-0.0003,0,1.5,0.1,-0.1,0,323.847,3.4025,-3.4025
Kepler-32 f,Kepler-32,Transit,2012,0,0.74296,0.00007,-0.00007,0,0.82,0.07,-0.07,0,323.847,3.4025,-3.4025
Kepler-320 b,Kepler-320,Transit,2014,0,8.371554,0.000162,-0.000162,0,1.14,0.54,-0.54,0,826.613,10.595,-10.595
Kepler-320 c,Kepler-320,Transit,2014,0,17.934937,0.000281,-0.000281,0,1.37,0.64,-0.64,0,826.613,10.595,-10.595
Kepler-321 b,Kepler-321,Transit,2014,0,4.915379,0.00001,-0.00001,0,1.77,0.34,-0.34,0,384.542,3.389,-3.331
Kepler-321 c,Kepler-321,Transit,2014,0,13.093921,0.000024,-0.000024,0,2.32,0.45,-0.45,0,384.542,3.389,-3.331
Kepler-322 b,Kepler-322,Transit,2014,0,1.653888,0.000006,-0.000006,0,1.01,0.11,-0.11,0,400.48,2.637,-2.604
Kepler-322 c,Kepler-322,Transit,2014,0,4.337234,0.000009,-0.000009,0,1.67,0.18,-0.18,0,400.48,2.637,-2.604
Kepler-323 b,Kepler-323,Transit,2014,0,1.678328,0.0000015,-0.0000015,0,1.381,0.035,-0.035,0,454.883,6.637,-6.452
Kepler-323 c,Kepler-323,Transit,2014,0,3.5538229,0.0000022,-0.0000022,0,1.57,0.04,-0.04,0,454.883,6.637,-6.452
Kepler-324 b,Kepler-324,Transit,2014,0,4.385315,0.000025,-0.000025,0,1.14,0.11,-0.11,0,501.574,3.681,-3.629
Kepler-324 c,Kepler-324,Transit,2014,0,51.805612,0.000314,-0.000314,0,3.15,0.33,-0.33,0,501.574,3.681,-3.629
Kepler-324 e,Kepler-324,Transit,2021,0,13.97939968,,,0,2.03862444,,,0,501.574,3.681,-3.629
Kepler-325 b,Kepler-325,Transit,2014,0,4.544439,0.000008,-0.000008,0,2.91,1.44,-1.44,0,823.242,14.211,-14.211
Kepler-325 c,Kepler-325,Transit,2014,0,12.762172,0.000064,-0.000064,0,2.54,1.26,-1.26,0,823.242,14.211,-14.211
Kepler-325 d,Kepler-325,Transit,2014,0,38.715185,0.00022,-0.00022,0,2.79,1.39,-1.39,0,823.242,14.211,-14.211
Kepler-326 b,Kepler-326,Transit,2014,0,2.248329,0.000004,-0.000004,0,1.52,0.16,-0.16,0,487.675,10.683,-10.683
Kepler-326 c,Kepler-326,Transit,2014,0,4.580358,0.00001,-0.00001,0,1.4,0.1,-0.1,0,487.675,10.683,-10.683
Kepler-326 d,Kepler-326,Transit,2014,0,6.766888,0.000023,-0.000023,0,1.21,0.09,-0.09,0,487.675,10.683,-10.683
Kepler-327 b,Kepler-327,Transit,2014,0,2.549575,0.000006,-0.000006,0,1.11,0.05,-0.05,0,241.987,1.469,-1.469
Kepler-327 c,Kepler-327,Transit,2014,0,5.212333,0.000019,-0.000019,0,1.03,0.05,-0.05,0,241.987,1.469,-1.469
Kepler-327 d,Kepler-327,Transit,2014,0,13.969457,0.000031,-0.000031,0,1.73,0.1,-0.1,0,241.987,1.469,-1.469
Kepler-328 b,Kepler-328,Transit,2013,0,34.921,,,0,2.3,0.96,-0.23,0,2213.19,162.25,-141.85
Kepler-328 c,Kepler-328,Transit,2013,0,71.312,,,0,5.4,2.24,-0.54,0,2213.19,162.25,-141.85
Kepler-329 b,Kepler-329,Transit,2014,0,7.416397,0.000046,-0.000046,0,1.4,0.25,-0.25,0,439.719,7.18,-6.956
Kepler-329 c,Kepler-329,Transit,2014,0,18.684737,0.000089,-0.000089,0,1.93,0.29,-0.29,0,439.719,7.18,-6.956
Kepler-33 b,Kepler-33,Transit,2011,0,5.66793,0.00012,-0.00012,0,1.74,0.18,-0.18,0,1209.16,22.195,-22.195
Kepler-33 c,Kepler-33,Transit,2011,0,13.17562,0.00014,-0.00014,0,3.2,0.3,-0.3,0,1209.16,22.195,-22.195
Kepler-33 d,Kepler-33,Transit,2011,0,21.77596,0.00011,-0.00011,0,5.35,0.49,-0.49,0,1209.16,22.195,-22.195
Kepler-33 e,Kepler-33,Transit,2011,0,31.7844,0.00039,-0.00039,0,4.02,0.38,-0.38,0,1209.16,22.195,-22.195
Kepler-33 f,Kepler-33,Transit,2011,0,41.02902,0.00042,-0.00042,0,4.46,0.41,-0.41,0,1209.16,22.195,-22.195
Kepler-330 b,Kepler-330,Transit,2014,0,8.25978,0.000076,-0.000076,0,1.35,0.53,-0.53,0,717.527,14.067,-13.546
Kepler-330 c,Kepler-330,Transit,2014,0,15.955387,0.000076,-0.000076,0,1.95,0.72,-0.72,0,717.527,14.067,-13.546
Kepler-331 b,Kepler-331,Transit,2014,0,8.457496,0.000024,-0.000024,0,1.82,0.19,-0.19,0,580.119,12.249,-12.249
Kepler-331 c,Kepler-331,Transit,2014,0,17.28111,0.000064,-0.000064,0,1.84,0.19,-0.19,0,580.119,12.249,-12.249
Kepler-331 d,Kepler-331,Transit,2014,0,32.134328,0.000216,-0.000216,0,1.64,0.17,-0.17,0,580.119,12.249,-12.249
Kepler-332 b,Kepler-332,Transit,2014,0,7.626324,0.000028,-0.000028,0,1.17,0.08,-0.08,0,344.19,1.817,-1.799
Kepler-332 c,Kepler-332,Transit,2014,0,15.995622,0.000108,-0.000108,0,1.09,0.08,-0.08,0,344.19,1.817,-1.799
Kepler-332 d,Kepler-332,Transit,2014,0,34.21154,0.000326,-0.000326,0,1.18,0.08,-0.08,0,344.19,1.817,-1.799
Kepler-333 b,Kepler-333,Transit,2014,0,12.551158,0.000044,-0.000044,0,1.32,0.16,-0.16,0,324.413,2.1495,-2.1495
Kepler-333 c,Kepler-333,Transit,2014,0,24.08821,0.000207,-0.000207,0,1.11,0.2,-0.2,0,324.413,2.1495,-2.1495
Kepler-334 b,Kepler-334,Transit,2014,0,5.470319,0.000021,-0.000021,0,1.12,0.21,-0.21,0,426.59,4.496,-4.405
Kepler-334 c,Kepler-334,Transit,2014,0,12.758005,0.000055,-0.000055,0,1.43,0.26,-0.26,0,426.59,4.496,-4.405
Kepler-334 d,Kepler-334,Transit,2014,0,25.09849,0.000142,-0.000142,0,1.41,0.26,-0.26,0,426.59,4.496,-4.405
Kepler-335 b,Kepler-335,Transit,2014,0,6.562331,0.000031,-0.000031,0,3.39,0.67,-0.67,0,1278.97,28.805,-28.805
Kepler-335 c,Kepler-335,Transit,2014,0,67.844469,0.001423,-0.001423,0,3.07,0.66,-0.66,0,1278.97,28.805,-28.805
Kepler-336 b,Kepler-336,Transit,2014,0,2.024823,0.000017,-0.000017,0,1.02,0.19,-0.19,0,768.86,,
Kepler-336 c,Kepler-336,Transit,2014,0,9.600001,0.000035,-0.000035,0,2.1,0.37,-0.37,0,768.86,,
Kepler-336 d,Kepler-336,Transit,2014,0,20.678772,0.000102,-0.000102,0,2.37,0.48,-0.48,0,768.86,,
Kepler-337 b,Kepler-337,Transit,2014,0,3.292781,0.000019,-0.000019,0,1.54,0.43,-0.43,0,677.975,9.421,-9.171
Kepler-337 c,Kepler-337,Transit,2014,0,9.693201,0.000047,-0.000047,0,2.05,0.57,-0.57,0,677.975,9.421,-9.171
Kepler-338 b,Kepler-338,Transit,2014,0,13.726976,0.000059,-0.000059,0,2.44,0.13,-0.13,0,552.798,6.803,-6.643
Kepler-338 c,Kepler-338,Transit,2014,0,24.310856,0.000158,-0.000158,0,2.34,0.12,-0.12,0,552.798,6.803,-6.643
Kepler-338 d,Kepler-338,Transit,2014,0,44.431014,0.000368,-0.000368,0,3,0.28,-0.28,0,552.798,6.803,-6.643
Kepler-338 e,Kepler-338,Transit Timing Variations,2014,0,9.341,,,0,1.56,0.07,-0.07,0,552.798,6.803,-6.643
Kepler-339 b,Kepler-339,Transit,2014,0,4.977656,0.000019,-0.000019,0,1.42,0.66,-0.66,0,616.637,9.3395,-9.3395
Kepler-339 c,Kepler-339,Transit,2014,0,6.988055,0.000053,-0.000053,0,1.15,0.52,-0.52,0,616.637,9.3395,-9.3395
Kepler-339 d,Kepler-339,Transit,2014,0,10.558345,0.000081,-0.000081,0,1.17,0.53,-0.53,0,616.637,9.3395,-9.3395
Kepler-34 b,Kepler-34,Transit,2011,0,288.822,0.063,-0.081,0,8.564,0.135,-0.157,0,1800.82,87.53,-79.9
Kepler-340 b,Kepler-340,Transit,2014,0,14.844387,0.000473,-0.000473,0,2.53,0.6,-0.6,0,808.762,19.911,-18.993
Kepler-340 c,Kepler-340,Transit,2014,0,22.824669,0.000481,-0.000481,0,3.37,0.77,-0.77,0,808.762,19.911,-18.993
Kepler-341 b,Kepler-341,Transit,2014,0,5.195528,0.000053,-0.000053,0,1.18,0.62,-0.62,0,1047.03,20.51,-19.76
Kepler-341 c,Kepler-341,Transit,2014,0,8.01041,0.000049,-0.000049,0,1.7,0.86,-0.86,0,1047.03,20.51,-19.76
Kepler-341 d,Kepler-341,Transit,2014,0,27.666313,0.000297,-0.000297,0,1.85,0.94,-0.94,0,1047.03,20.51,-19.76
Kepler-341 e,Kepler-341,Transit,2014,0,42.473269,0.000633,-0.000633,0,1.99,1.03,-1.03,0,1047.03,20.51,-19.76
Kepler-342 b,Kepler-342,Transit,2014,0,15.170318,0.000059,-0.000059,0,2.25,0.4,-0.4,0,781.611,9.729,-9.498
Kepler-342 c,Kepler-342,Transit,2014,0,26.234138,0.000163,-0.000163,0,1.96,0.35,-0.35,0,781.611,9.729,-9.498
Kepler-342 d,Kepler-342,Transit,2014,0,39.459357,0.000375,-0.000375,0,2.49,0.48,-0.48,0,781.611,9.729,-9.498
Kepler-342 e,Kepler-342,Transit,2016,0,1.644224613,0.000006213,-0.000006213,0,0.88,0.08,-0.06,0,781.611,9.729,-9.498
Kepler-343 b,Kepler-343,Transit,2014,0,8.96855,0.000058,-0.000058,0,2.41,0.51,-0.51,0,927.193,18.808,-18.808
Kepler-343 c,Kepler-343,Transit,2014,0,23.22182,0.000234,-0.000234,0,2.02,0.38,-0.38,0,927.193,18.808,-18.808
Kepler-344 b,Kepler-344,Transit,2014,0,21.963945,0.000108,-0.000108,0,2.61,1.22,-1.22,0,1002.94,29.7325,-29.7325
Kepler-344 c,Kepler-344,Transit,2014,0,125.596809,0.001728,-0.001728,0,2.95,1.38,-1.38,0,1002.94,29.7325,-29.7325
Kepler-345 b,Kepler-345,Transit,2014,0,7.415563,0.000054,-0.000054,0,0.74,0.06,-0.06,0,260,6.396,-7.21
Kepler-345 c,Kepler-345,Transit,2014,0,9.387427,0.000028,-0.000028,0,1.2,0.07,-0.07,0,260,6.396,-7.21
Kepler-346 b,Kepler-346,Transit,2014,0,6.511127,0.000017,-0.000017,0,2.66,1.24,-1.24,0,984.105,26.765,-25.411
Kepler-346 c,Kepler-346,Transit,2014,0,23.851549,0.000098,-0.000098,0,3.07,1.46,-1.46,0,984.105,26.765,-25.411
Kepler-347 b,Kepler-347,Transit,2014,0,12.79836,0.000106,-0.000106,0,1.97,0.94,-0.94,0,1298.88,28.87,-27.66
Kepler-347 c,Kepler-347,Transit,2014,0,27.320871,0.000457,-0.000457,0,1.75,0.84,-0.84,0,1298.88,28.87,-27.66
Kepler-347 d,Kepler-347,Transit,2023,0,85.517344,0.001846,-0.001846,0,3.04,0.45,-0.71,0,1298.88,28.87,-27.66
Kepler-348 b,Kepler-348,Transit,2014,0,7.05677,0.000031,-0.000031,0,1.52,0.29,-0.29,0,570.783,8.034,-7.818
Kepler-348 c,Kepler-348,Transit,2014,0,17.265427,0.000179,-0.000179,0,1.33,0.25,-0.25,0,570.783,8.034,-7.818
Kepler-349 b,Kepler-349,Transit,2014,0,5.929778,0.00002,-0.00002,0,1.9,0.72,-0.72,0,940.724,18.79,-18.79
Kepler-349 c,Kepler-349,Transit,2014,0,12.247629,0.000063,-0.000063,0,1.96,0.74,-0.74,0,940.724,18.79,-18.79
Kepler-35 b,Kepler-35,Transit,2011,0,131.458,0.077,-0.105,0,8.16,0.157,-0.157,0,1819.17,120.96,-107.03
Kepler-350 b,Kepler-350,Transit,2014,0,11.189562,0.000119,-0.000119,0,1.85,0.38,-0.38,0,956.859,19.8105,-19.8105
Kepler-350 c,Kepler-350,Transit,2013,0,17.849,,,0,3.1,1.42,-0.6,0,956.859,19.8105,-19.8105
Kepler-350 d,Kepler-350,Transit,2013,0,26.136,,,0,2.8,1.28,-0.54,0,956.859,19.8105,-19.8105
Kepler-351 b,Kepler-351,Transit,2014,0,37.054919,0.000484,-0.000484,0,3.06,1.55,-1.55,0,1083.91,43.57,-40.38
Kepler-351 c,Kepler-351,Transit,2014,0,57.24809,0.000599,-0.000599,0,3.19,1.55,-1.55,0,1083.91,43.57,-40.38
Kepler-351 d,Kepler-351,Transit,2016,0,142.544247,0.002303,-0.002303,0,2.72,0.19,-0.3,0,1083.91,43.57,-40.38
Kepler-352 b,Kepler-352,Transit,2014,0,10.05537,0.000194,-0.000194,0,0.86,0.08,-0.08,0,252.733,1.399,-1.383
Kepler-352 c,Kepler-352,Transit,2014,0,16.332995,0.000272,-0.000272,0,1.24,0.1,-0.1,0,252.733,1.399,-1.383
Kepler-352 d,Kepler-352,Transit,2021,0,6.887279987,,,0,0.80628032,,,0,252.733,1.399,-1.383
Kepler-353 b,Kepler-353,Transit,2014,0,5.795278,0.000055,-0.000055,0,0.89,0.06,-0.06,0,384.694,4.945,-4.945
Kepler-353 c,Kepler-353,Transit,2014,0,8.410894,0.000039,-0.000039,0,1.38,0.07,-0.07,0,384.694,4.945,-4.945
Kepler-354 b,Kepler-354,Transit,2014,0,5.47666,0.000024,-0.000024,0,1.84,0.58,-0.58,0,554.064,7.994,-7.774
Kepler-354 c,Kepler-354,Transit,2014,0,16.934402,0.000228,-0.000228,0,1.31,0.42,-0.42,0,554.064,7.994,-7.774
Kepler-354 d,Kepler-354,Transit,2014,0,24.209842,0.000403,-0.000403,0,1.24,0.4,-0.4,0,554.064,7.994,-7.774
Kepler-355 b,Kepler-355,Transit,2014,0,11.03189,0.000338,-0.000338,0,1.46,0.66,-0.66,0,1432.17,48.89,-45.82
Kepler-355 c,Kepler-355,Transit,2014,0,25.762294,0.000267,-0.000267,0,2.71,1.22,-1.22,0,1432.17,48.89,-45.82
Kepler-356 b,Kepler-356,Transit,2014,0,4.612696,0.000021,-0.000021,0,1.57,0.29,-0.29,0,707.559,10.503,-10.205
Kepler-356 c,Kepler-356,Transit,2014,0,13.121632,0.000088,-0.000088,0,1.81,0.33,-0.33,0,707.559,10.503,-10.205
Kepler-357 b,Kepler-357,Transit,2014,0,6.475434,0.000034,-0.000034,0,1.84,1.08,-1.08,0,688.573,14.518,-13.941
Kepler-357 c,Kepler-357,Transit,2014,0,16.85837,0.000081,-0.000081,0,2.67,1.57,-1.57,0,688.573,14.518,-13.941
Kepler-357 d,Kepler-357,Transit,2014,0,49.499875,0.00046,-0.00046,0,3.43,2.04,-2.04,0,688.573,14.518,-13.941
Kepler-358 b,Kepler-358,Transit,2014,0,34.060467,0.000194,-0.000194,0,2.72,1.36,-1.36,0,1101.1,40.24,-40.24
Kepler-358 c,Kepler-358,Transit,2014,0,83.488369,0.00083,-0.00083,0,2.85,1.43,-1.43,0,1101.1,40.24,-40.24
Kepler-359 b,Kepler-359,Transit,2014,0,25.563222,0.000202,-0.000202,0,3.53,1.64,-1.64,0,1443.21,81.51,-73.38
Kepler-359 c,Kepler-359,Transit,2014,0,57.68802,0.000545,-0.000545,0,4.3,2,-2,0,1443.21,81.51,-73.38
Kepler-359 d,Kepler-359,Transit,2014,0,77.095691,0.001453,-0.001453,0,4.01,1.91,-1.91,0,1443.21,81.51,-73.38
Kepler-36 b,Kepler-36,Transit,2012,0,13.86825,0.0005,-0.0005,0,1.498,0.061,-0.049,0,527.956,6.105,-5.969
Kepler-36 c,Kepler-36,Transit,2012,0,16.21865,0.0001,-0.0001,0,3.679,0.096,-0.091,0,527.956,6.105,-5.969
Kepler-360 b,Kepler-360,Transit,2014,0,3.289672,0.000012,-0.000012,0,1.65,0.78,-0.78,0,876.044,15.581,-15.054
Kepler-360 c,Kepler-360,Transit,2014,0,7.186434,0.000029,-0.000029,0,2.1,1,-1,0,876.044,15.581,-15.054
Kepler-361 b,Kepler-361,Transit,2014,0,8.486616,0.000084,-0.000084,0,1.45,0.28,-0.28,0,930.32,15.496,-15.496
Kepler-361 c,Kepler-361,Transit,2014,0,55.188023,0.000655,-0.000655,0,2.52,0.48,-0.48,0,930.32,15.496,-15.496
Kepler-362 b,Kepler-362,Transit,2014,0,10.327186,0.000101,-0.000101,0,0.88,0.38,-0.38,0,1090.51,54.49,-54.49
Kepler-362 c,Kepler-362,Transit,2014,0,37.866281,0.000298,-0.000298,0,1.45,0.61,-0.61,0,1090.51,54.49,-54.49
Kepler-363 b,Kepler-363,Transit,2014,0,3.614568,0.000053,-0.000053,0,1.16,0.19,-0.19,0,762.596,7.25,-7.118
Kepler-363 c,Kepler-363,Transit,2014,0,7.542427,0.000058,-0.000058,0,1.69,0.27,-0.27,0,762.596,7.25,-7.118
Kepler-363 d,Kepler-363,Transit,2014,0,11.932125,0.000093,-0.000093,0,2.05,0.4,-0.4,0,762.596,7.25,-7.118
Kepler-364 b,Kepler-364,Transit,2014,0,25.745718,0.000548,-0.000548,0,1.55,0.37,-0.37,0,891.462,9.894,-9.894
Kepler-364 c,Kepler-364,Transit,2014,0,59.980627,0.000879,-0.000879,0,2.15,0.42,-0.42,0,891.462,9.894,-9.894
Kepler-365 b,Kepler-365,Transit,2014,0,10.664903,0.000069,-0.000069,0,2.04,0.97,-0.97,0,1038.99,,
Kepler-365 c,Kepler-365,Transit,2014,0,17.784129,0.000215,-0.000215,0,1.64,0.77,-0.77,0,1038.99,,
Kepler-366 b,Kepler-366,Transit,2014,0,3.281959,0.000022,-0.000022,0,1.46,0.66,-0.66,0,1856.28,106.48,-95.72
Kepler-366 c,Kepler-366,Transit,2014,0,12.51616,0.000095,-0.000095,0,1.79,0.81,-0.81,0,1856.28,106.48,-95.72
Kepler-367 b,Kepler-367,Transit,2014,0,37.815724,0.000279,-0.000279,0,1.3,0.16,-0.16,0,188.027,0.86,-0.854
Kepler-367 c,Kepler-367,Transit,2014,0,53.578637,0.000382,-0.000382,0,1.2,0.16,-0.16,0,188.027,0.86,-0.854
Kepler-368 b,Kepler-368,Transit,2014,0,26.84768,0.000326,-0.000326,0,3.26,0.91,-0.91,0,770.978,13.886,-13.411
Kepler-368 c,Kepler-368,Transit,2014,0,72.379334,0.00137,-0.00137,0,3.88,1.08,-1.08,0,770.978,13.886,-13.411
Kepler-369 b,Kepler-369,Transit,2014,0,2.732756,0.000009,-0.000009,0,1.13,0.06,-0.06,0,214,14.682,-15.439
Kepler-369 c,Kepler-369,Transit,2014,0,14.871572,0.000083,-0.000083,0,1.41,0.06,-0.06,0,214,14.682,-15.439
Kepler-37 b,Kepler-37,Transit,2013,0,13.36702,0.00006,-0.00006,0,0.3098,0.0059,-0.0076,0,63.9207,0.1196,-0.1191
Kepler-37 c,Kepler-37,Transit,2013,0,21.301848,0.000018,-0.000018,0,0.755,0.033,-0.055,0,63.9207,0.1196,-0.1191
Kepler-37 d,Kepler-37,Transit,2013,0,39.7922622,0.0000065,-0.0000065,0,2.03,0.03,-0.039,0,63.9207,0.1196,-0.1191
Kepler-37 e,Kepler-37,Transit Timing Variations,2014,0,51.196,,,0,0.37,0.18,-0.18,0,63.9207,0.1196,-0.1191
Kepler-370 b,Kepler-370,Transit,2014,0,4.57953,0.000041,-0.000041,0,1.59,0.78,-0.78,0,1167.94,35.395,-35.395
Kepler-370 c,Kepler-370,Transit,2014,0,19.02293,0.000177,-0.000177,0,1.91,0.89,-0.89,0,1167.94,35.395,-35.395
Kepler-371 b,Kepler-371,Transit,2014,0,34.763278,0.000351,-0.000351,0,1.89,0.52,-0.52,0,813.192,12.4225,-12.4225
Kepler-371 c,Kepler-371,Transit,2014,0,67.968015,0.00107,-0.00107,0,1.78,0.45,-0.45,0,813.192,12.4225,-12.4225
Kepler-372 b,Kepler-372,Transit,2014,0,6.849692,0.000134,-0.000134,0,1.36,0.59,-0.59,0,1493.95,50.96,-47.76
Kepler-372 c,Kepler-372,Transit,2014,0,20.053763,0.00019,-0.00019,0,2.09,0.9,-0.9,0,1493.95,50.96,-47.76
Kepler-372 d,Kepler-372,Transit,2014,0,30.092568,0.00068,-0.00068,0,1.69,0.73,-0.73,0,1493.95,50.96,-47.76
Kepler-373 b,Kepler-373,Transit,2014,0,5.535309,0.000029,-0.000029,0,1.36,0.67,-0.67,0,1090.45,22.5,-22.5
Kepler-373 c,Kepler-373,Transit,2014,0,16.725948,0.000227,-0.000227,0,1.24,0.62,-0.62,0,1090.45,22.5,-22.5
Kepler-374 b,Kepler-374,Transit,2014,0,1.897806,0.000011,-0.000011,0,1.03,0.54,-0.54,0,1265.61,34.84,-34.84
Kepler-374 c,Kepler-374,Transit,2014,0,3.282807,0.00002,-0.00002,0,1.1,0.57,-0.57,0,1265.61,34.84,-34.84
Kepler-374 d,Kepler-374,Transit,2014,0,5.028219,0.00004,-0.00004,0,1.31,0.7,-0.7,0,1265.61,34.84,-34.84
Kepler-375 b,Kepler-375,Transit,2014,0,12.125934,0.000204,-0.000204,0,1.45,0.51,-0.51,0,1238.81,54.45,-50.12
Kepler-375 c,Kepler-375,Transit,2014,0,19.986326,0.000184,-0.000184,0,2.65,0.96,-0.96,0,1238.81,54.45,-50.12
Kepler-376 b,Kepler-376,Transit,2014,0,4.920199,0.000073,-0.000073,0,1.07,0.22,-0.22,0,923.067,16.189,-16.189
Kepler-376 c,Kepler-376,Transit,2014,0,14.172327,0.000108,-0.000108,0,1.79,0.36,-0.36,0,923.067,16.189,-16.189
Kepler-377 b,Kepler-377,Transit,2014,0,12.509529,0.000257,-0.000257,0,1.39,0.27,-0.27,0,823.804,12.578,-12.211
Kepler-377 c,Kepler-377,Transit,2014,0,27.014976,0.000347,-0.000347,0,2.06,0.39,-0.39,0,823.804,12.578,-12.211
Kepler-378 b,Kepler-378,Transit,2014,0,16.092361,0.000073,-0.000073,0,0.75,0.15,-0.15,0,152.094,0.43,-0.427
Kepler-378 c,Kepler-378,Transit,2014,0,28.906009,0.000216,-0.000216,0,0.7,0.05,-0.05,0,152.094,0.43,-0.427
Kepler-379 b,Kepler-379,Transit,2014,0,20.09838,0.00018,-0.00018,0,1.66,0.31,-0.31,0,731.274,7.264,-7.126
Kepler-379 c,Kepler-379,Transit,2014,0,62.784697,0.000661,-0.000661,0,2.29,0.43,-0.43,0,731.274,7.264,-7.126
Kepler-38 b,Kepler-38,Transit,2012,0,105.599,0.038,-0.053,0,4.3,0.11,-0.11,0,1174.59,20.53,-19.85
Kepler-380 b,Kepler-380,Transit,2014,0,3.930821,0.000038,-0.000038,0,1.19,0.24,-0.24,0,813.713,14.549,-14.055
Kepler-380 c,Kepler-380,Transit,2014,0,7.630004,0.000073,-0.000073,0,1.27,0.28,-0.28,0,813.713,14.549,-14.055
Kepler-381 b,Kepler-381,Transit,2014,0,5.629021,0.000028,-0.000028,0,0.99,0.22,-0.22,0,267.323,1.708,-1.687
Kepler-381 c,Kepler-381,Transit,2014,0,13.391635,0.000129,-0.000129,0,1.12,0.25,-0.25,0,267.323,1.708,-1.687
Kepler-381 d,Kepler-381,Transit,2021,0,8.256299973,,,0,1.0667865,,,0,267.323,1.708,-1.687
Kepler-382 b,Kepler-382,Transit,2014,0,5.262155,0.000047,-0.000047,0,1.32,0.63,-0.63,0,935.446,19.9715,-19.9715
Kepler-382 c,Kepler-382,Transit,2014,0,12.162701,0.000109,-0.000109,0,1.59,0.77,-0.77,0,935.446,19.9715,-19.9715
Kepler-383 b,Kepler-383,Transit,2014,0,12.904532,0.000121,-0.000121,0,1.32,0.52,-0.52,0,470,22.933,-28.594
Kepler-383 c,Kepler-383,Transit,2014,0,31.200751,0.000354,-0.000354,0,1.24,0.49,-0.49,0,470,22.933,-28.594
Kepler-384 b,Kepler-384,Transit,2014,0,22.597053,0.000243,-0.000243,0,1.12,0.32,-0.32,0,895.678,10.6165,-10.6165
Kepler-384 c,Kepler-384,Transit,2014,0,45.348269,0.000779,-0.000779,0,1.13,0.33,-0.33,0,895.678,10.6165,-10.6165
Kepler-385 b,Kepler-385,Transit,2014,0,10.043686,0.000128,-0.000128,0,2.73,1.38,-1.38,0,1432.61,47.63,-44.72
Kepler-385 c,Kepler-385,Transit,2014,0,15.163161,0.000269,-0.000269,0,3.04,1.56,-1.56,0,1432.61,47.63,-44.72
Kepler-385 d,Kepler-385,Transit,2020,0,56.4159,,,0,2.6186448,,,0,1432.61,47.63,-44.72
Kepler-386 b,Kepler-386,Transit,2014,0,12.31043,0.000218,-0.000218,0,1.39,0.82,-0.82,0,882.462,29.384,-27.58
Kepler-386 c,Kepler-386,Transit,2014,0,25.193458,0.000342,-0.000342,0,1.58,0.89,-0.89,0,882.462,29.384,-27.58
Kepler-387 b,Kepler-387,Transit,2014,0,6.791636,0.000094,-0.000094,0,1.03,0.24,-0.24,0,801.052,10.7825,-10.7825
Kepler-387 c,Kepler-387,Transit,2014,0,11.837549,0.000329,-0.000329,0,0.89,0.22,-0.22,0,801.052,10.7825,-10.7825
Kepler-388 b,Kepler-388,Transit,2014,0,3.173315,0.000018,-0.000018,0,0.81,0.1,-0.1,0,425,16.428,-21.729
Kepler-388 c,Kepler-388,Transit,2014,0,13.297004,0.000185,-0.000185,0,0.86,0.11,-0.11,0,425,16.428,-21.729
Kepler-389 b,Kepler-389,Transit,2014,0,3.244107,0.00003,-0.00003,0,1.51,0.77,-0.77,0,816.559,22.3,-21.163
Kepler-389 c,Kepler-389,Transit,2014,0,14.51143,0.000305,-0.000305,0,1.46,0.75,-0.75,0,816.559,22.3,-21.163
Kepler-39 b,Kepler-39,Transit,2011,0,21.08721,0.000037,-0.000037,0,13.9,1.01,-1.12,0,1057.41,18.44,-18.44
Kepler-390 b,Kepler-390,Transit,2014,0,6.738088,0.000067,-0.000067,0,0.82,0.07,-0.07,0,435.277,3.725,-3.725
Kepler-390 c,Kepler-390,Transit,2014,0,13.060022,0.000257,-0.000257,0,0.79,0.08,-0.08,0,435.277,3.725,-3.725
Kepler-391 b,Kepler-391,Transit,2014,0,7.4175,0.0027,-0.0037,0,2.5,0.29,-0.29,0,869.236,12.7595,-12.7595
Kepler-391 c,Kepler-391,Transit,2014,0,20.501,0.032,-0.01,0,2.88,0.33,-0.33,0,869.236,12.7595,-12.7595
Kepler-392 b,Kepler-392,Transit,2014,0,5.341853,0.000055,-0.000055,0,1,0.21,-0.21,0,681.428,7.674,-7.674
Kepler-392 c,Kepler-392,Transit,2014,0,10.423118,0.000087,-0.000087,0,1.1,0.23,-0.23,0,681.428,7.674,-7.674
Kepler-393 b,Kepler-393,Transit,2014,0,9.182417,0.000096,-0.000096,0,1.29,0.25,-0.25,0,881.404,14.022,-13.598
Kepler-393 c,Kepler-393,Transit,2014,0,14.613612,0.000231,-0.000231,0,1.33,0.31,-0.31,0,881.404,14.022,-13.598
Kepler-394 b,Kepler-394,Transit,2014,0,8.005013,0.00009,-0.00009,0,1.6,0.82,-0.82,0,1058.72,24.62,-23.54
Kepler-394 c,Kepler-394,Transit,2014,0,12.130686,0.00018,-0.00018,0,1.66,0.86,-0.86,0,1058.72,24.62,-23.54
Kepler-394 d,Kepler-394,Transit,2021,0,5.613580227,,,0,1.50066814,,,0,1058.72,24.62,-23.54
Kepler-395 b,Kepler-395,Transit,2014,0,7.054346,0.00007,-0.00007,0,1.03,0.08,-0.08,0,421.382,8.0905,-8.0905
Kepler-395 c,Kepler-395,Transit,2014,0,34.989262,0.000543,-0.000543,0,1.32,0.09,-0.09,0,421.382,8.0905,-8.0905
Kepler-396 b,Kepler-396,Transit,2013,0,42.994,,,0,3.5,1.28,-0.65,0,223.757,1.812,-1.783
Kepler-396 c,Kepler-396,Transit,2013,0,88.505,,,0,5.3,1.95,-0.99,0,223.757,1.812,-1.783
Kepler-397 b,Kepler-397,Transit,2014,0,22.250949,0.000186,-0.000186,0,2.46,21.32,-21.32,0,969,44.634,-40.997
Kepler-397 c,Kepler-397,Transit,2014,0,135.498527,0.000668,-0.000668,0,6.18,0.56,-0.56,0,969,44.634,-40.997
Kepler-398 b,Kepler-398,Transit,2014,0,4.081423,0.000011,-0.000011,0,0.93,0.1,-0.1,0,177.355,0.538,-0.535
Kepler-398 c,Kepler-398,Transit,2014,0,11.419412,0.000047,-0.000047,0,1.01,0.11,-0.11,0,177.355,0.538,-0.535
Kepler-398 d,Kepler-398,Transit,2016,0,6.83437001,0.00001518,-0.00001518,0,0.88,0.03,-0.04,0,177.355,0.538,-0.535
Kepler-399 b,Kepler-399,Transit,2014,0,14.425281,0.000144,-0.000144,0,0.96,0.51,-0.51,0,740.537,,
Kepler-399 c,Kepler-399,Transit,2014,0,26.67569,0.000171,-0.000171,0,1.43,0.77,-0.77,0,740.537,,
Kepler-399 d,Kepler-399,Transit,2014,0,58.034616,0.000363,-0.000363,0,1.89,1.01,-1.01,0,740.537,,
Kepler-4 b,Kepler-4,Transit,2009,0,3.21346,0.00022,-0.00022,0,4.002,0.213,-0.213,0,487.916,5.898,-5.761
Kepler-40 b,Kepler-40,Transit,2010,0,6.87349,0.00064,-0.00064,0,13.11,0.45,-0.45,0,2305.01,131.34,-118.14
Kepler-400 b,Kepler-400,Transit,2014,0,9.024389,0.000034,-0.000034,0,1.65,0.3,-0.3,0,845.97,,
Kepler-400 c,Kepler-400,Transit,2014,0,17.340824,0.0001,-0.0001,0,1.49,0.28,-0.28,0,845.97,,
Kepler-401 b,Kepler-401,Transit,2014,0,14.383035,0.000211,-0.000211,0,1.71,0.4,-0.4,0,965.56,16.829,-16.272
Kepler-401 c,Kepler-401,Transit,2014,0,47.318218,0.000695,-0.000695,0,2.15,0.4,-0.4,0,965.56,16.829,-16.272
Kepler-401 d,Kepler-401,Transit,2016,0,184.256405,0.00317,-0.00317,0,2.27,0.4,-0.26,0,965.56,16.829,-16.272
Kepler-402 b,Kepler-402,Transit,2014,0,4.028751,0.000019,-0.000019,0,1.22,0.24,-0.24,0,625.339,7.385,-7.217
Kepler-402 c,Kepler-402,Transit,2014,0,6.124821,0.000026,-0.000026,0,1.56,0.35,-0.35,0,625.339,7.385,-7.217
Kepler-402 d,Kepler-402,Transit,2014,0,8.921099,0.000056,-0.000056,0,1.38,0.27,-0.27,0,625.339,7.385,-7.217
Kepler-402 e,Kepler-402,Transit,2014,0,11.242861,0.000059,-0.000059,0,1.46,0.29,-0.29,0,625.339,7.385,-7.217
Kepler-403 b,Kepler-403,Transit,2014,0,7.031462,0.000051,-0.000051,0,1.25,0.22,-0.22,0,840.269,16.355,-15.753
Kepler-403 c,Kepler-403,Transit,2014,0,54.280749,0.000562,-0.000562,0,1.75,0.32,-0.32,0,840.269,16.355,-15.753
Kepler-403 d,Kepler-403,Transit,2016,0,13.61159129,0.00008288,-0.00008288,0,1.42,0.3,-0.19,0,840.269,16.355,-15.753
Kepler-404 b,Kepler-404,Transit,2014,0,11.829851,0.000209,-0.000209,0,1.27,0.55,-0.55,0,812.524,14.656,-14.155
Kepler-404 c,Kepler-404,Transit,2014,0,14.751166,0.000261,-0.000261,0,1.72,0.85,-0.85,0,812.524,14.656,-14.155
Kepler-405 b,Kepler-405,Transit,2014,0,10.613839,0.000111,-0.000111,0,2.08,0.99,-0.99,0,1065.08,43.33,-40.14
Kepler-405 c,Kepler-405,Transit,2014,0,29.726682,0.011477,-0.011477,0,4.66,26.65,-26.65,0,1065.08,43.33,-40.14
Kepler-406 b,Kepler-406,Transit,2014,0,2.42629,,,0,1.43,0.03,-0.03,0,364.03,3.402,-3.34
Kepler-406 c,Kepler-406,Transit,2014,0,4.62332,,,0,0.85,0.03,-0.03,0,364.03,3.402,-3.34
Kepler-407 b,Kepler-407,Transit,2014,0,0.6693124,0.0000006,-0.0000006,0,1.19,0.05,-0.05,0,338.368,2.531,-2.495
Kepler-407 c,Kepler-407,Radial Velocity,2014,0,3000,500,-500,0,12.3,,,0,338.368,2.531,-2.495
Kepler-408 b,Kepler-408,Transit,2014,0,2.46502,,,0,0.82,0.03,-0.03,0,88.7832,0.2629,-0.2614
Kepler-409 b,Kepler-409,Transit,2014,0,68.9583216,0.0000039,-0.0000039,0,1.199,0.043,-0.043,0,68.173,0.0996,-0.0993
Kepler-41 b,Kepler-41,Transit,2011,0,1.8555582,0.00000052,-0.00000052,0,14.46,0.22,-0.22,0,1093.08,27,-27
Kepler-410 A b,Kepler-410 A,Transit,2013,0,17.833648,0.000054,-0.000054,0,2.838,0.054,-0.054,0,147.527,0.494,-0.49
Kepler-411 b,Kepler-411,Transit,2013,0,3.005156,0.000002,-0.000002,0,2.401,0.053,-0.053,0,153.676,0.455,-0.453
Kepler-411 c,Kepler-411,Transit,2016,0,7.834435,0.000002,-0.000002,0,4.421,0.062,-0.062,0,153.676,0.455,-0.453
Kepler-411 d,Kepler-411,Transit,2018,0,58.02035,0.00056,-0.00056,0,3.319,0.104,-0.104,0,153.676,0.455,-0.453
Kepler-411 e,Kepler-411,Transit Timing Variations,2018,0,31.509728,0.000085,-0.000085,0,3.28,,,0,153.676,0.455,-0.453
Kepler-412 b,Kepler-412,Transit,2014,0,1.7208604,0.0000003,-0.0000003,0,15.031269,0.493196,-0.515614,0,1086.24,19.16,-19.16
Kepler-413 b,Kepler-413,Transit,2014,0,66.262,0.024,-0.021,0,4.347,0.099,-0.099,0,847.536,22.587,-21.464
Kepler-414 b,Kepler-414,Transit Timing Variations,2014,0,4.7,,,0,1.71,0.31,-0.14,0,413.46,3.023,-2.981
Kepler-414 c,Kepler-414,Transit Timing Variations,2014,0,7.171,,,0,3.01,0.54,-0.25,0,413.46,3.023,-2.981
Kepler-415 b,Kepler-415,Transit Timing Variations,2014,0,4.176,,,0,1.21,0.13,-0.1,0,530.487,10.859,-10.859
Kepler-415 c,Kepler-415,Transit Timing Variations,2014,0,8.708,,,0,2.01,0.15,-0.06,0,530.487,10.859,-10.859
Kepler-416 b,Kepler-416,Transit Timing Variations,2014,0,6.319,,,0,2.48,0.99,-0.33,0,690.819,9.0135,-9.0135
Kepler-416 c,Kepler-416,Transit Timing Variations,2014,0,12.209,,,0,2.352,0.081,-0.081,0,690.819,9.0135,-9.0135
Kepler-416 d,Kepler-416,Transit,2023,0,3.07644709,0.00001038,-0.00001038,0,1.61,0.23,-0.17,0,690.819,9.0135,-9.0135
Kepler-417 b,Kepler-417,Transit Timing Variations,2014,0,12.331,,,0,2.31,0.86,-0.17,0,973.989,45.2865,-45.2865
Kepler-417 c,Kepler-417,Transit Timing Variations,2014,0,15.943,,,0,2.69,0.19,-0.14,0,973.989,45.2865,-45.2865
Kepler-418 b,Kepler-418,Transit,2014,0,86.67856,0.00007,-0.00007,0,13.45,1.79,-1.79,0,1002.53,20.52,-19.718
Kepler-418 c,Kepler-418,Transit,2021,0,12.21829987,,,0,5.22108654,,,0,1002.53,20.52,-19.718
Kepler-419 b,Kepler-419,Transit,2014,0,69.7546,0.0007,-0.0009,0,10.8,1.4,-1.3,0,1011.36,25.41,-24.22
Kepler-419 c,Kepler-419,Transit Timing Variations,2014,0,675.47,0.11,-0.11,0,12.6,,,0,1011.36,25.41,-24.22
Kepler-42 b,Kepler-42,Transit,2011,0,1.2137672,0.0000046,-0.0000046,0,0.78,0.22,-0.22,0,40.0595,0.065,-0.0647
Kepler-42 c,Kepler-42,Transit,2011,0,0.45328509,0.00000097,-0.00000097,0,0.73,0.2,-0.2,0,40.0595,0.065,-0.0647
Kepler-42 d,Kepler-42,Transit,2011,0,1.865169,0.000014,-0.000014,0,0.57,0.18,-0.18,0,40.0595,0.065,-0.0647
Kepler-421 b,Kepler-421,Transit,2014,0,704.1984,0.0016,-0.0016,0,4.16,0.19,-0.16,0,348.558,2.039,-2.015
Kepler-422 b,Kepler-422,Transit,2014,0,7.8914483,0.0000005,-0.00000051,0,12.89,1.23,-1.23,0,722.795,6.648,-6.529
Kepler-423 b,Kepler-423,Transit,2014,0,2.6843285,0.00000007,-0.00000007,0,13.361,0.583,-0.583,0,758.753,12.76,-12.76
Kepler-424 b,Kepler-424,Transit,2014,0,3.3118644,0.00000039,-0.00000039,0,9.98,0.9,-0.67,0,698.646,10.125,-9.844
Kepler-424 c,Kepler-424,Radial Velocity,2014,0,223.3,2.1,-2.1,0,12.7,,,0,698.646,10.125,-9.844
Kepler-425 b,Kepler-425,Transit,2014,0,3.79701816,0.00000019,-0.00000019,0,10.962,0.247,-0.247,0,646.647,10.7805,-10.7805
Kepler-426 b,Kepler-426,Transit,2014,0,3.21751883,0.00000019,-0.00000019,0,12.22,0.34,-0.34,0,843.695,13.668,-13.668
Kepler-427 b,Kepler-427,Transit,2014,0,10.290994,0.0000011,-0.0000011,0,13.79,2.35,-2.35,0,1017.8,16.49,-15.98
Kepler-428 b,Kepler-428,Transit,2014,0,3.52563254,0.00000015,-0.00000015,0,12.11,0.34,-0.34,0,686.284,15.431,-15.431
Kepler-43 b,Kepler-43,Transit,2011,0,3.0240949,0.0000006,-0.0000006,0,13.663771,0.728585,-0.717376,0,1005.84,14.19,-14.19
Kepler-430 b,Kepler-430,Transit,2015,0,35.968,,,0,3.25,,,0,917.477,16.2275,-16.2275
Kepler-430 c,Kepler-430,Transit,2015,0,110.979,,,0,1.75,,,0,917.477,16.2275,-16.2275
Kepler-431 b,Kepler-431,Transit,2015,0,6.803,,,0,0.764,,,0,486.546,4.766,-4.677
Kepler-431 c,Kepler-431,Transit,2015,0,8.703,,,0,0.668,,,0,486.546,4.766,-4.677
Kepler-431 d,Kepler-431,Transit,2015,0,11.922,,,0,1.11,,,0,486.546,4.766,-4.677
Kepler-432 b,Kepler-432,Transit,2015,0,52.501129,0.000067,-0.000053,0,12.834305,0.403524,-0.437151,0,848.023,20.1675,-20.1675
Kepler-432 c,Kepler-432,Radial Velocity,2015,0,406.2,3.9,-2.5,0,13.3,,,0,848.023,20.1675,-20.1675
Kepler-433 b,Kepler-433,Transit,2015,0,5.33408384,0.0000011,-0.0000011,0,16.25,1.79,-1.79,0,1878.31,77.94,-72.07
Kepler-434 b,Kepler-434,Transit,2015,0,12.8747099,0.000005,-0.000005,0,12.67,2.91,-2.02,0,1222.54,32.43,-32.43
Kepler-435 b,Kepler-435,Transit,2015,0,8.6001536,0.0000018,-0.0000018,0,22.31,2.02,-2.02,0,1418.77,35.37,-35.37
Kepler-436 b,Kepler-436,Transit,2015,0,64.00205,0.00072,-0.00072,0,2.73,0.23,-0.24,0,588.867,15.687,-14.907
Kepler-436 c,Kepler-436,Transit,2016,0,16.79713874,0.00008561,-0.00008561,0,2.33,0.19,-0.14,0,588.867,15.687,-14.907
Kepler-437 b,Kepler-437,Transit,2015,0,66.65062,0.00033,-0.00032,0,2.14,0.22,-0.17,0,304,8.124,-8.898
Kepler-438 b,Kepler-438,Transit,2015,0,35.23319,0.00025,-0.00029,0,1.12,0.16,-0.17,0,195.9428718,4.72894534,-4.72894534
Kepler-439 b,Kepler-439,Transit,2015,0,178.1396,0.0016,-0.0018,0,2.24,0.16,-0.45,0,757.048,11.488,-11.155
Kepler-44 b,Kepler-44,Transit,2011,0,3.2467293,0.000003,-0.000003,0,12.22,0.78,-0.78,0,1188,32.645,-32.645
Kepler-440 b,Kepler-440,Transit,2015,0,101.11141,0.00087,-0.00068,0,1.86,0.24,-0.19,0,301.03,2.278,-2.278
Kepler-441 b,Kepler-441,Transit,2015,0,207.2482,0.0022,-0.002,0,1.64,0.22,-0.24,0,268.003,1.8075,-1.8075
Kepler-442 b,Kepler-442,Transit,2015,0,112.3053,0.0024,-0.0028,0,1.34,0.11,-0.18,0,365.965,2.763,-2.724
Kepler-443 b,Kepler-443,Transit,2015,0,177.6693,0.0031,-0.003,0,2.33,0.19,-0.22,0,802.271,23.26,-22.007
Kepler-444 b,Kepler-444,Transit,2015,0,3.6001053,0.0000083,-0.000008,0,0.403,0.016,-0.014,0,36.4396,0.0395,-0.0394
Kepler-444 c,Kepler-444,Transit,2015,0,4.5458841,0.000007,-0.0000071,0,0.497,0.021,-0.017,0,36.4396,0.0395,-0.0394
Kepler-444 d,Kepler-444,Transit,2015,0,6.189392,0.000012,-0.000012,0,0.53,0.022,-0.019,0,36.4396,0.0395,-0.0394
Kepler-444 e,Kepler-444,Transit,2015,0,7.743493,0.000017,-0.000016,0,0.546,0.017,-0.015,0,36.4396,0.0395,-0.0394
Kepler-444 f,Kepler-444,Transit,2015,0,9.740486,0.000013,-0.000013,0,0.741,0.041,-0.04,0,36.4396,0.0395,-0.0394
Kepler-445 b,Kepler-445,Transit,2015,0,2.984151,0.000011,-0.000011,0,1.58,0.23,-0.23,0,127.201,0.995,-0.995
Kepler-445 c,Kepler-445,Transit,2015,0,4.871229,0.000011,-0.000011,0,2.51,0.36,-0.36,0,127.201,0.995,-0.995
Kepler-445 d,Kepler-445,Transit,2015,0,8.15275,0.0004,-0.0004,0,1.25,0.19,-0.19,0,127.201,0.995,-0.995
Kepler-446 b,Kepler-446,Transit,2015,0,1.565409,0.0000033,-0.0000033,0,1.5,0.25,-0.25,0,96.339,0.5141,-0.5087
Kepler-446 c,Kepler-446,Transit,2015,0,3.036179,0.0000055,-0.0000055,0,1.11,0.18,-0.18,0,96.339,0.5141,-0.5087
Kepler-446 d,Kepler-446,Transit,2015,0,5.148921,0.000022,-0.000022,0,1.35,0.22,-0.22,0,96.339,0.5141,-0.5087
Kepler-447 b,Kepler-447,Transit,2015,0,7.79430132,0.00000182,-0.00000182,0,18.49,6.61,-6.28,0,268.041,1.848,-1.823
Kepler-448 c,KOI-12,Transit Timing Variations,2017,0,2500,2400,-700,0,12,,,0,399.398,4.396,-4.303
Kepler-449 b,Kepler-449,Transit,2015,0,12.58242,0.00027,-0.00027,0,2.056,0.069,-0.069,0,241.949,,
Kepler-449 c,Kepler-449,Transit,2015,0,33.6727,0.001,-0.001,0,2.764,0.086,-0.086,0,241.949,,
Kepler-45 b,Kepler-45,Transit,2011,0,2.455239,0.000004,-0.000004,0,10.76,1.23,-1.23,0,381.949,6.3825,-6.3825
Kepler-450 b,Kepler-450,Transit,2015,0,28.454851,0.000025,-0.000025,0,6.14,0.33,-0.33,0,455.982,5.189,-5.074
Kepler-450 c,Kepler-450,Transit,2015,0,15.413135,0.000085,-0.000085,0,2.62,0.14,-0.14,0,455.982,5.189,-5.074
Kepler-450 d,Kepler-450,Transit,2015,0,7.51464,0.00023,-0.00023,0,0.837,0.068,-0.068,0,455.982,5.189,-5.074
Kepler-451 c,2MASS J19383260+4603591,Eclipse Timing Variations,2022,0,1460,90,-90,0,13.5,,,0,396.332,6.3885,-6.3885
Kepler-451 d,2MASS J19383260+4603591,Eclipse Timing Variations,2022,0,43,0.1,-0.1,0,13.5,,,0,396.332,6.3885,-6.3885
Kepler-452 b,Kepler-452,Transit,2015,1,384.843,0.007,-0.012,0,1.63,0.23,-0.2,0,551.727,5.236,-5.141
Kepler-453 b,Kepler-453,Transit,2015,0,240.503,0.053,-0.053,0,6.204,0.039,-0.039,0,442.846,2.7245,-2.7245
Kepler-454 b,Kepler-454,Transit,2015,0,10.5737534,0.0000078,-0.0000078,0,2.37,0.13,-0.13,0,230.869,1.316,-1.301
Kepler-454 c,Kepler-454,Radial Velocity,2015,0,524.19,0.2,-0.2,0,12.9,,,0,230.869,1.316,-1.301
Kepler-454 d,Kepler-454,Radial Velocity,2023,0,4073,399,-186,0,13.3,,,0,230.869,1.316,-1.301
Kepler-457 d,KOI-7892,Transit,2021,0,10.6906004,,,0,2.98467257,,,0,1072.3,22.025,-22.025
Kepler-458 c,KIC 9663113,Transit,2016,0,20.74028413,0.0000335,-0.0000335,0,4.2,0.63,-0.4,0,1594.74,44.335,-44.335
Kepler-46 b,Kepler-46,Transit,2012,0,33.60134,0.00021,-0.0002,0,9.057,0.471,-0.482,0,777.06,17.209,-16.493
Kepler-46 c,Kepler-46,Transit Timing Variations,2012,0,57.011,0.051,-0.061,0,13.5,,,0,777.06,17.209,-16.493
Kepler-46 d,Kepler-46,Transit,2014,0,6.766589,0.000022,-0.000022,0,1.64,0.92,-0.92,0,777.06,17.209,-16.493
Kepler-460 c,KIC 5437945,Transit,2016,0,220.1303357,0.0006389,-0.0006389,0,5.52,2.07,-0.73,0,1274.01,27.92,-27.92
Kepler-461 b,Kepler-461,Transit,2016,0,8.313783059,0.000007661,-0.000007661,0,2.58,0.07,-0.06,0,692.158,6.657,-6.535
Kepler-462 b,Kepler-462,Transit,2016,0,84.6866,0.0007,-0.001,0,3,0.2,-0.1,0,596.625,10.858,-10.484
Kepler-462 c,Kepler-462,Transit,2018,0,207.62,0.03,-0.01,0,4,0.2,-0.2,0,596.625,10.858,-10.484
Kepler-463 b,Kepler-463,Transit,2016,0,8.981016833,0.000003162,-0.000003162,0,3.05,0.43,-0.3,0,394.804,3.53,-3.47
Kepler-464 b,Kepler-464,Transit,2016,0,7.256965224,0.000005766,-0.000005766,0,3.3,0.16,-0.13,0,667.604,9.721,-9.451
Kepler-465 b,Kepler-465,Transit,2016,0,9.940672466,0.000006545,-0.000006545,0,2.95,0.25,-0.16,0,553.077,6.997,-6.827
Kepler-466 b,Kepler-466,Transit,2016,0,51.07926307,0.00006345,-0.00006345,0,2.85,0.22,-0.17,0,530.122,,
Kepler-466 c,Kepler-466,Transit,2016,0,3.709213846,0.000006325,-0.000006325,0,1.25,0.1,-0.07,0,530.122,,
Kepler-467 b,Kepler-467,Transit,2016,0,24.99324193,0.00006498,-0.00006498,0,2.25,0.3,-0.08,0,466.265,5.109,-5.002
Kepler-468 b,Kepler-468,Transit,2016,0,38.47875707,0.000004851,-0.000004851,0,13.34,0.32,-0.29,0,442.871,2.999,-2.999
Kepler-47 b,Kepler-47,Transit,2012,0,49.4643,0.0081,-0.0074,0,3.05,0.04,-0.04,0,1025.02,30.6445,-30.6445
Kepler-47 c,Kepler-47,Transit,2012,0,303.227,0.062,-0.027,0,4.65,0.09,-0.07,0,1025.02,30.6445,-30.6445
Kepler-47 d,Kepler-47,Transit,2019,0,187.366,0.069,-0.051,0,7.04,0.66,-0.49,0,1025.02,30.6445,-30.6445
Kepler-471 b,Kepler-471,Transit,2016,0,5.014234575,0.000000594,-0.000000594,0,14.96,5.42,-2.96,0,1249.41,24.04,-23.18
Kepler-472 b,Kepler-472,Transit,2016,0,4.176255514,0.000001844,-0.000001844,0,3.22,0.13,-0.28,0,306.602,1.906,-1.906
Kepler-473 b,Kepler-473,Transit,2016,0,14.55731705,0.00001399,-0.00001399,0,4.08,0.79,-0.67,0,905.937,12.339,-12.017
Kepler-474 b,Kepler-474,Transit,2016,0,5.660672935,0.000003733,-0.000003733,0,3.06,0.48,-0.37,0,841.496,10.999,-10.999
Kepler-475 b,Kepler-475,Transit,2016,0,3.105508189,0.000001042,-0.000001042,0,2.49,0.05,-0.18,0,280.069,1.173,-1.162
Kepler-476 b,Kepler-476,Transit,2016,0,14.00640607,0.00001794,-0.00001794,0,3.08,0.51,-0.3,0,813.535,,
Kepler-477 b,Kepler-477,Transit,2016,0,11.11990653,0.0000116,-0.0000116,0,2.07,0.18,-0.12,0,367,10.155,-11.229
Kepler-478 b,Kepler-478,Transit,2016,0,13.2217576,0.0000139,-0.0000139,0,2.71,0.09,-0.33,0,420,14.537,-13.995
Kepler-479 b,Kepler-479,Transit,2016,0,12.49341307,0.0000136,-0.0000136,0,2.12,0.09,-0.07,0,344.901,1.966,-1.966
Kepler-48 b,Kepler-48,Transit,2012,0,4.778,,,0,1.88,0.1,-0.1,0,306.738,1.825,-1.804
Kepler-48 c,Kepler-48,Transit,2012,0,9.67395,,,0,2.71,0.14,-0.14,0,306.738,1.825,-1.804
Kepler-48 d,Kepler-48,Transit,2014,0,42.8961,,,0,2.04,0.11,-0.11,0,306.738,1.825,-1.804
Kepler-48 e,Kepler-48,Radial Velocity,2014,0,982,8,-8,0,13.4,,,0,306.738,1.825,-1.804
Kepler-48 f,Kepler-48,Radial Velocity,2023,0,5219.681854,373.576493,-373.576493,0,13.8,,,0,306.738,1.825,-1.804
Kepler-480 b,Kepler-480,Transit,2016,0,4.919583795,0.000004897,-0.000004897,0,2.78,0.29,-0.21,0,847.508,11.577,-11.274
Kepler-481 b,Kepler-481,Transit,2016,0,10.06082567,0.00001522,-0.00001522,0,2.5,0.37,-0.29,0,813.724,11.784,-11.784
Kepler-482 b,Kepler-482,Transit,2016,0,56.35418576,0.00009371,-0.00009371,0,2.36,0.37,-0.14,0,313.068,2.2585,-2.2585
Kepler-483 b,Kepler-483,Transit,2016,0,30.229104,0.00007851,-0.00007851,0,3.21,0.68,-0.43,0,860.355,10.183,-10.183
Kepler-484 b,Kepler-484,Transit,2016,0,10.04556931,0.000007196,-0.000007196,0,2.28,0.07,-0.05,0,382.136,2.819,-2.779
Kepler-485 b,Kepler-485,Transit,2016,0,3.243259796,0.000000183,-0.000000183,0,14.41,3.38,-1.63,0,1140.95,26.315,-26.315
Kepler-487 b,Kepler-487,Transit,2016,0,15.3587684,0.000002214,-0.000002214,0,11.42,0.69,-0.53,0,872.343,21.335,-20.356
Kepler-487 c,Kepler-487,Transit,2016,0,38.6519976,0.0002517,-0.0002517,0,2.68,0.18,-0.49,0,872.343,21.335,-20.356
Kepler-487 d,Kepler-487,Transit,2021,0,2.418390036,,,0,2.77513568,,,0,872.343,21.335,-20.356
Kepler-489 b,Kepler-489,Transit,2016,0,17.27629612,0.000002455,-0.000002455,0,7.72,0.17,-0.2,0,369.645,2.297,-2.297
Kepler-49 b,Kepler-49,Transit,2012,0,7.2,,,0,2.579,0.087,-0.086,0,311.222,2.53,-2.49
Kepler-49 c,Kepler-49,Transit,2012,0,10.91,,,0,2.444,0.083,-0.082,0,311.222,2.53,-2.49
Kepler-49 d,Kepler-49,Transit,2014,0,2.576549,0.000003,-0.000003,0,1.6,0.07,-0.07,0,311.222,2.53,-2.49
Kepler-49 e,Kepler-49,Transit,2014,0,18.596108,0.000079,-0.000079,0,1.56,0.08,-0.08,0,311.222,2.53,-2.49
Kepler-490 b,Kepler-490,Transit,2016,0,3.268695154,0.00000023,-0.00000023,0,11.65,3.29,-1.38,0,1523,64.625,-64.625
Kepler-491 b,Kepler-491,Transit,2016,0,4.225384512,0.000000268,-0.000000268,0,8.92,0.8,-0.51,0,630.785,6.431,-6.305
Kepler-493 b,Kepler-493,Transit,2016,0,3.003876581,0.000000988,-0.000000988,0,15.13,5,-2.55,0,1745.77,77.56,-71.33
Kepler-495 b,Kepler-495,Transit,2016,0,3.413036221,0.000000598,-0.000000598,0,5.23,0.42,-0.34,0,658.924,8.899,-8.67
Kepler-495 c,Kepler-495,Transit,2021,0,5.896609783,,,0,1.21936414,,,0,658.924,8.899,-8.67
Kepler-496 b,Kepler-496,Transit,2016,0,8.30864937,0.0000109,-0.0000109,0,2.32,0.19,-0.14,0,605.274,8.821,-8.821
Kepler-497 b,Kepler-497,Transit,2016,0,3.573203671,0.000000908,-0.000000908,0,6.04,1.58,-0.66,0,1291.98,,
Kepler-498 b,Kepler-498,Transit,2016,0,9.61375356,0.00001173,-0.00001173,0,3.03,0.5,-0.34,0,938.844,15.993,-15.993
Kepler-499 b,Kepler-499,Transit,2016,0,5.632528453,0.000005753,-0.000005753,0,2.17,0.25,-0.16,0,556.726,6.914,-6.749
Kepler-5 b,Kepler-5,Transit,2009,0,3.5484657,0.0000007,-0.0000007,0,15.984034,0.403524,-0.571659,0,899.777,16.774,-16.181
Kepler-50 b,Kepler-50,Transit,2012,1,7.81254,0.0001,-0.0001,0,1.71,0.05,-0.1,0,250.11,1.876,-1.848
Kepler-50 c,Kepler-50,Transit,2012,1,9.37647,0.00004,-0.00004,0,2.17,0.07,-0.08,0,250.11,1.876,-1.848
Kepler-500 b,Kepler-500,Transit,2016,0,8.508324398,0.000009109,-0.000009109,0,2.58,0.25,-0.17,0,807.48,12.123,-12.123
Kepler-501 b,Kepler-501,Transit,2016,0,5.640677572,0.000003781,-0.000003781,0,4.3,0.69,-0.46,0,1125.24,27.06,-25.85
Kepler-501 c,Kepler-501,Transit,2021,0,3.622760057,,,0,1.68119739,,,0,1125.24,27.06,-25.85
Kepler-502 b,Kepler-502,Transit,2016,0,4.28686431,0.000003223,-0.000003223,0,4.77,1.46,-0.66,0,1591.04,55.17,-51.65
Kepler-504 b,Kepler-504,Transit,2016,0,9.549275422,0.000004986,-0.000004986,0,1.59,0.18,-0.22,0,99.0688,0.3039,-0.302
Kepler-505 b,Kepler-505,Transit,2016,0,27.52197994,0.00003295,-0.00003295,0,2.6,0.11,-0.09,0,283.41,1.792,-1.792
Kepler-506 b,Kepler-506,Transit,2016,0,6.8834055,0.000003149,-0.000003149,0,2.73,0.06,-0.06,0,228.439,1.353,-1.338
Kepler-507 b,Kepler-507,Transit,2016,0,3.568096926,0.000007072,-0.000007072,0,1.3,0.24,-0.17,0,391.644,3.246,-3.195
Kepler-508 b,Kepler-508,Transit,2016,0,25.30889748,0.00005747,-0.00005747,0,1.64,0.26,-0.19,0,324.618,2.548,-2.509
Kepler-509 b,Kepler-509,Transit,2016,0,41.74600392,0.00004444,-0.00004444,0,2.49,0.06,-0.06,0,332.443,3.781,-3.698
Kepler-51 b,Kepler-51,Transit,2012,0,45.154,0.0002,-0.0002,0,7.1,0.3,-0.3,0,783.831,13.669,-13.218
Kepler-51 c,Kepler-51,Transit,2012,0,85.312,0.003,-0.002,0,9,2.8,-1.7,0,783.831,13.669,-13.218
Kepler-51 d,Kepler-51,Transit,2014,0,130.194,0.005,-0.002,0,9.7,0.5,-0.5,0,783.831,13.669,-13.218
Kepler-51 e,Kepler-51,Transit Timing Variations,2024,0,264.284,0.905,-0.905,0,2.18,,,0,783.831,13.669,-13.218
Kepler-510 b,Kepler-510,Transit,2016,0,19.55659418,0.00003606,-0.00003606,0,2.47,0.23,-0.12,0,386.177,3.778,-3.707
Kepler-511 b,Kepler-511,Transit,2016,0,296.637865,0.0004472,-0.0004472,0,6.35,1.4,-1.02,0,651.999,10.462,-10.143
Kepler-511 c,Kepler-511,Transit,2021,0,26.62949944,,,0,4.20964327,,,0,651.999,10.462,-10.143
Kepler-512 b,Kepler-512,Transit,2016,0,34.43587975,0.00008258,-0.00008258,0,2.69,0.49,-0.31,0,467.375,4.888,-4.789
Kepler-513 b,Kepler-513,Transit,2016,0,28.86235584,0.00006735,-0.00006735,0,2.2,0.31,-0.2,0,468.258,4.529,-4.443
Kepler-514 b,Kepler-514,Transit,2016,0,5.65179605,0.00001087,-0.00001087,0,1.72,0.28,-0.19,0,455.336,4.984,-4.879
Kepler-515 b,Kepler-515,Transit,2016,0,19.96371318,0.00005659,-0.00005659,0,1.46,0.06,-0.05,0,255,10.467,-9.17
Kepler-516 b,Kepler-516,Transit,2016,0,24.85462415,0.00002819,-0.00002819,0,5.74,1.43,-1.16,0,687.094,14.115,-13.567
Kepler-517 b,Kepler-517,Transit,2016,0,60.92832271,0.00007053,-0.00007053,0,2.67,0.32,-0.22,0,289.907,2.07,-2.041
Kepler-518 b,Kepler-518,Transit,2016,0,8.512035877,0.000004498,-0.000004498,0,2.11,0.05,-0.05,0,337.901,2.922,-2.874
Kepler-519 b,Kepler-519,Transit,2016,0,24.3078946,0.00002446,-0.00002446,0,2.1,0.06,-0.04,0,246.61,1.454,-1.437
Kepler-52 b,Kepler-52,Transit,2012,0,7.8773565,0.000038,-0.000038,0,2.1,,,0,321.542,2.42,-2.383
Kepler-52 c,Kepler-52,Transit,2012,0,16.3850021,0.00014,-0.00014,0,1.84,,,0,321.542,2.42,-2.383
Kepler-52 d,Kepler-52,Transit,2014,0,36.445171,0.000253,-0.000253,0,1.95,0.21,-0.21,0,321.542,2.42,-2.383
Kepler-520 b,Kepler-520,Transit,2016,0,19.67416124,0.00005245,-0.00005245,0,1.66,0.28,-0.1,0,623.901,,
Kepler-520 c,Kepler-520,Transit,2016,0,5.21104261,0.00001231,-0.00001231,0,1.07,0.07,-0.05,0,623.901,,
Kepler-521 b,Kepler-521,Transit,2016,0,22.20813214,0.00004013,-0.00004013,0,3.18,0.31,-0.23,0,830.638,14.349,-13.879
Kepler-522 b,Kepler-522,Transit,2016,0,38.58422849,0.00004568,-0.00004568,0,6.91,1.5,-1.21,0,639.239,10.417,-10.093
Kepler-523 b,Kepler-523,Transit,2016,0,5.835983111,0.000004655,-0.000004655,0,1.96,0.08,-0.06,0,253.295,1.633,-1.613
Kepler-524 b,Kepler-524,Transit,2016,0,7.97419807,0.00002038,-0.00002038,0,1.91,0.14,-0.12,0,1058.24,14.93,-14.93
Kepler-524 c,Kepler-524,Transit,2016,0,1.88897906,0.0000107,-0.0000107,0,0.96,0.08,-0.07,0,1058.24,14.93,-14.93
Kepler-525 b,Kepler-525,Transit,2016,0,18.68404933,0.00005589,-0.00005589,0,2.63,0.38,-0.52,0,992.852,15.738,-15.263
Kepler-526 b,Kepler-526,Transit,2016,0,5.458498316,0.00000907,-0.00000907,0,1.99,0.16,-0.17,0,666.146,8.142,-7.952
Kepler-527 b,Kepler-527,Transit,2016,0,13.28535633,0.00002409,-0.00002409,0,2.84,1.35,-0.46,0,750.04,7.677,-7.526
Kepler-528 b,Kepler-528,Transit,2016,0,19.78297415,0.00006532,-0.00006532,0,2.08,0.29,-0.19,0,784.23,9.736,-9.736
Kepler-529 b,Kepler-529,Transit,2016,0,1.980357663,0.000002315,-0.000002315,0,1.86,0.25,-0.17,0,799.008,,
Kepler-529 c,Kepler-529,Transit,2016,0,12.8345022,0.00003659,-0.00003659,0,2,0.41,-0.21,0,799.008,,
Kepler-529 d,Kepler-529,Transit,2021,0,35.86619949,,,0,2.79502603,,,0,799.008,,
Kepler-53 b,Kepler-53,Transit,2012,0,18.6489525,0.00016,-0.00016,0,2.89,,,0,1366.07,65.81,-60.13
Kepler-53 c,Kepler-53,Transit,2012,0,38.5583038,0.00041,-0.00041,0,3.17,,,0,1366.07,65.81,-60.13
Kepler-53 d,Kepler-53,Transit,2014,0,9.751962,0.000077,-0.000077,0,2.12,1.05,-1.05,0,1366.07,65.81,-60.13
Kepler-530 b,Kepler-530,Transit,2016,0,39.30941904,0.00004834,-0.00004834,0,3.01,0.17,-0.1,0,457.709,3.087,-3.046
Kepler-531 b,Kepler-531,Transit,2016,0,29.88485741,0.00003246,-0.00003246,0,2.78,0.08,-0.19,0,252.762,0.822,-0.816
Kepler-532 b,Kepler-532,Transit,2016,0,12.92491623,0.0000123,-0.0000123,0,2.57,0.21,-0.14,0,312.798,1.951,-1.928
Kepler-533 b,Kepler-533,Transit,2016,0,28.51120525,0.00002321,-0.00002321,0,3.38,0.08,-0.32,0,302.955,1.4395,-1.4395
Kepler-534 b,Kepler-534,Transit,2016,0,15.95994513,0.00002216,-0.00002216,0,2.24,0.08,-0.07,0,570.659,11.599,-11.155
Kepler-534 c,Kepler-534,Transit,2021,0,7.378689766,,,0,1.227,,,0,570.659,11.599,-11.155
Kepler-535 b,Kepler-535,Transit,2016,0,4.903321551,0.000004545,-0.000004545,0,2.36,0.33,-0.21,0,685.599,5.968,-5.868
Kepler-536 b,Kepler-536,Transit,2016,0,1.827082299,0.000000444,-0.000000444,0,3.1,0.38,-0.22,0,462.322,15.184,-15.184
Kepler-537 b,Kepler-537,Transit,2016,0,3.247555219,0.00000526,-0.00000526,0,1.41,0.06,-0.04,0,439.4,2.398,-2.372
Kepler-538 b,Kepler-538,Transit,2016,0,81.73778,0.00013,-0.00013,0,2.215,0.04,-0.034,0,155.956,0.709,-0.703
Kepler-539 b,Kepler-539,Transit,2016,0,125.63243,0.00071,-0.00071,0,8.373123,0.190553,-0.190553,0,307.318,3.57,-3.489
Kepler-539 c,Kepler-539,Transit Timing Variations,2016,0,1000,,,-1,13.3,,,0,307.318,3.57,-3.489
Kepler-54 b,Kepler-54,Transit,2012,0,8.0109434,0.000069,-0.000069,0,2.1,,,0,271.701,2.9175,-2.9175
Kepler-54 c,Kepler-54,Transit,2012,0,12.0717249,0.00029,-0.00029,0,1.23,,,0,271.701,2.9175,-2.9175
Kepler-54 d,Kepler-54,Transit,2014,0,20.995694,0.000143,-0.000143,0,1.53,0.08,-0.08,0,271.701,2.9175,-2.9175
Kepler-540 b,Kepler-540,Transit,2016,0,172.7049784,0.0005356,-0.0005356,0,2.71,0.38,-0.26,0,390.374,3.992,-3.914
Kepler-541 b,Kepler-541,Transit,2016,0,5.08005848,0.00001338,-0.00001338,0,3.36,0.58,-0.56,0,1060.68,16.64,-16.14
Kepler-542 b,Kepler-542,Transit,2016,0,13.14497566,0.00003491,-0.00003491,0,1.57,0.1,-0.11,0,436.016,3.23,-3.184
Kepler-543 b,Kepler-543,Transit,2016,0,13.89961966,0.00001102,-0.00001102,0,2.5,0.12,-0.26,0,221.802,1.036,-1.027
Kepler-544 b,Kepler-544,Transit,2016,0,21.41616926,0.00008095,-0.00008095,0,2.12,0.19,-0.14,0,963.18,13.6765,-13.6765
Kepler-545 b,Kepler-545,Transit,2016,0,13.24934059,0.00002104,-0.00002104,0,2.69,0.3,-0.21,0,818.001,12.451,-12.09
Kepler-546 b,Kepler-546,Transit,2016,0,4.147020258,0.000000881,-0.000000881,0,7,1.93,-0.77,0,1019.65,17.84,-17.25
Kepler-547 b,Kepler-547,Transit,2016,0,6.010384289,0.000001568,-0.000001568,0,4,0.13,-0.31,0,378.972,3.978,-3.896
Kepler-548 b,Kepler-548,Transit,2016,0,4.454194338,0.000000383,-0.000000383,0,11.99,2.19,-1.1,0,751.776,13.0105,-13.0105
Kepler-549 b,Kepler-549,Transit,2016,0,42.9495649,0.0001543,-0.0001543,0,2.57,0.23,-0.17,0,635.145,7.022,-6.872
Kepler-549 c,Kepler-549,Transit,2016,0,117.040498,0.001777,-0.001777,0,2.93,0.25,-0.59,0,635.145,7.022,-6.872
Kepler-549 d,Kepler-549,Transit,2023,0,24.61480613,0.00003227,-0.00003227,0,4.2,0.45,-0.5,0,635.145,7.022,-6.872
Kepler-55 b,Kepler-55,Transit,2012,0,27.9481449,0.00024,-0.00024,0,2.43,,,0,578.796,9.604,-9.3
Kepler-55 c,Kepler-55,Transit,2012,0,42.1516418,0.00053,-0.00053,0,2.21,,,0,578.796,9.604,-9.3
Kepler-55 d,Kepler-55,Transit,2014,0,2.211099,0.000004,-0.000004,0,1.59,0.09,-0.09,0,578.796,9.604,-9.3
Kepler-55 e,Kepler-55,Transit,2014,0,4.617534,0.000021,-0.000021,0,1.55,0.23,-0.23,0,578.796,9.604,-9.3
Kepler-55 f,Kepler-55,Transit,2014,0,10.198545,0.000045,-0.000045,0,1.59,0.1,-0.1,0,578.796,9.604,-9.3
Kepler-550 b,Kepler-550,Transit,2016,0,8.600104109,0.00000425,-0.00000425,0,4.42,0.34,-0.27,0,531.944,4.874,-4.787
Kepler-551 b,Kepler-551,Transit,2016,0,12.3764661,0.00001298,-0.00001298,0,2.73,0.25,-0.15,0,311.175,2.107,-2.08
Kepler-552 b,Kepler-552,Transit,2016,0,5.263415765,0.000002896,-0.000002896,0,3.95,0.82,-0.57,0,843.689,11.8035,-11.8035
Kepler-553 b,Kepler-553,Transit,2016,0,4.030467,0.0000018,-0.0000018,0,4.74139884,0.17934369,-0.12329879,0,728.525,12.571,-12.571
Kepler-553 c,Kepler-553,Transit,2016,0,328.24017,0.00039,-0.0004,0,11.57887706,0.35868738,-0.28022452,0,728.525,12.571,-12.571
Kepler-554 b,Kepler-554,Transit,2016,0,1.902208556,0.00000041,-0.00000041,0,4.29,0.27,-0.21,0,690.525,8.712,-8.502
Kepler-555 b,Kepler-555,Transit,2016,0,16.21775407,0.0000289,-0.0000289,0,2.83,0.56,-0.29,0,973.121,18.276,-17.626
Kepler-556 b,Kepler-556,Transit,2016,0,11.72292176,0.00002381,-0.00002381,0,2.24,0.2,-0.12,0,674.598,9.132,-9.132
Kepler-557 b,Kepler-557,Transit,2016,0,3.705989551,0.000004867,-0.000004867,0,2.67,0.8,-0.38,0,2097.12,119.115,-119.115
Kepler-558 b,Kepler-558,Transit,2016,0,29.00790538,0.00008906,-0.00008906,0,2.37,0.17,-0.14,0,661.876,10.066,-9.773
Kepler-559 b,Kepler-559,Transit,2016,0,17.58752333,0.00002056,-0.00002056,0,3.61,0.64,-0.36,0,776.708,14.957,-14.411
Kepler-56 b,Kepler-56,Transit,2012,0,10.5016,0.0011,-0.001,0,6.51,0.29,-0.28,0,912.994,23.5465,-23.5465
Kepler-56 c,Kepler-56,Transit,2012,0,21.40239,0.00059,-0.00062,0,9.8,0.46,-0.46,0,912.994,23.5465,-23.5465
Kepler-56 d,Kepler-56,Radial Velocity,2016,0,1002,5,-5,0,12.8,,,0,912.994,23.5465,-23.5465
Kepler-560 b,Kepler-560,Transit,2016,0,18.47764449,0.00001517,-0.00001517,0,1.72,0.09,-0.09,0,109.308,0.413,-0.41
Kepler-561 b,Kepler-561,Transit,2016,0,58.3620495,0.00003229,-0.00003229,0,6.96,1.21,-0.61,0,621.378,9.335,-9.335
Kepler-561 c,Kepler-561,Transit,2016,0,5.350161983,0.000004435,-0.000004435,0,2.68,0.43,-0.25,0,621.378,9.335,-9.335
Kepler-562 b,Kepler-562,Transit,2016,0,18.00931444,0.000009898,-0.000009898,0,5.21,0.64,-0.4,0,992.769,22.951,-21.958
Kepler-563 b,Kepler-563,Transit,2016,0,22.18432708,0.000025,-0.000025,0,3.09,0.17,-0.2,0,565.207,7.512,-7.512
Kepler-564 b,Kepler-564,Transit,2016,0,3.750832285,0.000001219,-0.000001219,0,4.63,0.66,-0.36,0,863.037,14.8155,-14.8155
Kepler-565 b,Kepler-565,Transit,2016,0,4.243747226,0.000002931,-0.000002931,0,3.64,0.51,-0.27,0,1041,144.142,-81.931
Kepler-566 b,Kepler-566,Transit,2016,0,18.42794624,0.0000423,-0.0000423,0,2.15,0.13,-0.13,0,564.277,8.5675,-8.5675
Kepler-567 b,Kepler-567,Transit,2016,0,16.54297375,0.00004149,-0.00004149,0,2.25,0.15,-0.12,0,558.81,6.355,-6.216
Kepler-568 b,Kepler-568,Transit,2016,0,11.02347475,0.000007657,-0.000007657,0,2.26,0.08,-0.08,0,130.645,0.497,-0.494
Kepler-569 b,Kepler-569,Transit,2016,0,34.18890521,0.00006016,-0.00006016,0,3.16,0.22,-0.17,0,638.301,7.173,-7.017
Kepler-57 b,Kepler-57,Transit,2012,0,5.72,,,0,3.135,0.09,-0.088,0,644.14,8.6285,-8.6285
Kepler-57 c,Kepler-57,Transit,2012,0,11.6,,,0,2.196,0.067,-0.065,0,644.14,8.6285,-8.6285
Kepler-570 b,Kepler-570,Transit,2016,0,4.301662003,0.000003105,-0.000003105,0,2.45,0.34,-0.15,0,568.148,5.2825,-5.2825
Kepler-571 b,Kepler-571,Transit,2016,0,4.798599388,0.000005403,-0.000005403,0,2.64,0.32,-0.17,0,723.875,9.971,-9.708
Kepler-572 b,Kepler-572,Transit,2016,0,17.20523483,0.00002222,-0.00002222,0,2.58,0.18,-0.17,0,504.667,4.871,-4.871
Kepler-573 b,Kepler-573,Transit,2016,0,22.18329658,0.00004593,-0.00004593,0,2.79,0.36,-0.23,0,771.471,10.1285,-10.1285
Kepler-574 b,Kepler-574,Transit,2016,0,7.65880414,0.00001346,-0.00001346,0,2.39,0.33,-0.16,0,682.896,8.1815,-8.1815
Kepler-575 b,Kepler-575,Transit,2016,0,9.37891944,0.00002371,-0.00002371,0,2.39,0.52,-0.21,0,853.977,14.787,-14.301
Kepler-576 b,Kepler-576,Transit,2016,0,29.91136794,0.00009909,-0.00009909,0,3.27,0.84,-0.39,0,617.55,11.337,-10.943
Kepler-577 b,Kepler-577,Transit,2016,0,25.69578251,0.0000632,-0.0000632,0,2.55,0.38,-0.15,0,524.247,7.561,-7.352
Kepler-578 b,Kepler-578,Transit,2016,0,1.616883696,0.000001228,-0.000001228,0,2,0.18,-0.22,0,541.432,6.91,-6.741
Kepler-579 b,Kepler-579,Transit,2016,0,9.66857723,0.0000192,-0.0000192,0,2,0.35,-0.18,0,530.765,5.11,-5.014
Kepler-58 b,Kepler-58,Transit,2012,0,10.2184954,0.00015,-0.00015,0,2.78,,,0,969.252,24.478,-23.32
Kepler-58 c,Kepler-58,Transit,2012,0,15.5741568,0.00027,-0.00027,0,2.86,,,0,969.252,24.478,-23.32
Kepler-58 d,Kepler-58,Transit,2014,0,40.101371,0.000612,-0.000612,0,2.94,1.4,-1.4,0,969.252,24.478,-23.32
Kepler-58 e,Kepler-58,Transit,2023,0,4.45814897,0.00002897,-0.00002897,0,1.61,0.52,-0.22,0,969.252,24.478,-23.32
Kepler-580 b,Kepler-580,Transit,2016,0,8.222419656,0.000009789,-0.000009789,0,2.57,0.29,-0.13,0,323.899,2.575,-2.536
Kepler-581 b,Kepler-581,Transit,2016,0,40.6069821,0.0001744,-0.0001744,0,2.63,0.56,-0.29,0,703.758,13.732,-13.225
Kepler-582 b,Kepler-582,Transit,2016,0,18.49235668,0.00002487,-0.00002487,0,3.68,0.55,-0.34,0,613.179,9.115,-8.857
Kepler-583 b,Kepler-583,Transit,2016,0,6.5100253,0.00001381,-0.00001381,0,2.28,0.29,-0.15,0,867.271,13.354,-12.961
Kepler-584 b,Kepler-584,Transit,2016,0,35.1810304,0.00009392,-0.00009392,0,4.21,1.59,-0.56,0,1848.84,79.45,-73.28
Kepler-585 b,Kepler-585,Transit,2016,0,2.752359753,0.000001424,-0.000001424,0,2.83,0.55,-0.27,0,585.187,5.537,-5.537
Kepler-586 b,Kepler-586,Transit,2016,0,2.104722184,0.000000917,-0.000000917,0,2.79,0.36,-0.2,0,693.766,10.3935,-10.3935
Kepler-587 b,Kepler-587,Transit,2016,0,10.94027841,0.00002949,-0.00002949,0,2.23,0.64,-0.17,0,787.894,12.11,-11.755
Kepler-588 b,Kepler-588,Transit,2016,0,4.221625357,0.000004748,-0.000004748,0,2.63,0.5,-0.22,0,1209.4,28.12,-26.9
Kepler-589 b,Kepler-589,Transit,2016,0,16.54964934,0.00004571,-0.00004571,0,2.27,0.18,-0.12,0,612.803,7.885,-7.692
Kepler-589 c,Kepler-589,Transit,2021,0,3.52466011,,,0,1.11727238,,,0,612.803,7.885,-7.692
Kepler-59 b,Kepler-59,Transit,2012,0,11.8681707,0.00036,-0.00036,0,1.1,,,0,1163.22,22.14,-21.34
Kepler-59 c,Kepler-59,Transit,2012,0,17.9801235,0.0003,-0.0003,0,1.98,,,0,1163.22,22.14,-21.34
Kepler-590 b,Kepler-590,Transit,2016,0,5.85296257,0.000004736,-0.000004736,0,4.02,1.09,-0.5,0,1421.81,33.53,-33.53
Kepler-591 b,Kepler-591,Transit,2016,0,81.1694299,0.0003199,-0.0003199,0,3.39,0.55,-0.25,0,785.137,11.113,-11.113
Kepler-592 b,Kepler-592,Transit,2016,0,2.820192408,0.00000379,-0.00000379,0,2.39,0.58,-0.25,0,1153.13,25.44,-24.38
Kepler-593 b,Kepler-593,Transit,2016,0,21.21708973,0.00005927,-0.00005927,0,2.87,0.69,-0.29,0,973.76,16.541,-16.541
Kepler-594 b,Kepler-594,Transit,2016,0,13.64618192,0.00003489,-0.00003489,0,2.18,0.22,-0.15,0,769.2,13.469,-13.469
Kepler-595 b,Kepler-595,Transit,2016,0,25.3029092,0.000006,-0.000006,0,3.708,0.01,-0.01,0,643.009,7.6335,-7.6335
Kepler-595 c,Kepler-595,Transit,2020,0,12.38602,0.000005,-0.000005,0,1.009,0.024,-0.024,0,643.009,7.6335,-7.6335
Kepler-596 b,Kepler-596,Transit,2016,0,21.30022655,0.00004193,-0.00004193,0,3.46,1.63,-0.47,0,1023.85,23.59,-22.56
Kepler-597 b,Kepler-597,Transit,2016,0,13.02365861,0.00002728,-0.00002728,0,2.37,0.33,-0.13,0,663.418,9.072,-9.072
Kepler-598 b,Kepler-598,Transit,2016,0,3.70175428,0.000009712,-0.000009712,0,1.5,0.12,-0.09,0,681.086,10.813,-10.813
Kepler-598 c,Kepler-598,Transit,2020,0,86.4945,,,0,3.02420941,,,0,681.086,10.813,-10.813
Kepler-599 b,Kepler-599,Transit,2016,0,15.65562652,0.00003161,-0.00003161,0,2.84,0.15,-0.32,0,558.517,7.166,-6.99
Kepler-6 b,Kepler-6,Transit,2009,0,3.2346996,0.0000004,-0.0000004,0,14.616536,0.201762,-0.369897,0,587.039,5.071,-4.986
Kepler-60 b,Kepler-60,Transit,2012,0,7.1334,0.0001,-0.0001,0,1.71,0.13,-0.13,0,1025.1,19.97,-19.22
Kepler-60 c,Kepler-60,Transit,2012,0,8.9187,0.0002,-0.0002,0,1.9,0.15,-0.15,0,1025.1,19.97,-19.22
Kepler-60 d,Kepler-60,Transit,2012,0,11.8981,0.0002,-0.0002,0,1.99,0.16,-0.16,0,1025.1,19.97,-19.22
Kepler-600 b,Kepler-600,Transit,2016,0,23.67517607,0.00005668,-0.00005668,0,2.9,0.21,-0.39,0,619.723,7.671,-7.488
Kepler-601 b,Kepler-601,Transit,2016,0,5.378868441,0.000007268,-0.000007268,0,1.9,0.27,-0.18,0,414.825,2.4175,-2.4175
Kepler-602 b,Kepler-602,Transit,2016,0,15.28469497,0.00006919,-0.00006919,0,2.09,0.65,-0.32,0,1159.31,26.995,-26.995
Kepler-603 b,Kepler-603,Transit,2016,0,21.05358596,0.00008943,-0.00008943,0,2.65,0.59,-0.26,0,1539.63,96.82,-96.82
Kepler-603 c,Kepler-603,Transit,2016,0,127.9075774,0.0004999,-0.0004999,0,6.5,1.48,-0.62,0,1539.63,96.82,-96.82
Kepler-603 d,Kepler-603,Transit,2016,0,6.2171292,0.00004234,-0.00004234,0,1.32,0.25,-0.13,0,1539.63,96.82,-96.82
Kepler-604 b,Kepler-604,Transit,2016,0,25.85501786,0.00009434,-0.00009434,0,2.59,0.49,-0.27,0,1026.49,21.22,-20.4
Kepler-605 b,Kepler-605,Transit,2016,0,3.383538066,0.00000511,-0.00000511,0,1.44,0.17,-0.09,0,556.58,5.241,-5.241
Kepler-605 c,Kepler-605,Transit,2016,0,2.358951515,0.000008367,-0.000008367,0,0.86,0.11,-0.06,0,556.58,5.241,-5.241
Kepler-606 b,Kepler-606,Transit,2016,0,24.31575992,0.00007998,-0.00007998,0,3.31,1.27,-0.51,0,1215.11,39.75,-37.36
Kepler-607 b,Kepler-607,Transit,2016,0,0.638163204,0.000001678,-0.000001678,0,0.87,0.06,-0.07,0,519.122,5.407,-5.407
Kepler-607 c,Kepler-607,Transit,2021,0,39.67679977,,,0,2.76001201,,,0,519.122,5.407,-5.407
Kepler-608 b,Kepler-608,Transit,2016,0,6.412515037,0.000005416,-0.000005416,0,3.64,0.72,-0.44,0,946.683,17.4735,-17.4735
Kepler-609 b,Kepler-609,Transit,2016,0,6.521210666,0.000008641,-0.000008641,0,3.35,1.07,-0.44,0,1065.82,28.09,-26.7
Kepler-61 b,Kepler-61,Transit,2013,0,59.87756,0.0002,-0.0002,0,2.15,0.13,-0.13,0,335.079,5,-4.858
Kepler-610 b,Kepler-610,Transit,2016,0,6.996926554,0.000005586,-0.000005586,0,4.19,1.16,-0.45,0,845.824,16.77,-16.142
Kepler-610 c,Kepler-610,Transit,2016,0,151.86392,0.001118,-0.001118,0,3.3,0.84,-0.37,0,845.824,16.77,-16.142
Kepler-611 b,Kepler-611,Transit,2016,0,2.437033302,0.000005025,-0.000005025,0,1.65,0.51,-0.15,0,1395.56,39.44,-37.36
Kepler-612 b,Kepler-612,Transit,2016,0,3.722156413,0.000003763,-0.000003763,0,2.84,0.66,-0.27,0,1445.53,51.77,-48.37
Kepler-613 b,Kepler-613,Transit,2016,0,15.77979614,0.00004258,-0.00004258,0,2.29,0.4,-0.17,0,861.494,13.654,-13.242
Kepler-614 b,Kepler-614,Transit,2016,0,14.03491514,0.00002597,-0.00002597,0,2.39,0.2,-0.17,0,527.995,5.8805,-5.8805
Kepler-615 b,Kepler-615,Transit,2016,0,10.35584657,0.00001854,-0.00001854,0,1.74,0.09,-0.1,0,330,14.565,-19.994
Kepler-616 b,Kepler-616,Transit,2016,0,9.99761851,0.00002138,-0.00002138,0,2.43,0.33,-0.2,0,945.775,24.0505,-24.0505
Kepler-616 c,Kepler-616,Transit,2016,0,90.4113556,0.0004522,-0.0004522,0,3.41,0.57,-0.3,0,945.775,24.0505,-24.0505
Kepler-616 d,Kepler-616,Transit,2021,0,51.06740189,,,0,2.653,,,0,945.775,24.0505,-24.0505
Kepler-617 b,Kepler-617,Transit,2016,0,1.682696148,0.000001112,-0.000001112,0,1.32,0.07,-0.07,0,173.354,0.95,-0.95
Kepler-618 b,Kepler-618,Transit,2016,0,3.595769645,0.00000882,-0.00000882,0,2.6,0.78,-0.41,0,1221.96,32.13,-32.13
Kepler-619 b,Kepler-619,Transit,2016,0,5.404272197,0.00000555,-0.00000555,0,3.16,0.65,-0.31,0,900.678,16.3815,-16.3815
Kepler-619 c,Kepler-619,Transit,2016,0,1.208465026,0.000001674,-0.000001674,0,1.69,0.39,-0.17,0,900.678,16.3815,-16.3815
Kepler-619 d,Kepler-619,Transit,2023,0,11.67894236,0.00002452,-0.00002452,0,4.17,1.31,-0.44,0,900.678,16.3815,-16.3815
Kepler-62 b,Kepler-62,Transit,2013,0,5.714932,0.000009,-0.000009,0,1.31,0.04,-0.04,0,300.874,1.219,-1.219
Kepler-62 c,Kepler-62,Transit,2013,0,12.4417,0.0001,-0.0001,0,0.54,0.03,-0.03,0,300.874,1.219,-1.219
Kepler-62 d,Kepler-62,Transit,2013,0,18.16406,0.00002,-0.00002,0,1.95,0.07,-0.07,0,300.874,1.219,-1.219
Kepler-62 e,Kepler-62,Transit,2013,0,122.3874,0.0008,-0.0008,0,1.61,0.05,-0.05,0,300.874,1.219,-1.219
Kepler-62 f,Kepler-62,Transit,2013,0,267.291,0.005,-0.005,0,1.41,0.07,-0.07,0,300.874,1.219,-1.219
Kepler-620 b,Kepler-620,Transit,2016,0,12.91375431,0.00004951,-0.00004951,0,3.32,1.22,-0.7,0,1355.28,46.28,-46.28
Kepler-621 b,Kepler-621,Transit,2016,0,2.628113746,0.000001772,-0.000001772,0,2.3,0.07,-0.19,0,389,14.239,-15.58
Kepler-622 b,Kepler-622,Transit,2016,0,14.28226676,0.00002663,-0.00002663,0,2.13,0.28,-0.16,0,284.761,1.676,-1.656
Kepler-623 b,Kepler-623,Transit,2016,0,9.07097734,0.00001283,-0.00001283,0,3.01,0.34,-0.21,0,737.702,15.079,-14.497
Kepler-624 b,Kepler-624,Transit,2016,0,14.58649607,0.00002876,-0.00002876,0,2.31,0.33,-0.24,0,748.188,11.8425,-11.8425
Kepler-625 b,Kepler-625,Transit,2016,0,7.75192492,0.00001063,-0.00001063,0,1.99,0.06,-0.05,0,760.708,9.8,-9.559
Kepler-625 c,Kepler-625,Transit,2016,0,4.1653651,0.00001304,-0.00001304,0,1.05,0.05,-0.03,0,760.708,9.8,-9.559
Kepler-626 b,Kepler-626,Transit,2016,0,14.48585199,0.00002363,-0.00002363,0,2.29,0.28,-0.2,0,635.643,6.5075,-6.5075
Kepler-627 b,Kepler-627,Transit,2016,0,40.6994443,0.0001783,-0.0001783,0,3.73,1.6,-0.82,0,984.307,16.3345,-16.3345
Kepler-629 b,Kepler-629,Transit,2016,0,7.2385854,0.0000118,-0.0000118,0,1.38,0.06,-0.04,0,372.05,1.954,-1.933
Kepler-63 b,Kepler-63,Transit,2013,0,9.4341505,0.000001,-0.000001,0,6.11,0.2,-0.2,0,194.033,0.959,-0.949
Kepler-630 b,Kepler-630,Transit,2016,0,161.4743937,0.0009011,-0.0009011,0,3.18,0.34,-0.34,0,839.784,12.0185,-12.0185
Kepler-631 b,Kepler-631,Transit,2016,0,17.97979059,0.0000377,-0.0000377,0,2.9,0.32,-0.23,0,761.966,10.7895,-10.7895
Kepler-632 b,Kepler-632,Transit,2016,0,30.99660733,0.00004756,-0.00004756,0,2.21,0.33,-0.08,0,349,11.562,-10.796
Kepler-633 b,Kepler-633,Transit,2016,0,8.50340718,0.0000268,-0.0000268,0,1.63,0.31,-0.21,0,680.54,,
Kepler-633 c,Kepler-633,Transit,2021,0,23.78319931,,,0,2.296,,,0,680.54,,
Kepler-634 b,Kepler-634,Transit,2016,0,5.16950177,0.00001029,-0.00001029,0,1.89,0.3,-0.25,0,888.027,12.022,-12.022
Kepler-635 b,Kepler-635,Transit,2016,0,23.44971004,0.00007672,-0.00007672,0,2.64,0.36,-0.27,0,1141.08,23.9,-22.94
Kepler-636 b,Kepler-636,Transit,2016,0,16.08066115,0.000005603,-0.000005603,0,4.45,0.14,-0.13,0,310.301,,
Kepler-637 b,Kepler-637,Transit,2016,0,23.20584623,0.00005368,-0.00005368,0,4.75,0.51,-0.56,0,786.091,9.603,-9.378
Kepler-638 b,Kepler-638,Transit,2016,0,6.07972888,0.00001513,-0.00001513,0,1.83,0.56,-0.31,0,991.214,15.856,-15.376
Kepler-639 b,Kepler-639,Transit,2016,0,10.21420496,0.00002131,-0.00002131,0,2.38,0.55,-0.34,0,850.242,11.318,-11.029
Kepler-640 b,Kepler-640,Transit,2016,0,22.24813967,0.00003515,-0.00003515,0,2.56,0.08,-0.22,0,557.787,4.8095,-4.8095
Kepler-641 b,Kepler-641,Transit,2016,0,9.48961571,0.00002398,-0.00002398,0,1.85,0.31,-0.25,0,969.918,15.6765,-15.6765
Kepler-642 b,Kepler-642,Transit,2016,0,4.41745855,0.000006603,-0.000006603,0,2.9,1.3,-0.56,0,781.582,8.592,-8.411
Kepler-643 b,Kepler-643,Transit,2016,0,16.33889626,0.00001826,-0.00001826,0,10.16,0.35,-0.27,0,1063.58,17.525,-17.525
Kepler-644 b,Kepler-644,Transit,2016,0,3.173917103,0.000004229,-0.000004229,0,3.15,1.16,-0.61,0,1318.05,36.985,-36.985
Kepler-645 b,Kepler-645,Transit,2016,0,3.275822621,0.000004771,-0.000004771,0,2.1,0.63,-0.28,0,1173.57,21.235,-21.235
Kepler-646 b,Kepler-646,Transit,2016,0,15.87364565,0.000043,-0.000043,0,1.99,0.37,-0.19,0,451.794,3.1815,-3.1815
Kepler-647 b,Kepler-647,Transit,2016,0,16.2254649,0.0001556,-0.0001556,0,1.17,0.14,-0.11,0,1087.87,19.57,-19.57
Kepler-647 c,Kepler-647,Transit,2020,0,29.6663,,,0,4.00135002,,,0,1087.87,19.57,-19.57
Kepler-648 b,Kepler-648,Transit,2016,0,17.4211749,0.00002066,-0.00002066,0,3.22,0.12,-0.24,0,636.03,7.848,-7.848
Kepler-649 b,Kepler-649,Transit,2016,0,29.90722674,0.00005373,-0.00005373,0,2.26,0.14,-0.12,0,513.748,4.503,-4.427
Kepler-65 b,Kepler-65,Transit,2012,0,2.15491,0.000005,-0.000005,0,1.42,0.03,-0.03,0,303.728,2.708,-2.661
Kepler-65 c,Kepler-65,Transit,2012,0,5.859944,0.000003,-0.000003,0,2.58,0.06,-0.06,0,303.728,2.708,-2.661
Kepler-65 d,Kepler-65,Transit,2012,0,8.13123,0.00002,-0.00002,0,1.52,0.04,-0.04,0,303.728,2.708,-2.661
Kepler-65 e,Kepler-65,Radial Velocity,2019,0,258.8,1.5,-1.3,0,13.9,,,0,303.728,2.708,-2.661
Kepler-650 b,Kepler-650,Transit,2016,0,3.032145588,0.000003306,-0.000003306,0,2.96,0.51,-0.45,0,884.378,,
Kepler-651 b,Kepler-651,Transit,2016,0,21.38521506,0.0000388,-0.0000388,0,2.37,0.22,-0.14,0,509.408,3.5355,-3.5355
Kepler-652 b,Kepler-652,Transit,2016,0,4.182002531,0.000001716,-0.000001716,0,2.49,0.06,-0.05,0,394.55,2.154,-2.131
Kepler-653 b,Kepler-653,Transit,2016,0,14.70748976,0.00003759,-0.00003759,0,1.95,0.29,-0.26,0,595.634,4.566,-4.497
Kepler-653 c,Kepler-653,Transit,2016,0,0.900376476,0.000003633,-0.000003633,0,0.78,0.13,-0.12,0,595.634,4.566,-4.497
Kepler-654 b,Kepler-654,Transit,2016,0,13.72465129,0.00005006,-0.00005006,0,2.07,0.37,-0.26,0,974.124,15.821,-15.331
Kepler-655 b,Kepler-655,Transit,2016,0,46.4063358,0.0001651,-0.0001651,0,2.71,0.41,-0.27,0,752.562,9.1025,-9.1025
Kepler-656 b,Kepler-656,Transit,2016,0,1.260259094,0.000000661,-0.000000661,0,3.12,0.21,-0.34,0,890.352,20.856,-20.856
Kepler-656 c,Kepler-656,Transit,2023,0,5.25449393,0.00005613,-0.00005613,0,1.41,0.38,-0.11,0,890.352,20.856,-20.856
Kepler-657 b,Kepler-657,Transit,2016,0,24.54350418,0.00006435,-0.00006435,0,3.52,0.69,-0.32,0,1691.88,79.05,-72.41
Kepler-658 b,Kepler-658,Transit,2016,0,1.287076762,0.000001193,-0.000001193,0,1.63,0.06,-0.06,0,388.384,5.092,-4.965
Kepler-659 b,Kepler-659,Transit,2016,0,17.671796,0.00005558,-0.00005558,0,2.5,0.33,-0.23,0,722.64,15.132,-14.535
Kepler-66 b,Kepler-66,Transit,2013,0,17.815815,0.000075,-0.000075,0,2.8,0.16,-0.16,0,1202.96,37.295,-37.295
Kepler-660 b,Kepler-660,Transit,2016,0,9.27358194,0.00001178,-0.00001178,0,2.57,0.11,-0.17,0,568.431,9.063,-8.788
Kepler-661 b,Kepler-661,Transit,2016,0,6.029301321,0.000005362,-0.000005362,0,3.07,0.12,-0.21,0,534.788,10.055,-9.697
Kepler-662 b,Kepler-662,Transit,2016,0,21.67697486,0.00006711,-0.00006711,0,2.18,0.11,-0.12,0,815.637,21.6475,-21.6475
Kepler-663 b,Kepler-663,Transit,2016,0,4.99678284,0.00001448,-0.00001448,0,2.6,0.2,-0.16,0,1063.09,35.35,-33.18
Kepler-664 b,Kepler-664,Transit,2016,0,2.525593315,0.000003665,-0.000003665,0,2.66,0.68,-0.25,0,1210.12,43.1,-40.28
Kepler-665 b,Kepler-665,Transit,2016,0,16.01310205,0.00004308,-0.00004308,0,2.6,0.15,-0.15,0,612.838,12.066,-11.616
Kepler-666 b,Kepler-666,Transit,2016,0,4.49876092,0.00001769,-0.00001769,0,2.4,0.58,-0.28,0,1508.71,59.33,-55.07
Kepler-667 b,Kepler-667,Transit,2016,0,41.43962808,0.00008183,-0.00008183,0,4.73,0.39,-0.28,0,2302.45,154.27,-136.4
Kepler-668 b,Kepler-668,Transit,2016,0,8.35390639,0.00001695,-0.00001695,0,2.7,0.23,-0.18,0,784.618,17.068,-16.369
Kepler-669 b,Kepler-669,Transit,2016,0,4.125546869,0.000003102,-0.000003102,0,4.83,1.28,-0.55,0,2063.41,147.43,-129.4
Kepler-67 b,Kepler-67,Transit,2013,0,15.7259,0.00011,-0.00011,0,2.94,0.16,-0.16,0,1131.19,70.63,-62.92
Kepler-670 b,Kepler-670,Transit,2016,0,2.816504852,0.000000152,-0.000000152,0,13.18,2.94,-1.21,0,939.744,18.25,-17.58
Kepler-671 b,Kepler-671,Transit,2016,0,4.280958588,0.000006484,-0.000006484,0,2.69,0.49,-0.2,0,1168.26,43.81,-40.8
Kepler-672 b,Kepler-672,Transit,2016,0,38.3774623,0.0001555,-0.0001555,0,2.5,0.32,-0.18,0,1033.93,21.795,-21.795
Kepler-673 b,Kepler-673,Transit,2016,0,3.728731093,0.000000934,-0.000000934,0,6.54,0.53,-0.48,0,918.21,22.254,-21.242
Kepler-674 b,Kepler-674,Transit,2016,0,2.243381847,0.000002722,-0.000002722,0,1.69,0.1,-0.07,0,342.254,3.293,-3.232
Kepler-675 b,Kepler-675,Transit,2016,0,2.33743801,0.000002071,-0.000002071,0,2.44,0.24,-0.16,0,665.68,13.6185,-13.6185
Kepler-676 b,Kepler-676,Transit,2016,0,11.59822172,0.00001399,-0.00001399,0,3.04,0.14,-0.34,0,295.196,2.8065,-2.8065
Kepler-677 b,Kepler-677,Transit,2016,0,6.57531678,0.000003686,-0.000003686,0,5.38,1.17,-0.42,0,1954.08,109.21,-98.45
Kepler-678 b,Kepler-678,Transit,2016,0,7.27503724,0.000004275,-0.000004275,0,5.14,0.66,-0.35,0,1826.15,85.25,-78.1
Kepler-679 b,Kepler-679,Transit,2016,0,12.39358604,0.00003829,-0.00003829,0,3.01,0.32,-0.39,0,922.244,25.397,-24.094
Kepler-68 b,Kepler-68,Transit,2013,0,5.39875259,0.00000052,-0.00000052,0,2.357,0.023,-0.023,0,144.166,0.436,-0.434
Kepler-68 c,Kepler-68,Transit,2013,0,9.605027,0.000013,-0.000013,0,0.979,0.019,-0.019,0,144.166,0.436,-0.434
Kepler-68 d,Kepler-68,Radial Velocity,2013,0,632.62,1.03,-1.03,0,13.9,,,0,144.166,0.436,-0.434
Kepler-68 e,Kepler-68,Radial Velocity,2023,0,3455,348,-169,0,11.2,,,0,144.166,0.436,-0.434
Kepler-680 b,Kepler-680,Transit,2016,0,3.689926291,0.000009425,-0.000009425,0,2.42,0.82,-0.25,0,1492.48,54.79,-51.12
Kepler-681 b,Kepler-681,Transit,2016,0,26.39435646,0.00006078,-0.00006078,0,3.08,0.16,-0.16,0,686.923,11.227,-10.878
Kepler-682 b,Kepler-682,Transit,2016,0,12.61190667,0.000006463,-0.000006463,0,7.37,0.77,-0.5,0,1979.25,104.85,-95
Kepler-683 b,Kepler-683,Transit,2016,0,2.539183179,0.000005109,-0.000005109,0,1.97,0.34,-0.17,0,1023.07,30.1905,-30.1905
Kepler-684 b,Kepler-684,Transit,2016,0,6.770302008,0.00000886,-0.00000886,0,3.36,0.3,-0.3,0,1731.27,89.345,-89.345
Kepler-685 b,Kepler-685,Transit,2016,0,1.6255222,0.000000155,-0.000000155,0,10.58,3.06,-1.19,0,938.715,30.934,-30.934
Kepler-686 b,Kepler-686,Transit,2016,0,1.594745463,0.000000113,-0.000000113,0,12.15,1.97,-1.01,0,1490.94,67.81,-62.26
Kepler-687 b,Kepler-687,Transit,2016,0,20.50586978,0.00002828,-0.00002828,0,3.52,0.16,-0.2,0,633.66,11.676,-11.267
Kepler-688 b,Kepler-688,Transit,2016,0,3.895936844,0.000000801,-0.000000801,0,9.76,1.76,-0.97,0,1357.75,61.62,-56.58
Kepler-689 b,Kepler-689,Transit,2016,0,22.36656079,0.00009811,-0.00009811,0,2.89,0.35,-0.23,0,1131.73,50.56,-46.47
Kepler-69 b,Kepler-69,Transit,2013,0,13.722341,0.000035,-0.000036,0,2.24,0.44,-0.29,0,730.625,7.6555,-7.6555
Kepler-69 c,Kepler-69,Transit,2013,0,242.4613,0.0059,-0.0064,0,1.71,0.34,-0.23,0,730.625,7.6555,-7.6555
Kepler-690 b,Kepler-690,Transit,2016,0,7.748094374,0.000007634,-0.000007634,0,5.95,1.83,-0.75,0,1665.31,116.04,-102.07
Kepler-691 b,Kepler-691,Transit,2016,0,8.114379,0.00001125,-0.00001125,0,2.09,0.09,-0.09,0,279.115,3.434,-3.353
Kepler-692 b,Kepler-692,Transit,2016,0,21.81293494,0.0000714,-0.0000714,0,3.11,0.37,-0.23,0,991.336,34.354,-32.163
Kepler-693 b,Kepler-693,Transit,2016,0,15.37563332,0.00001072,-0.00001072,0,10.18,0.5,-0.77,0,1151.51,57.13,-52.06
Kepler-694 b,Kepler-694,Transit,2016,0,6.365841612,0.0000081,-0.0000081,0,2.8,0.52,-0.22,0,1023.06,30.36,-28.68
Kepler-695 b,Kepler-695,Transit,2016,0,3.040330424,0.000000298,-0.000000298,0,9.21,0.71,-0.56,0,842.947,21.529,-20.501
Kepler-696 b,Kepler-696,Transit,2016,0,4.190425575,0.000001604,-0.000001604,0,6.14,1.63,-0.7,0,1416.44,55.635,-55.635
Kepler-697 b,Kepler-697,Transit,2016,0,3.709870645,0.000003048,-0.000003048,0,4.13,0.55,-0.31,0,1277.33,49.55,-46.03
Kepler-698 b,Kepler-698,Transit,2016,0,16.32976218,0.00003512,-0.00003512,0,3.68,0.45,-0.45,0,1995.57,107,-96.84
Kepler-7 b,Kepler-7,Transit,2009,0,4.8854892,0.0000009,-0.0000009,0,18.180998,0.145717,-0.145717,0,922.562,20.605,-19.739
Kepler-700 b,Kepler-700,Transit,2016,0,80.8720639,0.0001727,-0.0001727,0,5.99,0.91,-0.5,0,1491.76,60.51,-56.05
Kepler-701 b,Kepler-701,Transit,2016,0,10.35533177,0.00002064,-0.00002064,0,2.84,0.22,-0.45,0,774.152,13.379,-12.941
Kepler-702 b,Kepler-702,Transit,2016,0,10.52629406,0.000001898,-0.000001898,0,9.17,0.84,-0.58,0,992.071,29.1865,-29.1865
Kepler-703 b,Kepler-703,Transit,2016,0,4.583521756,0.000001733,-0.000001733,0,8.2,3.71,-1.39,0,1156.83,48.89,-45.14
Kepler-704 b,Kepler-704,Transit,2016,0,3.76182115,0.00001161,-0.00001161,0,2.61,0.6,-0.43,0,1228.83,45.68,-42.57
Kepler-705 b,Kepler-705,Transit,2016,0,56.0560538,0.0002486,-0.0002486,0,2.11,0.1,-0.08,0,276.881,3.858,-3.755
Kepler-707 b,Kepler-707,Transit,2016,0,2.237492751,0.00000468,-0.00000468,0,1.33,0.09,-0.1,0,591.776,7.052,-6.892
Kepler-708 b,Kepler-708,Transit,2016,0,3.167891938,0.000003841,-0.000003841,0,2.93,0.64,-0.28,0,1394.22,58.435,-58.435
Kepler-709 b,Kepler-709,Transit,2016,0,16.08524954,0.00002644,-0.00002644,0,2.92,0.18,-0.19,0,664.843,11.739,-11.739
Kepler-710 b,Kepler-710,Transit,2016,0,4.347285527,0.000008339,-0.000008339,0,1.88,0.24,-0.15,0,1448.34,43.61,-43.61
Kepler-711 b,Kepler-711,Transit,2016,0,23.58914398,0.00006647,-0.00006647,0,3.41,0.34,-0.63,0,624.575,11.327,-10.937
Kepler-712 b,Kepler-712,Transit,2016,0,21.02247699,0.00004431,-0.00004431,0,3.41,0.14,-0.11,0,872.493,32.541,-32.541
Kepler-712 c,Kepler-712,Transit,2016,0,226.89047,0.001096,-0.001096,0,4.85,0.26,-0.41,0,872.493,32.541,-32.541
Kepler-713 b,Kepler-713,Transit,2016,0,7.411141,0.00001344,-0.00001344,0,2.48,0.5,-0.29,0,1089.87,32.81,-30.98
Kepler-714 b,Kepler-714,Transit,2016,0,8.098887986,0.000002194,-0.000002194,0,9.67,2.49,-1.01,0,2083.37,98.44,-90.11
Kepler-715 b,Kepler-715,Transit,2016,0,10.00652995,0.00001932,-0.00001932,0,3.75,0.83,-0.5,0,1327.44,48.96,-45.66
Kepler-716 b,Kepler-716,Transit,2016,0,10.37168453,0.00001449,-0.00001449,0,2.9,0.35,-0.17,0,635.009,8.895001,-8.657
Kepler-716 c,Kepler-716,Transit,2020,0,3.96999,,,0,1.39281536,,,0,635.009,8.895001,-8.657
Kepler-717 b,Kepler-717,Transit,2016,0,4.40840023,0.00001493,-0.00001493,0,2.42,0.25,-0.35,0,2805.48,310.635,-310.635
Kepler-718 b,Kepler-718,Transit,2016,0,2.052349905,0.00000015,-0.00000015,0,16.56,6.97,-3.12,0,1302.33,48.46,-45.16
Kepler-719 b,Kepler-719,Transit,2016,0,5.007317779,0.000001253,-0.000001253,0,8.52,1.83,-0.9,0,2497.51,269.1,-222.42
Kepler-720 b,Kepler-720,Transit,2016,0,4.708326542,0.000000734,-0.000000734,0,8.41,1.61,-0.8,0,1065.37,37.63,-35.18
Kepler-721 b,Kepler-721,Transit,2016,0,5.392025388,0.000006768,-0.000006768,0,2.64,0.14,-0.14,0,926.598,35.076,-32.65
Kepler-722 b,Kepler-722,Transit,2016,0,4.093573252,0.000008099,-0.000008099,0,2.63,0.71,-0.29,0,1239.5,47.37,-44.07
Kepler-722 c,Kepler-722,Transit,2016,0,105.144749,0.001675,-0.001675,0,2.82,0.56,-0.33,0,1239.5,47.37,-44.07
Kepler-723 b,Kepler-723,Transit,2016,0,4.082275068,0.00000023,-0.00000023,0,12.19,1.58,-0.79,0,1071.8,,
Kepler-724 b,Kepler-724,Transit,2016,0,3.314946338,0.000001715,-0.000001715,0,3.29,0.4,-0.23,0,853.119,20.172,-20.172
Kepler-725 b,Kepler-725,Transit,2016,0,39.64372,0.000125,-0.000146,0,10.8,0.6,-0.6,0,758.469,13.877,-13.396
Kepler-725 c,Kepler-725,Transit Timing Variations,2025,0,207.541,0.348,-0.248,0,3.08,,,0,758.469,13.877,-13.396
Kepler-726 b,Kepler-726,Transit,2016,0,21.80451088,0.00004512,-0.00004512,0,3.26,0.32,-0.35,0,762.081,14.252,-13.748
Kepler-727 b,Kepler-727,Transit,2016,0,5.154484417,0.000008583,-0.000008583,0,2.53,0.35,-0.31,0,831.842,20.073,-20.073
Kepler-728 b,Kepler-728,Transit,2016,0,5.743477265,0.000007173,-0.000007173,0,3.34,0.45,-0.26,0,1765.23,92.88,-84.2
Kepler-729 b,Kepler-729,Transit,2016,0,3.166353714,0.00000242,-0.00000242,0,3.58,0.42,-0.25,0,1921.15,108.94,-98.07
Kepler-730 b,Kepler-730,Transit,2016,0,6.491682808,,,0,12.3299,0.526823,-0.56045,0,1935.04,122.21,-108.79
Kepler-730 c,Kepler-730,Transit,2018,0,2.85188338,,,0,1.56926,0.134508,-0.134508,0,1935.04,122.21,-108.79
Kepler-731 b,Kepler-731,Transit,2016,0,3.855603551,0.000000292,-0.000000292,0,13.88,3.18,-1.52,0,1257.16,50.52,-46.82
Kepler-732 b,Kepler-732,Transit,2016,0,9.467814048,0.000006179,-0.000006179,0,2.18,0.12,-0.16,0,174.826,0.859,-0.85
Kepler-732 c,Kepler-732,Transit,2016,0,0.893041236,0.000000461,-0.000000461,0,1.27,0.07,-0.1,0,174.826,0.859,-0.85
Kepler-733 b,Kepler-733,Transit,2016,0,20.83424726,0.00005682,-0.00005682,0,2.82,0.46,-0.19,0,916.706,21.4755,-21.4755
Kepler-734 b,Kepler-734,Transit,2016,0,6.104852856,0.000002894,-0.000002894,0,3.56,0.14,-0.13,0,1157.21,26.01,-24.92
Kepler-735 b,Kepler-735,Transit,2016,0,11.51516988,0.00001516,-0.00001516,0,2.95,0.16,-0.12,0,695.059,14.459,-13.892
Kepler-736 b,Kepler-736,Transit,2016,0,3.60147201,0.000005435,-0.000005435,0,2.93,0.17,-0.53,0,1005.43,33.9,-31.786
Kepler-737 b,Kepler-737,Transit,2016,0,28.59915399,0.00005673,-0.00005673,0,1.96,0.11,-0.11,0,205.118,1.1585,-1.1585
Kepler-738 b,Kepler-738,Transit,2016,0,24.58721573,0.00008802,-0.00008802,0,2.5,0.2,-0.17,0,1113.65,37.505,-37.505
Kepler-739 b,Kepler-739,Transit,2016,0,12.53248465,0.00002295,-0.00002295,0,3.32,0.49,-0.29,0,1370.65,51.11,-47.63
Kepler-74 b,Kepler-74,Transit,2013,0,7.340711,0.000006,-0.000006,0,10.76,0.22,-0.22,0,1177.55,28.485,-28.485
Kepler-740 b,Kepler-740,Transit,2016,0,3.584101216,0.000001985,-0.000001985,0,4.57,0.53,-0.27,0,1442.02,66.935,-66.935
Kepler-741 b,Kepler-741,Transit,2016,0,7.03902374,0.00001488,-0.00001488,0,2.97,1.01,-0.35,0,1661.87,77.76,-71.24
Kepler-742 b,Kepler-742,Transit,2016,0,8.360868238,0.000006306,-0.000006306,0,3.24,0.11,-0.17,0,489.253,6.325,-6.168
Kepler-743 b,Kepler-743,Transit,2016,0,3.179262921,0.000002517,-0.000002517,0,1.21,0.03,-0.05,0,278.987,2.087,-2.056
Kepler-744 b,Kepler-744,Transit,2016,0,12.06222443,0.00002649,-0.00002649,0,1.62,0.12,-0.09,0,449.964,4.768,-4.768
Kepler-745 b,Kepler-745,Transit,2016,0,9.93143556,0.00005945,-0.00005945,0,2.16,0.58,-0.22,0,1780.38,77.445,-77.445
Kepler-746 b,Kepler-746,Transit,2016,0,3.48159251,0.00001115,-0.00001115,0,1.11,0.13,-0.09,0,450,50.636,-34.816
Kepler-747 b,Kepler-747,Transit,2016,1,35.61760587,0.00005345,-0.00005345,0,5.27,0.29,-0.28,0,3347.16,430.74,-346.35
Kepler-748 b,Kepler-748,Transit,2016,0,7.40742793,0.00003434,-0.00003434,0,2.52,0.65,-0.29,0,1705.99,78.585,-78.585
Kepler-749 b,Kepler-749,Transit,2016,0,17.31716585,0.00004602,-0.00004602,0,3.1,0.23,-0.26,0,721.027,23.3115,-23.3115
Kepler-75 b,Kepler-75,Transit,2013,0,8.8849116,0.0000034,-0.0000034,0,11.77,0.34,-0.34,0,835.356,18.761,-17.968
Kepler-750 b,Kepler-750,Transit,2016,0,9.42887179,0.00002438,-0.00002438,0,3.07,1.06,-0.4,0,1296.02,33.645,-33.645
Kepler-750 c,Kepler-750,Transit,2016,0,4.08899022,0.00001934,-0.00001934,0,1.62,0.65,-0.22,0,1296.02,33.645,-33.645
Kepler-751 b,Kepler-751,Transit,2016,0,17.44490636,0.000042,-0.000042,0,2.46,0.23,-0.18,0,760.43,13.98,-13.493
Kepler-752 b,Kepler-752,Transit,2016,0,18.82747265,0.00008811,-0.00008811,0,2.81,0.26,-0.21,0,1232.29,49.91,-46.24
Kepler-753 b,Kepler-753,Transit,2016,0,5.747725012,0.000008377,-0.000008377,0,1.91,0.25,-0.09,0,274.767,1.753,-1.731
Kepler-754 b,Kepler-754,Transit,2016,0,14.5596237,0.0002013,-0.0002013,0,2.01,0.48,-0.26,0,1770.27,84.735,-84.735
Kepler-755 b,Kepler-755,Transit,2016,0,1.269090374,0.000001005,-0.000001005,0,1.76,0.06,-0.31,0,399.034,2.6725,-2.6725
Kepler-755 c,Kepler-755,Transit,2016,0,2.853133644,0.000004124,-0.000004124,0,1.26,0.05,-0.05,0,399.034,2.6725,-2.6725
Kepler-756 b,Kepler-756,Transit,2016,0,1.224866322,0.000003839,-0.000003839,0,1.12,0.09,-0.1,0,852,65.643,-74.993
Kepler-757 b,Kepler-757,Transit,2016,0,1.022678821,0.000002438,-0.000002438,0,1.36,0.46,-0.22,0,1068.68,36.7,-34.39
Kepler-758 b,Kepler-758,Transit,2016,0,12.1097104,0.00007142,-0.00007142,0,2.48,0.55,-0.4,0,1502.32,44.98,-42.48
Kepler-758 c,Kepler-758,Transit,2016,0,4.75793986,0.00003846,-0.00003846,0,1.69,0.37,-0.29,0,1502.32,44.98,-42.48
Kepler-758 d,Kepler-758,Transit,2016,0,20.4966197,0.0002282,-0.0002282,0,2.12,0.47,-0.33,0,1502.32,44.98,-42.48
Kepler-758 e,Kepler-758,Transit,2016,0,8.1934719,0.0001036,-0.0001036,0,1.53,0.32,-0.25,0,1502.32,44.98,-42.48
Kepler-759 b,Kepler-759,Transit,2016,0,41.805985,0.0002082,-0.0002082,0,2.27,0.49,-0.24,0,1073.48,,
Kepler-76 b,Kepler-76,Orbital Brightness Modulation,2013,0,1.5449298,0.0000004,-0.0000004,0,15.24424,1.34508,-1.34508,0,822.96,10.435,-10.182
Kepler-760 b,Kepler-760,Transit,2016,0,8.70419416,0.00001277,-0.00001277,0,3.06,0.26,-0.24,0,792.336,16.454,-15.81
Kepler-760 c,Kepler-760,Transit,2016,0,2.46697439,0.00000658,-0.00000658,0,1.48,0.12,-0.09,0,792.336,16.454,-15.81
Kepler-761 b,Kepler-761,Transit,2016,0,10.12804789,0.00002905,-0.00002905,0,2.03,0.25,-0.17,0,830.707,12.6345,-12.6345
Kepler-762 b,Kepler-762,Transit,2016,0,3.770552098,0.000000942,-0.000000942,0,12.68,2.64,-1.26,0,1898.26,118.01,-105.22
Kepler-763 b,Kepler-763,Transit,2016,0,1.19655156,0.000003563,-0.000003563,0,1.22,0.09,-0.08,0,962.459,30.184,-28.432
Kepler-763 c,Kepler-763,Transit,2023,0,4.09667624,0.00001956,-0.00001956,0,1.42,0.07,-0.1,0,962.459,30.184,-28.432
Kepler-763 d,Kepler-763,Transit,2023,0,6.50327035,0.00003134,-0.00003134,0,1.67,0.08,-0.12,0,962.459,30.184,-28.432
Kepler-764 b,Kepler-764,Transit,2016,0,7.33683936,0.00003735,-0.00003735,0,1.64,0.2,-0.13,0,1047.84,27.81,-26.44
Kepler-765 b,Kepler-765,Transit,2016,0,27.6655226,0.0001297,-0.0001297,0,2.43,0.53,-0.22,0,1076.28,18.01,-17.44
Kepler-766 b,Kepler-766,Transit,2016,0,6.10027804,0.0000164,-0.0000164,0,3.39,0.93,-0.4,0,2297.62,268.86,-218.85
Kepler-767 b,Kepler-767,Transit,2016,0,161.5280101,0.0003086,-0.0003086,0,6.64,0.86,-0.55,0,2251.03,158.51,-139.3
Kepler-768 b,Kepler-768,Transit,2016,0,11.3910025,0.00007499,-0.00007499,0,1.79,0.2,-0.13,0,784.56,19.731,-18.802
Kepler-769 b,Kepler-769,Transit,2016,0,7.42608998,0.00001952,-0.00001952,0,2.92,1.3,-0.46,0,1169.57,33.3,-31.54
Kepler-769 c,Kepler-769,Transit,2016,0,15.9870174,0.0001999,-0.0001999,0,1.79,0.76,-0.27,0,1169.57,33.3,-31.54
Kepler-77 b,Kepler-77,Transit,2013,0,3.57878087,0.00000023,-0.00000023,0,10.761,0.179,-0.179,0,639.411,7.055,-7.055
Kepler-770 b,Kepler-770,Transit,2016,0,18.92540274,0.00005291,-0.00005291,0,2.3,0.32,-0.17,0,930.457,19.353,-18.594
Kepler-770 c,Kepler-770,Transit,2016,0,1.475322314,0.000004187,-0.000004187,0,1.2,0.19,-0.1,0,930.457,19.353,-18.594
Kepler-770 d,Kepler-770,Transit,2016,0,4.15244722,0.00001685,-0.00001685,0,1.4,0.19,-0.11,0,930.457,19.353,-18.594
Kepler-771 b,Kepler-771,Transit,2016,0,8.73485836,0.00004732,-0.00004732,0,1.82,0.31,-0.21,0,1393.85,46,-43.19
Kepler-772 b,Kepler-772,Transit,2016,0,12.99207337,0.00005428,-0.00005428,0,1.82,0.37,-0.24,0,1130.21,24.22,-24.22
Kepler-773 b,Kepler-773,Transit,2016,0,3.749100061,0.000007141,-0.000007141,0,1.43,0.09,-0.07,0,547.026,4.308,-4.242
Kepler-774 b,Kepler-774,Transit,2016,0,11.0895723,0.00004373,-0.00004373,0,3.17,0.46,-0.54,0,917.804,18.846,-18.115
Kepler-775 b,Kepler-775,Transit,2016,0,0.974868926,0.0000008,-0.0000008,0,1.19,0.04,-0.04,0,398.676,2.143,-2.12
Kepler-776 b,Kepler-776,Transit,2016,0,4.89718784,0.00001969,-0.00001969,0,1.28,0.11,-0.07,0,727.904,14.068,-13.553
Kepler-777 b,Kepler-777,Transit,2016,0,5.72812599,0.00002019,-0.00002019,0,1.47,0.08,-0.08,0,443.106,7.012,-6.801
Kepler-778 b,Kepler-778,Transit,2016,0,3.75574426,0.00001083,-0.00001083,0,1.68,0.1,-0.13,0,938.168,27.828,-26.296
Kepler-779 b,Kepler-779,Transit,2016,0,7.09714223,0.00002921,-0.00002921,0,0.92,0.07,-0.07,0,283.155,2.6135,-2.6135
Kepler-78 b,Kepler-78,Transit,2013,0,0.35500745,0.00000008,-0.00000008,0,1.201,0.028,-0.028,0,124.376,0.33,-0.329
Kepler-780 b,Kepler-780,Transit,2016,0,0.677375164,0.000001246,-0.000001246,0,0.89,0.09,-0.06,0,557.652,,
Kepler-781 b,Kepler-781,Transit,2016,0,13.2140732,0.00003577,-0.00003577,0,2.89,0.49,-0.24,0,1064.47,40.52,-37.7
Kepler-782 b,Kepler-782,Transit,2016,0,158.6853308,0.0004373,-0.0004373,0,3.21,0.47,-0.3,0,446.844,5.816,-5.671
Kepler-783 b,Kepler-783,Transit,2016,0,4.29264638,0.00003429,-0.00003429,0,0.78,0.04,-0.08,0,516.09,4.699,-4.699
Kepler-783 c,Kepler-783,Transit,2020,0,7.05395,,,0,2.33153725,,,0,516.09,4.699,-4.699
Kepler-784 b,Kepler-784,Transit,2016,0,31.5922646,0.0006809,-0.0006809,0,1.58,0.34,-0.32,0,1303.72,21.12,-20.47
Kepler-784 c,Kepler-784,Transit,2023,0,17.157236,0.0001862,-0.0001862,0,1.55,0.24,-0.36,0,1303.72,21.12,-20.47
Kepler-785 b,Kepler-785,Transit,2016,0,1.973760926,0.000000097,-0.000000097,0,13.02,0.44,-0.53,0,642.051,16.232,-16.232
Kepler-786 b,Kepler-786,Transit,2016,0,53.5293487,0.0002571,-0.0002571,0,2.43,0.12,-0.07,0,485.318,6.317,-6.317
Kepler-787 b,Kepler-787,Transit,2016,0,0.928310498,0.000002197,-0.000002197,0,1.28,0.06,-0.07,0,503.568,9.2435,-9.2435
Kepler-788 b,Kepler-788,Transit,2016,0,8.39846269,0.00005719,-0.00005719,0,2.55,0.9,-0.4,0,1775.8,99.915,-99.915
Kepler-789 b,Kepler-789,Transit,2016,0,8.63847725,0.00003071,-0.00003071,0,2.12,0.42,-0.23,0,1480.16,45.67,-43.06
Kepler-79 b,Kepler-79,Transit,2012,0,13.48451,0.0001,-0.00008,0,3.51,0.1,-0.1,0,1020.72,17.075,-17.075
Kepler-79 c,Kepler-79,Transit,2012,0,27.4026,0.0004,-0.0003,0,3.76,0.11,-0.11,0,1020.72,17.075,-17.075
Kepler-79 d,Kepler-79,Transit,2014,0,52.0897,0.0006,-0.0005,0,7.15,0.2,-0.2,0,1020.72,17.075,-17.075
Kepler-79 e,Kepler-79,Transit,2014,0,81.0665,0.0007,-0.0006,0,3.53,0.16,-0.16,0,1020.72,17.075,-17.075
Kepler-790 b,Kepler-790,Transit,2016,0,13.73469807,0.00004026,-0.00004026,0,2.18,0.17,-0.14,0,703.168,11.302,-10.955
Kepler-791 b,Kepler-791,Transit,2016,0,14.5539759,0.0001002,-0.0001002,0,3.05,1.32,-0.7,0,1266.34,40.275,-40.275
Kepler-792 b,Kepler-792,Transit,2016,0,11.30119217,0.00006491,-0.00006491,0,1.96,0.49,-0.23,0,1425.47,54.065,-54.065
Kepler-793 b,Kepler-793,Transit,2016,0,4.24153639,0.00002259,-0.00002259,0,1.37,0.28,-0.16,0,985.699,44.701,-41.046
Kepler-794 b,Kepler-794,Transit,2016,0,11.13125132,0.00003571,-0.00003571,0,2.11,0.52,-0.34,0,931.192,14.594,-14.594
Kepler-795 b,Kepler-795,Transit,2016,0,29.6193421,0.0001144,-0.0001144,0,1.68,0.18,-0.13,0,492.122,4.726,-4.638
Kepler-796 b,Kepler-796,Transit,2016,0,6.40087618,0.00002313,-0.00002313,0,1.3,0.36,-0.22,0,817.584,12.25,-11.899
Kepler-797 b,Kepler-797,Transit,2016,0,27.07237711,0.00009275,-0.00009275,0,2.17,0.43,-0.22,0,1315.26,35.1,-33.35
Kepler-798 b,Kepler-798,Transit,2016,0,13.71933369,0.00005734,-0.00005734,0,2.39,1.04,-0.34,0,972.274,17.781,-17.781
Kepler-799 b,Kepler-799,Transit,2016,0,133.4605235,0.000253,-0.000253,0,6.88,0.85,-0.57,0,1509.084,58.807,-54.703
Kepler-799 c,Kepler-799,Transit,2021,0,15.19419956,,,0,2.78068551,,,0,1509.084,58.807,-54.703
Kepler-8 b,Kepler-8,Transit,2010,0,3.5224991,0.0000007,-0.0000007,0,15.871944,0.594077,-0.694958,0,1021.87,14.575,-14.575
Kepler-80 b,Kepler-80,Transit,2012,0,7.05246,0.0002,-0.00022,0,2.67,0.1,-0.1,0,369.451,2.8945,-2.8945
Kepler-80 c,Kepler-80,Transit,2012,0,9.52355,0.00041,-0.00029,0,2.74,0.12,-0.1,0,369.451,2.8945,-2.8945
Kepler-80 d,Kepler-80,Transit,2014,0,3.07222,0.00006,-0.00004,0,1.53,0.09,-0.07,0,369.451,2.8945,-2.8945
Kepler-80 e,Kepler-80,Transit,2014,0,4.64489,0.0002,-0.00019,0,1.6,0.08,-0.07,0,369.451,2.8945,-2.8945
Kepler-80 f,Kepler-80,Transit,2016,0,0.9867873,0.00000006,-0.00000006,0,1.21,0.06,-0.05,0,369.451,2.8945,-2.8945
Kepler-80 g,Kepler-80,Transit,2017,0,14.64558,0.00012,-0.00012,0,1.13,0.14,-0.14,0,369.451,2.8945,-2.8945
Kepler-800 b,Kepler-800,Transit,2016,0,14.13176026,0.00004273,-0.00004273,0,2.85,0.34,-0.26,0,1019.26,33.22,-31.216
Kepler-801 b,Kepler-801,Transit,2016,0,11.41928253,0.00002439,-0.00002439,0,2,0.08,-0.1,0,440.426,4.588,-4.496
Kepler-802 b,Kepler-802,Transit,2016,0,40.0587473,0.0001092,-0.0001092,0,3.54,0.47,-0.4,0,780.585,11.563,-11.236
Kepler-803 b,Kepler-803,Transit,2016,0,50.28638192,0.00008862,-0.00008862,0,3.79,0.55,-0.38,0,639.771,6.587,-6.587
Kepler-804 b,Kepler-804,Transit,2016,0,14.37457351,0.00003236,-0.00003236,0,1.94,0.24,-0.16,0,649.65,6.4095,-6.4095
Kepler-804 c,Kepler-804,Transit,2016,0,9.65185017,0.00005013,-0.00005013,0,1.14,0.2,-0.14,0,649.65,6.4095,-6.4095
Kepler-805 b,Kepler-805,Transit,2016,0,30.8638931,0.0001259,-0.0001259,0,2.89,0.13,-0.25,0,638.49,10.191,-9.881
Kepler-806 b,Kepler-806,Transit,2016,0,8.09219642,0.00003302,-0.00003302,0,1.14,0.33,-0.24,0,361.896,2.925,-2.878
Kepler-808 b,Kepler-808,Transit,2016,0,0.631332353,0.000000347,-0.000000347,0,1.46,0.06,-0.08,0,321,11.185,-16.849
Kepler-809 b,Kepler-809,Transit,2016,0,55.63934,0.0001825,-0.0001825,0,3.01,0.67,-0.25,0,961.405,19.638,-18.881
Kepler-81 b,Kepler-81,Transit,2012,0,5.955,,,0,2.42,0.38,-0.38,0,348.291,3.1665,-3.1665
Kepler-81 c,Kepler-81,Transit,2012,0,12.04,,,0,2.37,0.37,-0.37,0,348.291,3.1665,-3.1665
Kepler-81 d,Kepler-81,Transit,2014,0,20.837846,0.000181,-0.000181,0,1.21,0.27,-0.27,0,348.291,3.1665,-3.1665
Kepler-810 b,Kepler-810,Transit,2016,0,4.59725385,0.00002999,-0.00002999,0,1.93,0.41,-0.19,0,1458.59,88.32,-78.93
Kepler-811 b,Kepler-811,Transit,2016,0,23.58447697,0.00007601,-0.00007601,0,2.7,0.68,-0.48,0,985.041,16.694,-16.694
Kepler-812 b,Kepler-812,Transit,2016,0,10.11716531,0.00002533,-0.00002533,0,3.55,1.35,-0.68,0,1482.74,35.23,-35.23
Kepler-813 b,Kepler-813,Transit,2016,0,19.12947337,0.00007455,-0.00007455,0,2.14,0.42,-0.19,0,840,105.499,-72.95
Kepler-814 b,Kepler-814,Transit,2016,0,6.1469851,0.000025,-0.000025,0,2.12,0.69,-0.3,0,2055.77,111.04,-100.42
Kepler-815 b,Kepler-815,Transit,2016,0,8.57503552,0.0000591,-0.0000591,0,4.11,0.19,-0.33,0,1259.28,23.715,-23.715
Kepler-816 b,Kepler-816,Transit,2016,0,10.50682565,0.000003817,-0.000003817,0,10.24,0.68,-0.54,0,983.697,36.336,-36.336
Kepler-817 b,Kepler-817,Transit,2016,0,3.990106229,0.000001358,-0.000001358,0,9.03,2.06,-1.13,0,1484.46,72.81,-66.42
Kepler-818 b,Kepler-818,Transit,2016,0,10.03538581,0.000006587,-0.000006587,0,5.11,0.79,-0.43,0,925.037,30.617,-28.747
Kepler-819 b,Kepler-819,Transit,2016,0,33.1995648,0.0001174,-0.0001174,0,2.76,0.25,-0.17,0,664.306,10.7205,-10.7205
Kepler-82 b,Kepler-82,Transit,2012,0,26.44,0.48,-0.48,0,4.07,0.24,-0.1,0,904.326,22.0875,-22.0875
Kepler-82 c,Kepler-82,Transit,2012,0,51.54,0.94,-0.94,0,5.34,0.32,-0.13,0,904.326,22.0875,-22.0875
Kepler-82 d,Kepler-82,Transit,2014,0,2.382961,0.000005,-0.000005,0,1.77,0.27,-0.27,0,904.326,22.0875,-22.0875
Kepler-82 e,Kepler-82,Transit,2014,0,5.902206,0.000012,-0.000012,0,2.47,0.37,-0.37,0,904.326,22.0875,-22.0875
Kepler-82 f,Kepler-82,Transit Timing Variations,2019,0,75.732,0.012,-0.012,0,4.84,,,0,904.326,22.0875,-22.0875
Kepler-820 b,Kepler-820,Transit,2016,0,127.8338098,0.0003082,-0.0003082,0,6.09,2.68,-0.89,0,1387.2,37.55,-35.65
Kepler-821 b,Kepler-821,Transit,2016,0,1.92279873,0.000004817,-0.000004817,0,1.31,0.1,-0.08,0,614.571,8.397,-8.177
Kepler-822 b,Kepler-822,Transit,2016,0,3.222969273,0.000009455,-0.000009455,0,1.77,0.41,-0.21,0,860.391,13.615,-13.204
Kepler-823 b,Kepler-823,Transit,2016,0,4.16809082,0.00001748,-0.00001748,0,1.57,0.31,-0.14,0,1389.27,42.65,-40.21
Kepler-824 b,Kepler-824,Transit,2016,0,4.51436633,0.00001397,-0.00001397,0,1.87,0.71,-0.23,0,1201.4,35.42,-35.42
Kepler-825 b,Kepler-825,Transit,2016,0,3.77360059,0.00001242,-0.00001242,0,1.53,0.39,-0.22,0,807.85,12.566,-12.194
Kepler-825 c,Kepler-825,Transit,2016,0,8.1818246,0.00002265,-0.00002265,0,1.84,0.4,-0.24,0,807.85,12.566,-12.194
Kepler-826 b,Kepler-826,Transit,2016,0,4.48758907,0.00001653,-0.00001653,0,1.25,0.2,-0.14,0,779.596,9.001,-8.801
Kepler-827 b,Kepler-827,Transit,2016,0,51.92927591,0.00009288,-0.00009288,0,5.63,0.7,-0.46,0,2046.68,168.57,-145.16
Kepler-828 b,Kepler-828,Transit,2016,0,0.567857136,0.000000444,-0.000000444,0,1.51,0.08,-0.11,0,575.322,6.575,-6.43
Kepler-829 b,Kepler-829,Transit,2016,0,6.88337562,0.00001963,-0.00001963,0,2.11,0.44,-0.18,0,1073.76,26.58,-25.35
Kepler-83 b,Kepler-83,Transit,2012,0,9.77,,,0,2.83,0.41,-0.41,0,400.409,5.153,-5.153
Kepler-83 c,Kepler-83,Transit,2012,0,20.09,,,0,2.36,0.35,-0.35,0,400.409,5.153,-5.153
Kepler-83 d,Kepler-83,Transit,2014,0,5.169796,0.000016,-0.000016,0,1.94,0.13,-0.13,0,400.409,5.153,-5.153
Kepler-830 b,Kepler-830,Transit,2016,0,11.29695137,0.00006299,-0.00006299,0,1.7,0.61,-0.25,0,1122,323.714,-153.166
Kepler-831 b,Kepler-831,Transit,2016,0,5.62153941,0.00001272,-0.00001272,0,1.27,0.1,-0.07,0,593.54,5.5105,-5.5105
Kepler-832 b,Kepler-832,Transit,2016,0,7.1396941,0.00002817,-0.00002817,0,2.06,0.32,-0.17,0,1688.12,102.27,-91.41
Kepler-833 b,Kepler-833,Transit,2016,0,18.7546998,0.00005142,-0.00005142,0,2.02,0.12,-0.09,0,467.37,5.921,-5.776
Kepler-834 b,Kepler-834,Transit,2016,0,13.32388301,0.00005212,-0.00005212,0,2.02,0.1,-0.1,0,633.937,17.091,-16.23
Kepler-835 b,Kepler-835,Transit,2016,0,11.41909375,0.00007116,-0.00007116,0,2.79,0.54,-0.29,0,2406.33,273.9,-224.71
Kepler-836 b,Kepler-836,Transit,2016,0,11.36112327,0.00002363,-0.00002363,0,2.73,0.64,-0.32,0,980.035,21.455,-20.575
Kepler-837 b,Kepler-837,Transit,2016,0,16.56059504,0.00004293,-0.00004293,0,2.56,0.22,-0.43,0,901.907,18.362,-17.657
Kepler-838 b,Kepler-838,Transit,2016,0,15.74957994,0.00004687,-0.00004687,0,2.73,0.51,-0.25,0,1104.04,27.28,-26.03
Kepler-839 b,Kepler-839,Transit,2016,0,37.8144514,0.0001545,-0.0001545,0,2.57,0.41,-0.25,0,944.561,13.7235,-13.7235
Kepler-84 b,Kepler-84,Transit,2012,0,8.726,,,0,2.23,0.1,-0.1,0,1023.9,,
Kepler-84 c,Kepler-84,Transit,2012,0,12.883,,,0,2.36,0.11,-0.11,0,1023.9,,
Kepler-84 d,Kepler-84,Transit,2014,0,4.224537,0.000042,-0.000042,0,1.38,0.27,-0.27,0,1023.9,,
Kepler-84 e,Kepler-84,Transit,2014,0,27.434389,0.000224,-0.000224,0,2.6,0.49,-0.49,0,1023.9,,
Kepler-84 f,Kepler-84,Transit,2014,0,44.552169,0.000812,-0.000812,0,2.2,0.43,-0.43,0,1023.9,,
Kepler-841 b,Kepler-841,Transit,2016,0,124.4198398,0.000331,-0.000331,0,5.23,0.41,-0.36,0,998.961,37.779,-35.167
Kepler-842 b,Kepler-842,Transit,2016,0,1.21956827,0.000001099,-0.000001099,0,1.6,0.08,-0.09,0,532.726,8.378,-8.127
Kepler-843 b,Kepler-843,Transit,2016,0,2.053879821,0.000002904,-0.000002904,0,2.59,0.61,-0.25,0,1165.66,48.64,-44.95
Kepler-844 b,Kepler-844,Transit,2016,0,2.613020856,0.000006243,-0.000006243,0,1.68,0.07,-0.24,0,431.776,9.0135,-9.0135
Kepler-845 b,Kepler-845,Transit,2016,0,0.927859821,0.000000549,-0.000000549,0,2.04,0.09,-0.29,0,431.051,3.275,-3.275
Kepler-846 b,Kepler-846,Transit,2016,0,19.80792185,0.00008966,-0.00008966,0,2.48,0.32,-0.18,0,1127.12,39.47,-36.93
Kepler-847 b,Kepler-847,Transit,2016,0,2.343231895,0.000007572,-0.000007572,0,1.18,0.09,-0.05,0,513.103,5.339,-5.232
Kepler-848 b,Kepler-848,Transit,2016,0,6.91134416,0.00002461,-0.00002461,0,1.7,0.31,-0.25,0,1378.47,29.265,-29.265
Kepler-849 b,Kepler-849,Transit,2016,0,394.62508,0.00081,-0.00079,0,8.08167508,0.30264248,-0.32506044,0,822.134,16.333,-15.719
Kepler-85 b,Kepler-85,Transit,2012,0,8.3,,,0,1.778,0.05,-0.05,0,765.025,13.683,-13.219
Kepler-85 c,Kepler-85,Transit,2012,0,12.51,,,0,1.978,0.056,-0.057,0,765.025,13.683,-13.219
Kepler-85 d,Kepler-85,Transit,2014,0,17.91323,0.000266,-0.000266,0,1.2,0.19,-0.19,0,765.025,13.683,-13.219
Kepler-85 e,Kepler-85,Transit,2014,0,25.216751,0.000718,-0.000718,0,1.27,0.2,-0.2,0,765.025,13.683,-13.219
Kepler-850 b,Kepler-850,Transit,2016,0,7.19303878,0.00003818,-0.00003818,0,1.78,0.47,-0.21,0,1661.28,93.1,-83.89
Kepler-851 b,Kepler-851,Transit,2016,0,8.50699658,0.00003708,-0.00003708,0,1.68,0.27,-0.21,0,839.255,17.655,-16.954
Kepler-852 b,Kepler-852,Transit,2016,0,44.9309804,0.00024,-0.00024,0,2.54,0.45,-0.17,0,1619.03,50.61,-50.61
Kepler-853 b,Kepler-853,Transit,2016,0,7.16892463,0.00002302,-0.00002302,0,1.69,0.48,-0.28,0,568.676,7.076,-6.907
Kepler-855 b,Kepler-855,Transit,2016,0,7.886631104,0.000002465,-0.000002465,0,8.35,1.7,-0.81,0,1506.58,58.72,-54.54
Kepler-856 b,Kepler-856,Transit,2016,0,8.027680595,0.000002013,-0.000002013,0,9.3,1.25,-0.6,0,1351.17,56.46,-52.19
Kepler-857 b,Kepler-857,Transit,2016,0,85.35129427,0.00009562,-0.00009562,0,6.8,1.7,-0.68,0,983.502,23.988,-22.889
Kepler-858 b,Kepler-858,Transit,2016,0,76.13602028,0.00005533,-0.00005533,0,4.87,0.23,-0.2,0,298.532,1.972,-1.947
Kepler-859 b,Kepler-859,Transit,2016,0,20.38177573,0.00005321,-0.00005321,0,3.09,0.18,-0.15,0,839.903,28.333,-26.573
Kepler-860 b,Kepler-860,Transit,2016,0,5.101379454,0.000008945,-0.000008945,0,3.24,0.81,-0.33,0,1056.36,26.955,-26.955
Kepler-861 b,Kepler-861,Transit,2016,0,3.949631375,0.00000549,-0.00000549,0,2.28,0.12,-0.13,0,850.327,22.9325,-22.9325
Kepler-862 b,Kepler-862,Transit,2016,0,3.148664534,0.000007031,-0.000007031,0,2.21,0.44,-0.17,0,1039.03,54.77,-49.624
Kepler-863 b,Kepler-863,Transit,2016,0,15.59461874,0.00004285,-0.00004285,0,2.9,0.68,-0.32,0,1499.66,81.5,-73.64
Kepler-864 b,Kepler-864,Transit,2016,0,5.83376092,0.00001891,-0.00001891,0,2.4,0.63,-0.22,0,2022.9,153.4,-133.65
Kepler-864 c,Kepler-864,Transit,2023,0,2.42150341,0.00001597,-0.00001597,0,1.62,0.47,-0.19,0,2022.9,153.4,-133.65
Kepler-865 b,Kepler-865,Transit,2016,0,14.16399294,0.00002463,-0.00002463,0,2.49,0.49,-0.24,0,586.137,7.904,-7.7
Kepler-865 c,Kepler-865,Transit,2023,0,6.20920207,0.0000479,-0.0000479,0,0.89,0.19,-0.13,0,586.137,7.904,-7.7
Kepler-866 b,Kepler-866,Transit,2016,0,2.617032536,0.000007305,-0.000007305,0,1.63,0.08,-0.12,0,646.667,16.109,-15.358
Kepler-867 b,Kepler-867,Transit,2016,0,150.242127,0.0006047,-0.0006047,0,4.64,0.41,-0.3,0,1195.54,113.13,-113.13
Kepler-868 b,Kepler-868,Transit,2016,0,5.03251791,0.00002082,-0.00002082,0,2.05,0.2,-0.17,0,1593.13,104.09,-92.3
Kepler-869 b,Kepler-869,Transit,2016,0,40.4287755,0.0001799,-0.0001799,0,3.61,0.83,-0.62,0,939.455,19.29,-18.543
Kepler-87 b,Kepler-87,Transit,2013,0,114.73635,0.00015,-0.00015,0,13.49,0.55,-0.55,0,1232.9,27.02,-27.02
Kepler-87 c,Kepler-87,Transit,2013,0,191.2318,0.0015,-0.0015,0,6.14,0.29,-0.29,0,1232.9,27.02,-27.02
Kepler-870 b,Kepler-870,Transit,2016,0,21.3587621,0.0001184,-0.0001184,0,2.78,0.51,-0.29,0,1259.46,42.865,-42.865
Kepler-871 b,Kepler-871,Transit,2016,0,22.0459018,0.0001072,-0.0001072,0,3.74,1.08,-0.55,0,1976.05,146.09,-127.6
Kepler-872 b,Kepler-872,Transit,2016,0,2.578855068,0.000005168,-0.000005168,0,1.99,0.5,-0.23,0,879.683,23.817,-22.614
Kepler-873 b,Kepler-873,Transit,2016,0,20.5533844,0.00007327,-0.00007327,0,3.75,1.64,-0.55,0,1182.22,33.82,-32.02
Kepler-874 b,Kepler-874,Transit,2016,0,40.0686727,0.0001013,-0.0001013,0,3.94,1.07,-0.59,0,1082.16,25.93,-24.77
Kepler-875 b,Kepler-875,Transit,2016,0,27.5073799,0.0001536,-0.0001536,0,2.9,1.02,-0.45,0,1242.62,54.59,-50.25
Kepler-876 b,Kepler-876,Transit,2016,0,5.14438011,0.00002466,-0.00002466,0,1.43,0.1,-0.09,0,820.913,21.781,-20.702
Kepler-877 b,Kepler-877,Transit,2016,0,18.45847097,0.00004779,-0.00004779,0,2.12,0.14,-0.27,0,602.176,,
Kepler-878 b,Kepler-878,Transit,2016,0,25.9422033,0.0001029,-0.0001029,0,1.93,0.12,-0.1,0,791.625,37.228,-34.082
Kepler-879 b,Kepler-879,Transit,2016,0,33.3855938,0.000142,-0.000142,0,2.57,0.66,-0.28,0,802.672,10.942,-10.656
Kepler-879 c,Kepler-879,Transit,2024,0,0.646716,0.000003,-0.000003,0,0.4,0.1,-0.1,0,802.672,10.942,-10.656
Kepler-88 d,KOI-142,Radial Velocity,2020,0,1403,14,-14,0,13.1,,,0,376.863,2.01,-1.991
Kepler-880 b,Kepler-880,Transit,2016,0,7.71468975,0.00001918,-0.00001918,0,2.66,1.05,-0.44,0,601.324,8.299,-8.079001
Kepler-880 c,Kepler-880,Transit,2023,0,11.8061737,0.0001518,-0.0001518,0,2.87,0.58,-0.94,0,601.324,8.299,-8.079001
Kepler-881 b,Kepler-881,Transit,2016,0,4.44448017,0.0000253,-0.0000253,0,1.78,0.43,-0.32,0,1375.18,50.26,-50.26
Kepler-882 b,Kepler-882,Transit,2016,0,3.989539666,0.000009758,-0.000009758,0,1.23,0.15,-0.09,0,504.605,4.15,-4.084
Kepler-883 b,Kepler-883,Transit,2016,0,12.98495573,0.00003436,-0.00003436,0,1.78,0.17,-0.13,0,627.455,7.096,-6.941
Kepler-884 b,Kepler-884,Transit,2016,0,5.69919514,0.00001359,-0.00001359,0,1.23,0.05,-0.05,0,476.733,,
Kepler-885 b,Kepler-885,Transit,2016,0,18.11472949,0.00005308,-0.00005308,0,2.5,0.4,-0.39,0,651.318,8.863,-8.632
Kepler-886 b,Kepler-886,Transit,2016,0,6.24146367,0.00002154,-0.00002154,0,1.52,0.42,-0.19,0,711.297,7.1515,-7.1515
Kepler-887 b,Kepler-887,Transit,2016,0,20.42228798,0.00009225,-0.00009225,0,1.84,0.27,-0.17,0,886.588,12.515,-12.177
Kepler-887 c,Kepler-887,Transit,2016,0,7.63846023,0.00004957,-0.00004957,0,1.13,0.17,-0.11,0,886.588,12.515,-12.177
Kepler-888 b,Kepler-888,Transit,2016,0,70.6979061,0.0003086,-0.0003086,0,1.76,0.08,-0.06,0,420.817,3.221,-3.172
Kepler-889 b,Kepler-889,Transit,2016,0,3.744439,0.00001366,-0.00001366,0,1.09,0.19,-0.13,0,598.313,7.675,-7.486
Kepler-890 b,Kepler-890,Transit,2016,0,52.75875577,0.00003345,-0.00003345,0,8.89,2.86,-1.06,0,1712.12,69,-63.94
Kepler-891 b,Kepler-891,Transit,2016,0,53.44945593,0.00006578,-0.00006578,0,6.41,1.46,-0.6,0,2340.58,184.73,-160.07
Kepler-892 b,Kepler-892,Transit,2016,0,13.7521072,0.00003106,-0.00003106,0,2.81,0.37,-0.27,0,570.727,11.432,-10.999
Kepler-893 b,Kepler-893,Transit,2016,0,6.33855761,0.00001361,-0.00001361,0,3.03,0.52,-0.37,0,1285.59,34.95,-33.18
Kepler-894 b,Kepler-894,Transit,2016,0,9.803224,0.00003027,-0.00003027,0,2.78,0.3,-0.34,0,1162.91,37.655,-37.655
Kepler-895 b,Kepler-895,Transit,2016,0,2.806242328,0.000008172,-0.000008172,0,1.54,0.09,-0.07,0,540.134,10.548,-10.159
Kepler-896 b,Kepler-896,Transit,2016,0,144.547396,0.002274,-0.002274,0,2.53,0.18,-0.19,0,2334.93,179.875,-179.875
Kepler-896 c,Kepler-896,Transit,2023,0,29.5422566,0.0002958,-0.0002958,0,3.15,0.73,-0.25,0,2334.93,179.875,-179.875
Kepler-897 b,Kepler-897,Transit,2016,0,8.0472642,0.00002943,-0.00002943,0,2.39,0.66,-0.25,0,1519.25,53.89,-50.38
Kepler-898 b,Kepler-898,Transit,2016,0,5.8706191,0.0000207,-0.0000207,0,1.49,0.3,-0.09,0,484.891,7.996,-7.996
Kepler-899 b,Kepler-899,Transit,2016,0,19.17891293,0.00008075,-0.00008075,0,2.68,0.46,-0.26,0,1246.43,40.92,-38.43
Kepler-9 b,Kepler-9,Transit,2010,0,19.23891,0.00006,-0.00006,0,8.29,0.54,-0.43,0,628.257,6.7435,-6.7435
Kepler-9 c,Kepler-9,Transit,2010,0,38.9853,0.0003,-0.0003,0,8.08,0.54,-0.41,0,628.257,6.7435,-6.7435
Kepler-9 d,Kepler-9,Transit,2010,0,1.592851,0.000045,-0.000045,0,1.64,0.19,-0.14,0,628.257,6.7435,-6.7435
Kepler-90 i,KOI-351,Transit,2017,0,14.44912,0.0002,-0.0002,0,1.32,0.21,-0.21,0,848.254,10.8185,-10.8185
Kepler-900 b,Kepler-900,Transit,2016,0,6.9913086,0.00001434,-0.00001434,0,2.08,0.12,-0.34,0,487.525,5.153,-5.048
Kepler-901 b,Kepler-901,Transit,2016,0,3.517494394,0.000003521,-0.000003521,0,1.37,0.07,-0.06,0,253.867,1.51,-1.492
Kepler-902 b,Kepler-902,Transit,2016,0,40.1099547,0.0001551,-0.0001551,0,2.54,0.33,-0.18,0,1165.34,48.64,-44.97
Kepler-903 b,Kepler-903,Transit,2016,0,10.3507721,0.00005128,-0.00005128,0,2.01,0.35,-0.36,0,1369.24,38,-36.04
Kepler-903 c,Kepler-903,Transit,2016,0,62.9228557,0.0007353,-0.0007353,0,2.53,0.4,-0.45,0,1369.24,38,-36.04
Kepler-904 b,Kepler-904,Transit,2016,0,3.021668632,0.000008925,-0.000008925,0,1.77,0.59,-0.24,0,978.125,18.824,-18.139
Kepler-905 b,Kepler-905,Transit,2016,0,5.082746517,0.000008374,-0.000008374,0,1.41,0.05,-0.05,0,529.268,4.0285,-4.0285
Kepler-906 b,Kepler-906,Transit,2016,0,41.6979976,0.0001595,-0.0001595,0,2.11,0.1,-0.1,0,757.791,9.79,-9.79
Kepler-907 b,Kepler-907,Transit,2016,0,15.86621821,0.00006487,-0.00006487,0,1.2,0.06,-0.05,0,352,15.668,-14.129
Kepler-908 b,Kepler-908,Transit,2016,0,1.340597468,0.000001947,-0.000001947,0,1.22,0.1,-0.08,0,290.843,1.92,-1.896
Kepler-909 b,Kepler-909,Transit,2016,0,13.93290318,0.00004462,-0.00004462,0,1.47,0.16,-0.11,0,309.596,2.104,-2.077
Kepler-91 b,Kepler-91,Transit,2013,0,6.24658,0.00008,-0.00008,0,15.322703,0.773421,-0.67254,0,1294.69,40.735,-40.735
Kepler-910 b,Kepler-910,Transit,2016,0,2.364369015,0.000008829,-0.000008829,0,0.82,0.04,-0.03,0,400.289,4.954,-4.836
Kepler-911 b,Kepler-911,Transit,2016,0,20.310501,0.00005659,-0.00005659,0,2.6,0.1,-0.1,0,556.168,8.13,-7.903
Kepler-912 b,Kepler-912,Transit,2016,0,2.534756273,0.000007975,-0.000007975,0,2.8,0.84,-0.51,0,2004.72,113.67,-102.28
Kepler-913 b,Kepler-913,Transit,2016,0,10.29672521,0.00003426,-0.00003426,0,2.06,0.08,-0.06,0,991.618,34.082,-31.926
Kepler-913 c,Kepler-913,Transit,2021,0,5.939119816,,,0,3.8580709,,,0,991.618,34.082,-31.926
Kepler-914 b,Kepler-914,Transit,2016,0,4.40966548,0.00001193,-0.00001193,0,1.38,0.17,-0.12,0,753.723,8.966,-8.966
Kepler-915 b,Kepler-915,Transit,2016,0,4.59489604,0.00001413,-0.00001413,0,1.5,0.33,-0.19,0,849.036,9.92,-9.698
Kepler-916 b,Kepler-916,Transit,2016,0,32.2968798,0.0002489,-0.0002489,0,1.76,0.14,-0.13,0,830.712,16.603,-15.975
Kepler-917 b,Kepler-917,Transit,2016,0,2.970414375,0.000009135,-0.000009135,0,1.91,0.24,-0.17,0,3460.51,1507.57,-865.6
Kepler-918 b,Kepler-918,Transit,2016,0,4.85386933,0.00003676,-0.00003676,0,1.74,0.4,-0.21,0,1025.03,32.41,-30.523
Kepler-919 b,Kepler-919,Transit,2016,0,11.04603384,0.000066,-0.000066,0,2.25,0.87,-0.29,0,1119.87,38.43,-36
Kepler-92 b,Kepler-92,Transit,2013,0,13.749,,,0,3.51,0.1,-0.1,0,477.992,5.43,-5.312
Kepler-92 c,Kepler-92,Transit,2013,0,26.723,,,0,2.6,0.08,-0.08,0,477.992,5.43,-5.312
Kepler-92 d,Kepler-92,Transit,2015,0,49.3568,0.0024,-0.0024,0,2.067,0.056,-0.056,0,477.992,5.43,-5.312
Kepler-920 b,Kepler-920,Transit,2016,0,6.53192704,0.00002296,-0.00002296,0,2.42,0.22,-0.16,0,1001.68,26.32,-25.037
Kepler-920 c,Kepler-920,Transit,2016,0,100.8274113,0.0007063,-0.0007063,0,3.8,0.58,-0.28,0,1001.68,26.32,-25.037
Kepler-921 b,Kepler-921,Transit,2016,0,51.300634,0.0006728,-0.0006728,0,2.87,0.33,-0.73,0,934.49,17.7865,-17.7865
Kepler-922 b,Kepler-922,Transit,2016,0,0.938466832,0.000000954,-0.000000954,0,1.42,0.18,-0.11,0,536.323,3.8575,-3.8575
Kepler-923 b,Kepler-923,Transit,2016,0,6.93366476,0.00003537,-0.00003537,0,1.38,0.29,-0.19,0,1000.28,20.3,-19.529
Kepler-924 b,Kepler-924,Transit,2016,0,61.0370117,0.0003366,-0.0003366,0,3.07,1.11,-0.61,0,1053.04,22.09,-21.21
Kepler-925 b,Kepler-925,Transit,2016,0,33.8678531,0.0001704,-0.0001704,0,2.34,0.66,-0.21,0,611.115,15.205,-15.205
Kepler-926 b,Kepler-926,Transit,2016,0,52.0688601,0.0001903,-0.0001903,0,2.31,0.57,-0.23,0,921.361,30.245,-28.413
Kepler-927 b,Kepler-927,Transit,2016,0,9.1149903,0.00003533,-0.00003533,0,1.72,0.4,-0.15,0,831.685,12.969,-12.584
Kepler-928 b,Kepler-928,Transit,2016,0,3.932461302,0.000009652,-0.000009652,0,1.59,0.31,-0.12,0,508.809,7.163,-6.97
Kepler-929 b,Kepler-929,Transit,2016,0,0.921032135,0.000003151,-0.000003151,0,1.11,0.27,-0.15,0,1311.23,35.4,-33.62
Kepler-93 b,Kepler-93,Transit,2014,0,4.72673978,0.00000097,-0.00000097,0,1.478,0.019,-0.019,0,95.9115,0.2217,-0.2206
Kepler-93 c,Kepler-93,Radial Velocity,2014,0,1460,,,-1,,,,,95.9115,0.2217,-0.2206
Kepler-930 b,Kepler-930,Transit,2016,0,71.4517775,0.0007523,-0.0007523,0,2.13,0.92,-0.42,0,848.396,11.668,-11.668
Kepler-931 b,Kepler-931,Transit,2016,0,8.03755877,0.00002315,-0.00002315,0,1.33,0.14,-0.09,0,490,53.414,-35.207
Kepler-932 b,Kepler-932,Transit,2016,0,1.921437396,0.000002123,-0.000002123,0,1.37,0.13,-0.1,0,465.612,4.203,-4.129
Kepler-933 b,Kepler-933,Transit,2016,0,14.20443009,0.00006185,-0.00006185,0,2.46,0.23,-0.16,0,1017.2,29.37,-27.787
Kepler-934 b,Kepler-934,Transit,2016,0,55.6738309,0.0002829,-0.0002829,0,2.09,0.15,-0.11,0,608.738,8.995,-8.741
Kepler-935 b,Kepler-935,Transit,2016,0,4.88083852,0.00001481,-0.00001481,0,1.35,0.08,-0.07,0,471.782,4.085,-4.085
Kepler-936 b,Kepler-936,Transit,2016,0,10.56134221,0.00004545,-0.00004545,0,1.45,0.2,-0.1,0,823.399,,
Kepler-937 b,Kepler-937,Transit,2016,0,67.668827,0.0005833,-0.0005833,0,3.72,1.29,-0.48,0,1571.46,61.055,-61.055
Kepler-937 c,Kepler-937,Transit,2016,0,153.343364,0.003287,-0.003287,0,2.67,0.91,-0.39,0,1571.46,61.055,-61.055
Kepler-938 b,Kepler-938,Transit,2016,0,52.6298417,0.0002898,-0.0002898,0,2.22,0.25,-0.16,0,1182.05,,
Kepler-939 b,Kepler-939,Transit,2016,0,14.878296,0.0001256,-0.0001256,0,1.75,0.31,-0.2,0,2093.62,147.37,-147.37
Kepler-94 b,Kepler-94,Transit,2014,0,2.50806,,,0,3.51,0.15,-0.15,0,191.904,0.821,-0.814
Kepler-94 c,Kepler-94,Radial Velocity,2014,0,820.3,3,-3,0,12.5,,,0,191.904,0.821,-0.814
Kepler-940 b,Kepler-940,Transit,2016,0,59.6225257,0.0003015,-0.0003015,0,3.34,0.71,-0.31,0,1260.78,59.01,-59.01
Kepler-941 b,Kepler-941,Transit,2016,0,17.42395198,0.000083,-0.000083,0,3.08,0.35,-0.61,0,1088.36,38.345,-38.345
Kepler-942 b,Kepler-942,Transit,2016,0,44.96417488,0.00006962,-0.00006962,0,2.13,0.23,-0.08,0,216.354,0.653,-0.649
Kepler-943 b,Kepler-943,Transit,2016,0,49.7701438,0.0001172,-0.0001172,0,5.93,0.79,-0.53,0,2300.53,170.09,-148.69
Kepler-944 b,Kepler-944,Transit,2016,0,43.3167737,0.0002351,-0.0002351,0,2.63,0.27,-0.21,0,1349.43,56.125,-56.125
Kepler-945 b,Kepler-945,Transit,2016,0,31.0033814,0.0002081,-0.0002081,0,2.63,0.47,-0.25,0,1651.25,103.11,-91.87
Kepler-946 b,Kepler-946,Transit,2016,0,11.79162572,0.00005506,-0.00005506,0,1.93,0.32,-0.2,0,1137.29,29.83,-28.37
Kepler-947 b,Kepler-947,Transit,2016,0,26.9644317,0.000157,-0.000157,0,2.28,0.23,-0.23,0,1730.78,99.26,-89.22
Kepler-948 b,Kepler-948,Transit,2016,0,7.76846622,0.00004201,-0.00004201,0,1.85,0.32,-0.41,0,868.017,15.0325,-15.0325
Kepler-949 b,Kepler-949,Transit,2016,0,8.689307296,0.000009632,-0.000009632,0,2.91,0.36,-0.23,0,486.105,5.387,-5.387
Kepler-949 c,Kepler-949,Transit,2023,0,20.99757968,0.00003334,-0.00003334,0,2.97,0.61,-0.43,0,486.105,5.387,-5.387
Kepler-95 b,Kepler-95,Transit,2014,0,11.5231,,,0,3.42,0.09,-0.09,0,445.656,5.783,-5.64
Kepler-950 b,Kepler-950,Transit,2016,0,98.7180406,0.0001748,-0.0001748,0,8.98,1.56,-0.83,0,2161.6,199.49,-169.19
Kepler-951 b,Kepler-951,Transit,2016,0,71.52530845,0.00008419,-0.00008419,0,5.59,0.24,-0.26,0,382.509,3.467,-3.406
Kepler-952 b,Kepler-952,Transit,2016,0,130.3546919,0.0002069,-0.0002069,0,7.65,1.65,-0.75,0,1304.25,42.82,-40.23
Kepler-953 b,Kepler-953,Transit,2016,0,88.40655258,0.00008306,-0.00008306,0,4.21,0.37,-0.33,0,258.893,,
Kepler-953 c,Kepler-953,Transit,2016,0,9.10967112,0.00002528,-0.00002528,0,1.19,0.11,-0.09,0,258.893,,
Kepler-954 b,Kepler-954,Transit,2016,0,16.78176602,0.00001593,-0.00001593,0,2.32,0.05,-0.11,0,215.814,1.148,-1.135
Kepler-955 b,Kepler-955,Transit,2016,0,14.53244172,0.00001662,-0.00001662,0,3.13,0.27,-0.17,0,550.383,6.795,-6.635
Kepler-956 b,Kepler-956,Transit,2016,0,5.248672631,0.000003121,-0.000003121,0,3,0.78,-0.38,0,544.939,4.292,-4.226
Kepler-957 b,Kepler-957,Transit,2016,0,5.907413537,0.000005067,-0.000005067,0,5.5,0.29,-0.32,0,824.688,20.222,-20.222
Kepler-958 b,Kepler-958,Transit,2016,0,9.7678805,0.0000111,-0.0000111,0,2.06,0.1,-0.08,0,449.773,2.8855,-2.8855
Kepler-959 b,Kepler-959,Transit,2016,0,14.80074836,0.00004706,-0.00004706,0,4.38,1.21,-0.87,0,807.729,14.099,-13.631
Kepler-96 b,Kepler-96,Transit,2014,0,16.2385,,,0,2.67,0.22,-0.22,0,122.881,0.404,-0.401
Kepler-960 b,Kepler-960,Transit,2016,0,3.12686223,0.000001668,-0.000001668,0,2.29,0.07,-0.25,0,284.916,1.6,-1.6
Kepler-961 b,Kepler-961,Transit,2016,0,16.87727414,0.00002872,-0.00002872,0,2.55,0.11,-0.08,0,574.314,5.816,-5.702
Kepler-962 b,Kepler-962,Transit,2016,0,12.05707239,0.00001586,-0.00001586,0,1.97,0.08,-0.08,0,411.486,2.3,-2.3
Kepler-963 b,Kepler-963,Transit,2016,0,9.97683705,0.00001568,-0.00001568,0,2.66,0.3,-0.19,0,771.494,12.801,-12.397
Kepler-963 c,Kepler-963,Transit,2024,0,0.919783,0.000003,-0.000003,0,0.6,0.2,-0.2,0,771.494,12.801,-12.397
Kepler-964 b,Kepler-964,Transit,2016,0,13.5225106,0.00002258,-0.00002258,0,2.12,0.09,-0.07,0,454.626,4.5565,-4.5565
Kepler-965 b,Kepler-965,Transit,2016,0,134.2527298,0.0005661,-0.0005661,0,3.38,0.55,-0.39,0,582.828,6.279,-6.148
Kepler-966 b,Kepler-966,Transit,2016,0,99.747622,0.0004523,-0.0004523,0,4.13,1.17,-0.58,0,1027.8,21.01,-20.19
Kepler-967 b,Kepler-967,Transit,2016,0,13.22713379,0.00002209,-0.00002209,0,2.35,0.08,-0.1,0,568.546,,
Kepler-967 c,Kepler-967,Transit,2016,0,198.7112502,0.0006558,-0.0006558,0,3.65,0.15,-0.13,0,568.546,,
Kepler-968 b,Kepler-968,Transit,2016,0,3.692983728,0.000003606,-0.000003606,0,2,0.08,-0.08,0,290.324,1.448,-1.435
Kepler-968 c,Kepler-968,Transit,2016,0,5.709404918,0.000009542,-0.000009542,0,1.69,0.08,-0.07,0,290.324,1.448,-1.435
Kepler-969 b,Kepler-969,Transit,2016,0,34.1731714,0.00007358,-0.00007358,0,2.07,0.05,-0.05,0,390.354,2.572,-2.572
Kepler-969 c,Kepler-969,Transit,2016,0,1.682934604,0.000002933,-0.000002933,0,0.99,0.02,-0.05,0,390.354,2.572,-2.572
Kepler-97 b,Kepler-97,Transit,2014,0,2.58664,,,0,1.48,0.13,-0.13,0,400.907,3.552,-3.491
Kepler-97 c,Kepler-97,Radial Velocity,2014,0,789,,,-1,,,,,400.907,3.552,-3.491
Kepler-970 b,Kepler-970,Transit,2016,0,16.736525,0.00002,-0.00002,0,2.609,0.265,-0.203,0,331.545,2.4355,-2.4355
Kepler-971 b,Kepler-971,Transit,2016,0,9.59070716,0.0000232,-0.0000232,0,2.13,0.22,-0.24,0,338.522,6.764,-6.509
Kepler-972 b,Kepler-972,Transit,2016,0,7.03932553,0.00001608,-0.00001608,0,4.65,1.52,-1.1,0,1198.03,37.3,-35.15
Kepler-973 b,Kepler-973,Transit,2016,0,49.6077331,0.0001208,-0.0001208,0,1.96,0.08,-0.07,0,328.52,4.72,-4.591
Kepler-974 b,Kepler-974,Transit,2016,0,4.194496514,0.000005031,-0.000005031,0,1.57,0.06,-0.29,0,134.311,0.447,-0.444
Kepler-975 b,Kepler-975,Transit,2016,0,1.970342457,0.000002357,-0.000002357,0,1.48,0.06,-0.09,0,426.088,3.564,-3.564
Kepler-975 c,Kepler-975,Transit,2023,0,5.05821338,0.000004738,-0.000004738,0,10.69,6.94,-6.3,0,426.088,3.564,-3.564
Kepler-976 b,Kepler-976,Transit,2016,0,105.9564148,0.0004626,-0.0004626,0,3.96,0.29,-0.2,0,1012.41,34.57,-32.399
Kepler-977 b,Kepler-977,Transit,2016,0,26.85328322,0.00006393,-0.00006393,0,2.62,0.17,-0.17,0,568.751,6.412,-6.412
Kepler-978 b,Kepler-978,Transit,2016,0,49.6221509,0.000171,-0.000171,0,2.99,0.67,-0.57,0,682.522,,
Kepler-979 b,Kepler-979,Transit,2016,0,8.0880135,0.00001135,-0.00001135,0,2.72,0.42,-0.23,0,576.503,7.0565,-7.0565
Kepler-98 b,Kepler-98,Transit,2014,0,1.54168,,,0,1.99,0.22,-0.22,0,350.315,2.978,-2.929
Kepler-980 b,Kepler-980,Transit,2016,0,11.55102504,0.00002754,-0.00002754,0,2.67,0.23,-0.45,0,961.468,16.671,-16.671
Kepler-981 b,Kepler-981,Transit,2016,0,4.469757736,0.000005863,-0.000005863,0,2.31,0.3,-0.18,0,878.082,14.1885,-14.1885
Kepler-982 b,Kepler-982,Transit,2016,0,15.7738221,0.00004115,-0.00004115,0,2.25,0.47,-0.27,0,801.479,15.332,-14.778
Kepler-983 b,Kepler-983,Transit,2016,0,60.0855082,0.0002611,-0.0002611,0,2.36,0.07,-0.18,0,714.437,,
Kepler-984 b,Kepler-984,Transit,2016,0,43.0342272,0.0001479,-0.0001479,0,2.12,0.13,-0.11,0,460.188,3.22,-3.176
Kepler-985 b,Kepler-985,Transit,2016,0,116.331901,0.001381,-0.001381,0,2.98,0.14,-0.15,0,679.361,9.344,-9.097
Kepler-986 b,Kepler-986,Transit,2016,0,56.4349938,0.0001446,-0.0001446,0,2.36,0.29,-0.19,0,548.364,5.8855,-5.8855
Kepler-987 b,Kepler-987,Transit,2016,0,105.3033148,0.0004783,-0.0004783,0,3.26,0.16,-0.12,0,914.126,17.001,-16.401
Kepler-988 b,Kepler-988,Transit,2016,0,17.76080053,0.00002728,-0.00002728,0,2.07,0.47,-0.16,0,304.889,2.6495,-2.6495
Kepler-989 b,Kepler-989,Transit,2016,0,7.964315352,0.000009617,-0.000009617,0,2.21,0.14,-0.13,0,491.978,4.72,-4.632
Kepler-99 b,Kepler-99,Transit,2014,0,4.60358,,,0,1.48,0.08,-0.08,0,208.369,1.042,-1.031
Kepler-990 b,Kepler-990,Transit,2016,0,9.91723428,0.00002468,-0.00002468,0,2.6,0.65,-0.42,0,802.163,12.304,-12.304
Kepler-990 c,Kepler-990,Transit,2016,0,0.538354308,0.000000675,-0.000000675,0,1.53,0.35,-0.19,0,802.163,12.304,-12.304
Kepler-991 b,Kepler-991,Transit,2016,0,82.5342519,0.0003449,-0.0003449,0,2.54,0.13,-0.12,0,389.561,3.851,-3.777
Kepler-992 b,Kepler-992,Transit,2016,0,20.16034462,0.00005016,-0.00005016,0,1.62,0.04,-0.27,0,259.639,1.096,-1.087
Kepler-993 b,Kepler-993,Transit,2016,0,22.08557563,0.00004655,-0.00004655,0,2.97,0.18,-0.12,0,324.423,4.4905,-4.4905
Kepler-994 b,Kepler-994,Transit,2016,0,1.151166506,0.00000057,-0.00000057,0,1.6,0.07,-0.27,0,188.158,0.7305,-0.7305
Kepler-995 b,Kepler-995,Transit,2016,0,28.26731672,0.00008643,-0.00008643,0,2.7,0.19,-0.17,0,609.638,9.12,-8.859
Kepler-996 b,Kepler-996,Transit,2016,0,3.770590584,0.00000806,-0.00000806,0,1.98,0.63,-0.25,0,1216.58,28.08,-28.08
Kepler-997 b,Kepler-997,Transit,2016,0,2.707306716,0.000005525,-0.000005525,0,1.36,0.33,-0.26,0,467.568,5.707,-5.574
Kepler-998 b,Kepler-998,Transit,2016,0,5.65377733,0.00001059,-0.00001059,0,2.32,0.61,-0.3,0,986.364,15.666,-15.197
Kepler-999 b,Kepler-999,Transit,2016,0,5.991857017,0.000008173,-0.000008173,0,2.34,0.65,-0.49,0,545.063,8.197,-7.962
L 168-9 b,L 168-9,Transit,2020,0,1.40152604,0.00000074,-0.00000082,0,1.63,0.14,-0.14,0,25.1496,0.0239,-0.0239
L 363-38 b,L 363-38,Radial Velocity,2023,0,8.781,0.007,-0.007,0,2,,,0,10.2295,0.0086,-0.0086
L 98-59 b,L 98-59,Transit,2019,0,2.253114,0.0000004,-0.0000004,0,0.837,0.019,-0.019,0,10.6194,0.0032,-0.0032
L 98-59 c,L 98-59,Transit,2019,0,3.6906764,0.0000004,-0.0000004,0,1.329,0.029,-0.029,0,10.6194,0.0032,-0.0032
L 98-59 d,L 98-59,Transit,2019,0,7.450729,0.000002,-0.000002,0,1.627,0.041,-0.041,0,10.6194,0.0032,-0.0032
L 98-59 e,L 98-59,Radial Velocity,2021,0,12.8278,0.0018,-0.0018,0,1.49,,,0,10.6194,0.0032,-0.0032
L 98-59 f,L 98-59,Radial Velocity,2025,0,23.064,0.055,-0.055,0,1.48,,,0,10.6194,0.0032,-0.0032
LHS 1140 b,LHS 1140,Transit,2017,0,24.73723,0.00002,-0.00002,0,1.73,0.025,-0.025,0,14.9861,0.0153,-0.0152
LHS 1140 c,LHS 1140,Transit,2018,0,3.77794,0.000002,-0.000002,0,1.272,0.026,-0.026,0,14.9861,0.0153,-0.0152
LHS 1478 b,LHS 1478,Transit,2021,0,1.9495378,0.000004,-0.0000041,0,1.242,0.051,-0.049,0,18.2276,0.011,-0.011
LHS 1678 b,LHS 1678,Transit,2021,0,0.8602325,0.0000013,-0.0000011,0,0.685,0.037,-0.035,0,19.8782,0.0094,-0.0094
LHS 1678 c,LHS 1678,Transit,2021,0,3.694284,0.0000048,-0.0000044,0,0.941,0.051,-0.05,0,19.8782,0.0094,-0.0094
LHS 1678 d,LHS 1678,Transit,2024,0,4.9652229,0.0000096,-0.0000075,0,0.981,0.07,-0.072,0,19.8782,0.0094,-0.0094
LHS 1815 b,LHS 1815,Transit,2020,0,3.814334,0.000084,-0.000084,0,1.088,0.064,-0.064,0,29.8424,0.0239,-0.0239
LHS 1903 b,LHS 1903,Transit,2026,0,2.1555098,0.0000026,-0.0000029,0,1.382,0.046,-0.046,0,35.6917,0.0833,-0.0833
LHS 1903 c,LHS 1903,Transit,2026,0,6.226185,0.000028,-0.000026,0,2.046,0.078,-0.074,0,35.6917,0.0833,-0.0833
LHS 1903 d,LHS 1903,Transit,2026,0,12.566287,0.000032,-0.000028,0,2.5,0.078,-0.077,0,35.6917,0.0833,-0.0833
LHS 1903 e,LHS 1903,Transit,2026,0,29.31773,0.00028,-0.00025,0,1.732,0.059,-0.058,0,35.6917,0.0833,-0.0833
LHS 3154 b,LHS 3154,Radial Velocity,2023,0,3.71778,0.0008,-0.00081,0,3.69,,,0,15.7606,0.018,-0.018
LHS 3844 b,LHS 3844,Transit,2019,0,0.462929709,0.000000044,-0.000000042,0,1.286,0.043,-0.044,0,14.8846,0.0113,-0.0113
LHS 475 b,LHS 475,Transit,2023,0,2.029088,0.000006,-0.000006,0,0.991,0.05,-0.05,0,12.4814,0.0065,-0.0065
LP 261-75 b,LP 261-75 A,Imaging,2006,0,,,,,12.1,,,0,33.928,0.15965,-0.15965
LP 714-47 b,LP 714-47,Transit,2020,0,4.052032,0.000003,-0.000003,0,4.25,0.1,-0.08,0,52.616,0.11525,-0.11525
LP 791-18 b,LP 791-18,Transit,2019,0,0.9479981,0.0000021,-0.0000021,0,1.212,0.059,-0.058,0,26.4927,0.064,-0.0638
LP 791-18 c,LP 791-18,Transit,2019,0,4.98991,0.0000012,-0.0000014,0,2.488,0.096,-0.096,0,26.4927,0.064,-0.0638
LP 791-18 d,LP 791-18,Transit,2023,0,2.75485,0.00013,-0.00013,0,1.032,0.044,-0.043,0,26.4927,0.064,-0.0638
LP 890-9 b,LP 890-9,Transit,2022,0,2.7299025,0.0000034,-0.000004,0,1.32,0.053,-0.027,0,32.4298,0.0702,-0.0699
LP 890-9 c,LP 890-9,Transit,2022,0,8.457463,0.000024,-0.000024,0,1.367,0.055,-0.039,0,32.4298,0.0702,-0.0699
LSPM J2116+0234 b,LSPM J2116+0234,Radial Velocity,2019,0,14.4399,0.0078,-0.0087,0,3.71,,,0,17.6297,0.01865,-0.01865
LTT 1445 A b,LTT 1445 A,Transit,2019,0,5.3587635,0.0000044,-0.0000045,0,1.34,0.11,-0.06,0,6.86929,0.003805,-0.003805
LTT 1445 A c,LTT 1445 A,Transit,2022,0,3.1239035,0.0000034,-0.0000036,0,1.147,0.055,-0.054,0,6.86929,0.003805,-0.003805
LTT 3780 b,LTT 3780,Transit,2020,0,0.76837931,0.00000039,-0.00000042,0,1.325,0.057,-0.058,0,21.9814,0.0403,-0.0402
LTT 3780 c,LTT 3780,Transit,2020,0,12.252284,0.000013,-0.000013,0,2.39,0.1,-0.11,0,21.9814,0.0403,-0.0402
LTT 9779 b,LTT 9779,Transit,2020,0,0.792052,0.0000093,-0.0000093,0,4.72,0.23,-0.23,0,80.4373,0.3174,-0.315
LkCa 15 b,LkCa 15,Imaging,2015,1,,,,,,,,,158.152,1.223,-1.204
LkCa 15 c,LkCa 15,Imaging,2015,1,,,,,,,,,158.152,1.223,-1.204
Luhman 16 b,Luhman 16 A,Imaging,2017,0,9697,1790,-1534,0,11.9,,,0,,,
Lupus-TR-3 b,Lupus-TR-3,Transit,2007,0,3.91405,0.00004,-0.00004,0,9.976,0.785,-0.785,0,773.409,333.601,-179.29
M62H b,M62H,Pulsar Timing,2024,0,0.132935028,0.000000008,-0.000000008,0,,,,,,,
MASCARA-1 b,MASCARA-1,Transit,2017,0,2.14877381,0.00000088,-0.00000087,0,17.90074218,0.20176165,-0.21297063,0,182.273,1.963,-1.922
MASCARA-4 b,MASCARA-4,Transit,2020,0,2.8240932,0.0000046,-0.0000046,0,16.98160576,0.49319515,-0.49319515,0,170.696,0.938,-0.928
MOA-2007-BLG-192L b,MOA-2007-BLG-192L,Microlensing,2008,0,,,,,3.58,,,0,2160,300,-300
MOA-2007-BLG-400L b,MOA-2007-BLG-400L,Microlensing,2008,0,,,,,13.5,,,0,6890,770,-770
MOA-2008-BLG-310L b,MOA-2008-BLG-310L,Microlensing,2009,0,,,,,5.18,,,0,7700,1100,-1100
MOA-2008-BLG-379L b,MOA-2008-BLG-379L,Microlensing,2013,0,,,,,13,,,0,3300,1300,-1200
MOA-2009-BLG-266L b,MOA-2009-BLG-266L,Microlensing,2011,0,2800,2800,-500,0,3.21,,,0,3040,330,-330
MOA-2009-BLG-319L b,MOA-2009-BLG-319L,Microlensing,2010,0,,,,,9.64,,,0,7050,710,-710
MOA-2009-BLG-387L b,MOA-2009-BLG-387L,Microlensing,2010,0,1980,790,-590,0,13.2,,,0,5690,2180,-2190
MOA-2010-BLG-073L b,MOA-2010-BLG-073L,Microlensing,2012,0,,,,,12.4,,,0,2800,400,-400
MOA-2010-BLG-117L b,MOA-2010-BLG-117L,Microlensing,2018,0,,,,,14.2,,,0,3500,400,-400
MOA-2010-BLG-328L b,MOA-2010-BLG-328L,Microlensing,2013,0,,,,,2.99,,,0,810,100,-100
MOA-2010-BLG-353L b,MOA-2010-BLG-353L,Microlensing,2015,0,,,,,11.1,,,0,6430,1090,-1150
MOA-2010-BLG-477L b,MOA-2010-BLG-477L,Microlensing,2012,0,,,,,13.6,,,0,2300,600,-600
MOA-2011-BLG-028L b,MOA-2011-BLG-028L,Microlensing,2016,0,,,,,5.99,,,0,7380,520,-620
MOA-2011-BLG-262L b,MOA-2011-BLG-262L,Microlensing,2014,0,,,,,4.29,,,0,7200,800,-800
MOA-2011-BLG-291L b,MOA-2011-BLG-291L,Microlensing,2018,0,,,,,4.43,,,0,4400,1400,-1400
MOA-2011-BLG-293L b,MOA-2011-BLG-293L,Microlensing,2012,0,3000,,,0,12.9,,,0,7720,440,-440
MOA-2011-BLG-322L b,MOA-2011-BLG-322L,Microlensing,2013,0,,,,,12.4,,,0,7560,910,-910
MOA-2012-BLG-006L b,MOA-2012-BLG-006L,Microlensing,2017,0,,,,,12.6,,,0,5300,800,-1300
MOA-2012-BLG-505L b,MOA-2012-BLG-505L,Microlensing,2017,0,,,,,2.48,,,0,7210,1140,-1110
MOA-2013-BLG-220L b,MOA-2013-BLG-220L,Microlensing,2014,0,,,,,13.2,,,0,6720,590,-590
MOA-2013-BLG-605L b,MOA-2013-BLG-605L,Microlensing,2016,0,,,,,1.62,,,0,850,80,-80
MOA-2015-BLG-337L b,MOA-2015-BLG-337L,Microlensing,2018,0,,,,,6.42,,,0,7100,1100,-1000
MOA-2016-BLG-227L b,MOA-2016-BLG-227L,Microlensing,2017,0,,,,,13.2,,,0,6500,1000,-1000
MOA-2016-BLG-319L b,MOA-2016-BLG-319L,Microlensing,2018,0,,,,,14.1,,,0,6800,1200,-1400
MOA-2016-BLG-526L b,MOA-2016-BLG-526L,Microlensing,2024,0,,,,,3.97,,,0,6930,750,-750
MOA-2019-BLG-008L b,MOA-2019-BLG-008L,Microlensing,2022,0,,,,,12.2,,,0,2700,300,-300
MOA-2020-BLG-135L b,MOA-2020-BLG-135L,Microlensing,2022,0,,,,,3.37,,,0,7900,1000,-1000
MOA-2020-BLG-208L b,MOA-2020-BLG-208L,Microlensing,2023,0,,,,,7.71,,,0,7490,990,-1130
MOA-2022-BLG-033L b,MOA-2022-BLG-033L,Microlensing,2025,0,,,,,3.52,,,0,1840,1000,-640
MOA-2022-BLG-091L b,MOA-2022-BLG-091L,Microlensing,2025,0,,,,,13,,,0,4250,1520,-1530
MOA-2022-BLG-249L b,MOA-2022-BLG-249L,Microlensing,2023,0,,,,,2.04,,,0,2000,420,-420
MOA-2022-BLG-563L b,MOA-2022-BLG-563L,Microlensing,2024,0,,,,,14,,,0,6530,1120,-1570
MOA-bin-1L b,MOA-bin-1L,Microlensing,2012,0,,,,,13,,,0,5100,1200,-1900
MOA-bin-29 b,MOA-bin-29,Microlensing,2019,0,,,,,14.1,,,0,7120,1150,-1050
MWC 758 c,MWC 758,Imaging,2023,0,,,,,,,,,159.537,1.742,-1.706
MXB 1658-298 b,MXB 1658-298,Eclipse Timing Variations,2017,0,760,,,0,12,,,0,,,
NGC 2682 Sand 1429 b,NGC 2682 Sand 1429,Radial Velocity,2024,0,77.48,0.18,-0.19,0,13.4,,,0,852.793,29.499,-27.625
NGC 2682 Sand 978 b,NGC 2682 Sand 978,Radial Velocity,2017,0,511.21,2.04,-2.04,0,13.3,,,0,821.918,30.526,-30.526
NGC 2682 YBP 1194 b,NGC 2682 YBP 1194,Radial Velocity,2014,0,6.959,0.001,-0.001,0,12.3,,,0,872.92,28.353,-28.353
NGC 2682 YBP 1514 b,NGC 2682 YBP 1514,Radial Velocity,2014,0,5.118,0.001,-0.001,0,14,,,0,914.221,30.32,-30.32
NGC 2682 YBP 401 b,NGC 2682 YBP 401,Radial Velocity,2016,0,4.087,0.007,-0.007,0,14.3,,,0,830.822,21.8685,-21.8685
NGTS-1 b,NGTS-1,Transit,2017,0,2.647298,0.00002,-0.00002,0,14.90797,6.83749,-3.69897,0,218.121,1.037,-1.037
NGTS-10 b,NGTS-10,Transit,2020,0,0.7668944,0.0000003,-0.0000003,0,13.506845,1.311453,-0.930347,0,324.6986504,27.52228744,-27.52228744
NGTS-11 b,NGTS-11,Transit,2020,0,35.45533,0.00019,-0.00019,0,9.157753,0.313852,-0.358688,0,190.422,1.777,-1.744
NGTS-12 b,NGTS-12,Transit,2020,0,7.532806,0.000048,-0.000048,0,11.747032,0.358688,-0.358688,0,446.442,7.706,-7.453
NGTS-13 b,NGTS-13,Transit,2021,0,4.119027,0.000023,-0.000023,0,12.800678,0.515614,-0.515614,0,647.595,15.059,-14.402
NGTS-14 A b,NGTS-14 A,Transit,2021,0,3.5357173,0.0000069,-0.0000069,0,4.976796,0.33627,-0.33627,0,322.148,3.632,-3.553
NGTS-15 b,NGTS-15,Transit,2021,0,3.27623,0.00001,-0.00001,0,12.32987877,1.12089807,-1.12089807,0,786.485,10.685,-10.408
NGTS-16 b,NGTS-16,Transit,2021,0,4.84532,0.00002,-0.00002,0,14.57167491,1.45716749,-1.34507768,0,898.168,17.701,-17.042
NGTS-17 b,NGTS-17,Transit,2021,0,3.24253,0.00001,-0.00001,0,13.89913607,1.23298788,-1.23298788,0,1040.28,22.05,-21.16
NGTS-18 b,NGTS-18,Transit,2021,0,3.05125,0.00001,-0.00001,0,13.56286665,2.01761653,-2.01761653,0,1096.19,43.11,-40.02
NGTS-2 b,NGTS-2,Transit,2018,0,4.511164,0.000061,-0.000061,0,17.878355,0.526823,-0.504405,0,356.391,8.2,-7.845
NGTS-20 b,NGTS-20,Transit,2022,0,54.18915,0.00015,-0.00015,0,11.99360935,0.44835923,-0.44835923,0,382.898,7.433,-7.159
NGTS-21 b,NGTS-21,Transit,2022,0,1.5433897,0.0000016,-0.0000016,0,14.90794433,0.33626942,-0.33626942,0,592.891,15.995,-15.19
NGTS-23 b,NGTS-23,Transit,2022,0,4.0764326,0.0000041,-0.0000041,0,14.20177855,0.33626942,-0.33626942,0,1074.95,19.91,-19.21
NGTS-24 b,NGTS-24,Transit,2022,0,3.4678796,0.000007,-0.000007,0,13.60770257,0.65012088,-0.6949568,0,683.062,11.048,-10.709
NGTS-25 b,NGTS-25,Transit,2022,0,2.823093,0.0000033,-0.0000033,0,11.46678726,0.39231432,-0.582867,0,521.233,8.367,-8.112001
NGTS-26 b,NGTS-26,Transit,2024,0,4.5199279,0.000009,-0.0000092,0,14.88552637,0.66132986,-0.53803107,0,1093.69,43.12,-40.03
NGTS-27 b,NGTS-27,Transit,2024,0,3.3704181,0.0000059,-0.0000057,0,15.64773706,0.42594127,-0.39231432,0,942.122,29.592,-27.874
NGTS-3 A b,NGTS-3 A,Transit,2018,0,1.6753728,0.000003,-0.000003,0,16.58932,4.14733,-4.14733,0,743.972,10.892,-10.588
NGTS-30 b,NGTS-30,Transit,2024,0,98.29838,0.0001,-0.00009,0,10.40193409,0.35868738,-0.35868738,0,238.377,2.438,-2.389
NGTS-31 b,NGTS-31,Transit,2025,0,4.162734,0.000004,-0.000004,0,18.04645893,1.79343691,-1.79343691,0,497.376,,
NGTS-32 b,NGTS-32,Transit,2025,0,3.31211,0.00002,-0.00002,0,15.91675259,0.33626942,-0.33626942,0,837.457,16.274,-15.675
NGTS-33 b,NGTS-33,Transit,2024,0,2.827972,0.000001,-0.000001,0,18.38272835,0.78462865,-0.78462865,0,437.855,4.371,-4.286
NGTS-34 b,NGTS-34,Transit,2025,0,43.12655,0.00012,-0.00017,0,3.65,0.22,-0.22,0,120.475,0.433,-0.43
NGTS-35 b,NGTS-35,Transit,2025,0,25.241192,0.000022,-0.000022,0,10.9,0.65,-0.65,0,183.078,1.289,-1.272
NGTS-38 b,NGTS-38,Transit,2026,0,180.52797,0.00036,-0.00036,0,12.11690814,0.52682209,-0.52682209,0,268.637,1.986,-1.958
NGTS-39 b,NGTS-39,Transit,2026,0,58.20472,0.000042,-0.000038,0,12.195371,0.13450777,-0.13450777,0,278.402,3.982,-3.872
NGTS-4 b,NGTS-4,Transit,2019,0,1.3373508,0.000008,-0.000008,0,3.18,0.26,-0.26,0,280.555,1.822,-1.799
NGTS-5 b,NGTS-5,Transit,2019,0,3.3569866,0.0000026,-0.0000026,0,12.733424,0.257807,-0.257807,0,306.779,2.601,-2.558
NGTS-6 b,NGTS-6,Transit,2019,0,0.882059,0.0000008,-0.0000008,0,14.863134,1.087273,-1.255408,0,308.262,1.418,-1.407
NGTS-8 b,NGTS-8,Transit,2019,0,2.4997,0.00001,-0.00001,0,12.21781,0.33627,-0.33627,0,428.976,5.621,-5.481
NGTS-9 b,NGTS-9,Transit,2019,0,4.43527,0.00002,-0.00002,0,11.99363,0.67254,-0.67254,0,609.128,15.952,-15.171
NN Ser c,NN Ser,Eclipse Timing Variations,2010,1,6987,20,-20,0,12.6,,,0,515.818,28.166,-25.435
NN Ser d,NN Ser,Eclipse Timing Variations,2010,1,2880,51,-51,0,13.3,,,0,515.818,28.166,-25.435
NSVS 14256825 b,NSVS 14256825,Eclipse Timing Variations,2019,1,3225,22,-22,0,12.3,,,0,820.877,41.457,-41.457
NY Vir b,NY Vir,Eclipse Timing Variations,2011,1,3160,62,-62,0,13.3,,,0,544.024,18.8765,-18.8765
NY Vir c,NY Vir,Eclipse Timing Variations,2019,1,8799,240,-240,0,12.8,,,0,544.024,18.8765,-18.8765
OGLE-2003-BLG-235L b,OGLE-2003-BLG-235L,Microlensing,2004,0,,,,,13.2,,,0,5800,600,-700
OGLE-2005-BLG-071L b,OGLE-2005-BLG-071L,Microlensing,2005,0,,,,,13,,,0,3200,400,-400
OGLE-2005-BLG-169L b,OGLE-2005-BLG-169L,Microlensing,2006,0,,,,,3.84,,,0,4100,400,-400
OGLE-2005-BLG-390L b,OGLE-2005-BLG-390L,Microlensing,2005,0,3285,3285,-1095,0,2.21,,,0,6600,1000,-1000
OGLE-2006-BLG-109L b,OGLE-2006-BLG-109L,Microlensing,2008,0,1788.5,584,-547.5,0,14,,,0,1510,110,-120
OGLE-2006-BLG-109L c,OGLE-2006-BLG-109L,Microlensing,2008,0,4927.5,3540.5,-1752,0,11.1,,,0,1510,110,-120
OGLE-2006-BLG-284L A b,OGLE-2006-BLG-284L A,Microlensing,2020,0,,,,,14.3,,,0,4000,1500,-1500
OGLE-2007-BLG-349L AB c,OGLE-2007-BLG-349L A,Microlensing,2016,0,2557,,,0,10.7,,,0,2760,380,-380
OGLE-2007-BLG-368L b,OGLE-2007-BLG-368L,Microlensing,2009,0,,,,,4.72,,,0,5900,900,-1400
OGLE-2008-BLG-092L b,OGLE-2008-BLG-092L,Microlensing,2014,0,,,,,8.74,,,0,8100,,
OGLE-2008-BLG-355L b,OGLE-2008-BLG-355L,Microlensing,2014,0,,,,,12.9,,,0,6800,1100,-1100
OGLE-2011-BLG-0173L b,OGLE-2011-BLG-0173L,Microlensing,2018,0,,,,,9.01,,,0,6100,1300,-1700
OGLE-2011-BLG-0251L b,OGLE-2011-BLG-0251L,Microlensing,2012,0,,,,,14.2,,,0,2570,610,-610
OGLE-2011-BLG-0265L b,OGLE-2011-BLG-0265L,Microlensing,2015,0,,,,,13.9,,,0,4380,510,-450
OGLE-2012-BLG-0026L b,OGLE-2012-BLG-0026L,Microlensing,2012,0,,,,,7.72,,,0,4019,380,-380
OGLE-2012-BLG-0026L c,OGLE-2012-BLG-0026L,Microlensing,2012,0,,,,,13.9,,,0,4019,380,-380
OGLE-2012-BLG-0358L b,OGLE-2012-BLG-0358L,Microlensing,2013,0,,,,,13.4,,,0,1760,130,-130
OGLE-2012-BLG-0406L b,OGLE-2012-BLG-0406L,Microlensing,2013,0,,,,,13.2,,,0,4970,290,-290
OGLE-2012-BLG-0563L b,OGLE-2012-BLG-0563L,Microlensing,2015,0,,,,,13.6,,,0,1300,600,-800
OGLE-2012-BLG-0724L b,OGLE-2012-BLG-0724L,Microlensing,2016,0,,,,,14.3,,,0,6700,1100,-1200
OGLE-2012-BLG-0838L b,OGLE-2012-BLG-0838L,Microlensing,2020,0,,,,,8.39,,,0,6320,830,-1040
OGLE-2012-BLG-0950L b,OGLE-2012-BLG-0950L,Microlensing,2016,0,,,,,6.56,,,0,2600,500,-700
OGLE-2013-BLG-0102L b,OGLE-2013-BLG-0102L,Microlensing,2014,0,,,,,12.3,,,0,3040,310,-310
OGLE-2013-BLG-0132L b,OGLE-2013-BLG-0132L,Microlensing,2017,0,,,,,11.6,,,0,3900,1500,-1300
OGLE-2013-BLG-0341L B b,OGLE-2013-BLG-0341L B,Microlensing,2014,0,,,,,1.16,,,0,911,70,-70
OGLE-2013-BLG-0911L b,OGLE-2013-BLG-0911L,Microlensing,2019,0,,,,,12.5,,,0,3220,470,-350
OGLE-2013-BLG-1721L b,OGLE-2013-BLG-1721L,Microlensing,2017,0,,,,,14.1,,,0,6300,1100,-1600
OGLE-2013-BLG-1761L b,OGLE-2013-BLG-1761L,Microlensing,2017,0,,,,,13.2,,,0,6900,1000,-1200
OGLE-2014-BLG-0124L b,OGLE-2014-BLG-0124L,Microlensing,2015,0,,,,,14.1,,,0,3500,200,-200
OGLE-2014-BLG-0221L b,OGLE-2014-BLG-0221L,Microlensing,2024,0,,,,,12.9,,,0,3680,1130,-1160
OGLE-2014-BLG-0319L b,OGLE-2014-BLG-0319L,Microlensing,2022,0,,,,,14.1,,,0,7730,1140,-2840
OGLE-2014-BLG-0676L b,OGLE-2014-BLG-0676L,Microlensing,2016,0,,,,,13,,,0,2670,770,-1410
OGLE-2014-BLG-1722L b,OGLE-2014-BLG-1722L,Microlensing,2018,0,,,,,8.59,,,0,6400,1280,-1870
OGLE-2014-BLG-1722L c,OGLE-2014-BLG-1722L,Microlensing,2018,0,,,,,11,,,0,6400,1280,-1870
OGLE-2014-BLG-1760L b,OGLE-2014-BLG-1760L,Microlensing,2016,0,,,,,13.8,,,0,7056,1468,-1468
OGLE-2015-BLG-0051L b,OGLE-2015-BLG-0051L,Microlensing,2016,0,,,,,14,,,0,8200,900,-900
OGLE-2015-BLG-0954L b,OGLE-2015-BLG-0954L,Microlensing,2016,0,,,,,13.1,,,0,1200,1100,-500
OGLE-2015-BLG-0966L b,OGLE-2015-BLG-0966L,Microlensing,2016,0,,,,,4.86,,,0,3300,,
OGLE-2015-BLG-1609L b,OGLE-2015-BLG-1609L,Microlensing,2025,0,,,,,10.4,,,0,3300,2600,-2100
OGLE-2015-BLG-1649L b,OGLE-2015-BLG-1649L,Microlensing,2019,0,,,,,13.2,,,0,4230,1510,-1640
OGLE-2015-BLG-1670L b,OGLE-2015-BLG-1670L,Microlensing,2019,0,,,,,4.42,,,0,6700,1000,-1300
OGLE-2015-BLG-1771L b,OGLE-2015-BLG-1771L,Microlensing,2020,0,,,,,14.3,,,0,7070,1000,-1090
OGLE-2016-BLG-0007L b,OGLE-2016-BLG-0007L,Microlensing,2025,0,14200,7700,-3300,0,1.09,,,0,4300,1100,-1400
OGLE-2016-BLG-0263L b,OGLE-2016-BLG-0263L,Microlensing,2017,0,,,,,13,,,0,6500,1300,-1900
OGLE-2016-BLG-0613L AB b,OGLE-2016-BLG-0613L AB,Microlensing,2017,0,,,,,13,,,0,3410,1340,-1420
OGLE-2016-BLG-1067L b,OGLE-2016-BLG-1067L,Microlensing,2019,0,,,,,14.3,,,0,3730,660,-670
OGLE-2016-BLG-1093L b,OGLE-2016-BLG-1093L,Microlensing,2022,0,,,,,14,,,0,8120,690,-690
OGLE-2016-BLG-1190L b,OGLE-2016-BLG-1190L,Microlensing,2017,0,1220,1900,-300,0,12.3,,,0,6770,80,-90
OGLE-2016-BLG-1195L b,OGLE-2016-BLG-1195L,Microlensing,2017,0,,,,,1.11,,,0,3910,420,-460
OGLE-2016-BLG-1227L b,OGLE-2016-BLG-1227L,Microlensing,2020,0,,,,,13.9,,,0,,,
OGLE-2016-BLG-1266L b,OGLE-2016-BLG-1266L,Microlensing,2018,0,,,,,12.4,,,0,3080,180,-180
OGLE-2016-BLG-1598L b,OGLE-2016-BLG-1598L,Microlensing,2024,0,,,,,13.6,,,0,5910,1740,-1740
OGLE-2016-BLG-1800L b,OGLE-2016-BLG-1800L,Microlensing,2024,0,,,,,13.2,,,0,6480,1030,-1030
OGLE-2017-BLG-0173L b,OGLE-2017-BLG-0173L,Microlensing,2018,0,,,,,1.62,,,0,4705,1468,-1763
OGLE-2017-BLG-0364L b,OGLE-2017-BLG-0364L,Microlensing,2024,0,,,,,10.3,,,0,7860,1080,-1990
OGLE-2017-BLG-0373L b,OGLE-2017-BLG-0373L,Microlensing,2018,0,,,,,14,,,0,5915,1123,-1478
OGLE-2017-BLG-0406L b,OGLE-2017-BLG-0406L,Microlensing,2020,0,,,,,14.2,,,0,5200,500,-500
OGLE-2017-BLG-0448L b,OGLE-2017-BLG-0448L,Microlensing,2024,0,,,,,4.08,,,0,7530,870,-1540
OGLE-2017-BLG-0482L b,OGLE-2017-BLG-0482L,Microlensing,2018,0,,,,,2.95,,,0,5800,1800,-2100
OGLE-2017-BLG-0604L b,OGLE-2017-BLG-0604L,Microlensing,2020,0,,,,,14.2,,,0,3950,1870,-1310
OGLE-2017-BLG-0640L b,OGLE-2017-BLG-0640L,Microlensing,2024,0,,,,,13.5,,,0,6630,1090,-1450
OGLE-2017-BLG-1049L b,OGLE-2017-BLG-1049L,Microlensing,2020,0,,,,,12.8,,,0,5670,1110,-1520
OGLE-2017-BLG-1099L b,OGLE-2017-BLG-1099L,Microlensing,2021,0,,,,,13.1,,,0,7250,1060,-1400
OGLE-2017-BLG-1140L b,OGLE-2017-BLG-1140L,Microlensing,2018,0,,,,,13.5,,,0,,,
OGLE-2017-BLG-1237L b,OGLE-2017-BLG-1237L,Microlensing,2024,0,,,,,13,,,0,6030,940,-1530
OGLE-2017-BLG-1275L b,OGLE-2017-BLG-1275L,Microlensing,2024,0,,,,,12.8,,,0,7690,900,-900
OGLE-2017-BLG-1375L b,OGLE-2017-BLG-1375L,Microlensing,2020,0,,,,,12.4,,,0,3930,1490,-910
OGLE-2017-BLG-1434L b,OGLE-2017-BLG-1434L,Microlensing,2018,0,,,,,1.94,,,0,860,50,-50
OGLE-2017-BLG-1522L b,OGLE-2017-BLG-1522L,Microlensing,2018,0,,,,,14,,,0,7490,910,-880
OGLE-2017-BLG-1691L b,OGLE-2017-BLG-1691L,Microlensing,2022,0,,,,,3.92,,,0,7290,1010,-1330
OGLE-2017-BLG-1806L b,OGLE-2017-BLG-1806L,Microlensing,2023,0,,,,,2.15,,,0,6400,770,-1510
OGLE-2018-BLG-0298L b,OGLE-2018-BLG-0298L,Microlensing,2022,0,,,,,7.56,,,0,6540,950,-1230
OGLE-2018-BLG-0383L b,OGLE-2018-BLG-0383L,Microlensing,2022,0,,,,,2.41,,,0,7700,600,-600
OGLE-2018-BLG-0506L b,OGLE-2018-BLG-0506L,Microlensing,2022,0,,,,,4.18,,,0,5600,1400,-1600
OGLE-2018-BLG-0516L b,OGLE-2018-BLG-0516L,Microlensing,2022,0,,,,,4.73,,,0,7000,900,-2200
OGLE-2018-BLG-0532L b,OGLE-2018-BLG-0532L,Microlensing,2020,0,,,,,2.37,,,0,773,102,-99
OGLE-2018-BLG-0567L b,OGLE-2018-BLG-0567L,Microlensing,2021,0,,,,,12.3,,,0,7060,930,-1150
OGLE-2018-BLG-0596L b,OGLE-2018-BLG-0596L,Microlensing,2019,0,,,,,3.81,,,0,5650,750,-750
OGLE-2018-BLG-0677L b,OGLE-2018-BLG-0677L,Microlensing,2020,0,,,,,1.82,,,0,7580,1150,-1350
OGLE-2018-BLG-0740L b,OGLE-2018-BLG-0740L,Microlensing,2019,0,5480,1200,-1200,0,12.9,,,0,3200,500,-500
OGLE-2018-BLG-0799L b,OGLE-2018-BLG-0799L,Microlensing,2022,0,,,,,10.9,,,0,4050,1780,-1160
OGLE-2018-BLG-0932L b,OGLE-2018-BLG-0932L,Microlensing,2022,0,,,,,13.9,,,0,6620,910,-860
OGLE-2018-BLG-0962L b,OGLE-2018-BLG-0962L,Microlensing,2021,0,,,,,13.6,,,0,6500,1060,-1750
OGLE-2018-BLG-0977L b,OGLE-2018-BLG-0977L,Microlensing,2022,0,,,,,2.41,,,0,6500,1200,-2200
OGLE-2018-BLG-1011L b,OGLE-2018-BLG-1011L,Microlensing,2019,0,,,,,13.5,,,0,7100,1100,-1500
OGLE-2018-BLG-1011L c,OGLE-2018-BLG-1011L,Microlensing,2019,0,,,,,13.2,,,0,7100,1100,-1500
OGLE-2018-BLG-1119L b,OGLE-2018-BLG-1119L,Microlensing,2022,0,,,,,13.9,,,0,5760,1430,-2480
OGLE-2018-BLG-1126L b,OGLE-2018-BLG-1126L,Microlensing,2022,0,,,,,4.41,,,0,5700,1820,-2420
OGLE-2018-BLG-1185L b,OGLE-2018-BLG-1185L,Microlensing,2021,0,,,,,2.83,,,0,7400,510,-880
OGLE-2018-BLG-1212L b,OGLE-2018-BLG-1212L,Microlensing,2022,0,,,,,9.32,,,0,1550,1260,-540
OGLE-2018-BLG-1269L b,OGLE-2018-BLG-1269L,Microlensing,2020,0,,,,,14.1,,,0,2510,900,-610
OGLE-2018-BLG-1367L b,OGLE-2018-BLG-1367L,Microlensing,2022,0,,,,,13.8,,,0,5370,1500,-1420
OGLE-2018-BLG-1428L b,OGLE-2018-BLG-1428L,Microlensing,2021,0,,,,,14,,,0,6220,1030,-1510
OGLE-2018-BLG-1647L b,OGLE-2018-BLG-1647L,Microlensing,2022,0,,,,,13.8,,,0,7880,1180,-1000
OGLE-2018-BLG-1700L b,OGLE-2018-BLG-1700L,Microlensing,2020,0,,,,,12.9,,,0,7600,1200,-900
OGLE-2019-BLG-0249L b,OGLE-2019-BLG-0249L,Microlensing,2023,0,,,,,12.7,,,0,6370,820,-820
OGLE-2019-BLG-0299L b,OGLE-2019-BLG-0299L,Microlensing,2021,0,,,,,12.7,,,0,5830,1210,-1850
OGLE-2019-BLG-0304L b,OGLE-2019-BLG-0304L,Microlensing,2021,0,,,,,14.2,,,0,6980,910,-900
OGLE-2019-BLG-0362L b,OGLE-2019-BLG-0362L,Microlensing,2022,0,,,,,13.1,,,0,5830,1040,-1550
OGLE-2019-BLG-0468L b,OGLE-2019-BLG-0468L,Microlensing,2022,0,,,,,13.1,,,0,4400,1150,-1020
OGLE-2019-BLG-0468L c,OGLE-2019-BLG-0468L,Microlensing,2022,0,,,,,12.5,,,0,4400,1150,-1020
OGLE-2019-BLG-0679L b,OGLE-2019-BLG-0679L,Microlensing,2023,0,,,,,13.1,,,0,5630,1710,-1710
OGLE-2019-BLG-0954L b,OGLE-2019-BLG-0954L,Microlensing,2021,0,,,,,12.3,,,0,3630,1220,-1640
OGLE-2019-BLG-0960L b,OGLE-2019-BLG-0960L,Microlensing,2021,0,,,,,1.39,,,0,980,210,-210
OGLE-2019-BLG-1053L b,OGLE-2019-BLG-1053L,Microlensing,2021,0,,,,,1.38,,,0,6800,600,-900
OGLE-2019-BLG-1180L b,OGLE-2019-BLG-1180L,Microlensing,2023,0,,,,,13.5,,,0,6070,870,-1320
OGLE-2019-BLG-1470L AB c,OGLE-2019-BLG-1470L A,Microlensing,2022,0,,,,,13.3,,,0,5900,1200,-2700
OGLE-2019-BLG-1492L b,OGLE-2019-BLG-1492L,Microlensing,2022,0,,,,,6.79,,,0,5600,1700,-2200
OGLE-2023-BLG-0766L b,OGLE-2023-BLG-0766L,Microlensing,2026,0,,,,,13.7,,,0,7400,900,-900
OGLE-2023-BLG-0836L b,OGLE-2023-BLG-0836L,Microlensing,2024,0,,,,,12.9,,,0,5120,1360,-1610
OGLE-TR-10 b,OGLE-TR-10,Transit,2004,0,3.101278,,,0,14.011,1.569,-1.345,0,1344.97,111.665,-111.665
OGLE-TR-111 b,OGLE-TR-111,Transit,2004,0,4.0144463,0.000001,-0.000001,0,11.421971,0.291434,-0.291434,0,1068.33,64.795,-64.795
OGLE-TR-113 b,OGLE-TR-113,Transit,2004,0,1.4324752,,,0,12.251,0.314,-0.213,0,566.459,11.489,-11.05
OGLE-TR-132 b,OGLE-TR-132,Transit,2004,0,1.689868,,,0,13.45,1.68,-1.23,0,2012.62,231.82,-231.82
OGLE-TR-182 b,OGLE-TR-182,Transit,2007,0,3.9791,0.00001,-0.00001,0,12.666,2.69,-0.897,0,2501.75,399.855,-399.855
OGLE-TR-211 b,OGLE-TR-211,Transit,2007,0,3.67724,0.00003,-0.00003,0,15.244,2.018,-1.009,0,1515.26,109.825,-109.825
OGLE-TR-56 b,OGLE-TR-56,Transit,2002,0,1.2119189,,,0,15.278,1.031,-1.009,0,282.8391387,1.82608542,-1.82608542
OGLE2-TR-L9 b,OGLE2-TR-L9,Transit,2008,0,2.4855335,0.0000007,-0.0000007,0,18.046,0.448,-0.448,0,1627.63,80.28,-73.2
Oph 11 b,Oph 11,Imaging,2006,0,7300000,3650000,-3650000,0,12.3,,,0,136.165592,7.52820842,-7.52820842
PDS 70 b,PDS 70,Imaging,2018,0,43500,,,0,21.96960217,2.24179614,-1.90552672,0,113.064,0.523,-0.519
PDS 70 c,PDS 70,Imaging,2019,0,,,,,22.19378179,4.37150247,-3.47478402,0,113.064,0.523,-0.519
PH1 b,PH1,Transit,2012,0,138.317,0.04,-0.027,0,6.18,0.17,-0.17,0,1033.16,,
PH2 b,PH2,Transit,2013,0,282.52542,0.00011,-0.00011,0,9.33708092,0.2914335,-0.26901554,0,343.863,3.631,-3.557
POTS-1 b,POTS-1,Transit,2013,0,3.1606296,0.00000157,-0.00000157,0,10.548,0.404,-0.527,0,747.959,46.4025,-46.4025
PSR B0329+54 b,PSR B0329+54,Pulsar Timing,2017,0,10140,11,-11,0,1.22,,,0,504.9331206,278.1322545,-278.1322545
PSR B1257+12 b,PSR B1257+12,Pulsar Timing,1994,0,25.262,0.003,-0.003,0,0.338,,,0,600,100,-100
PSR B1257+12 c,PSR B1257+12,Pulsar Timing,1992,0,66.5419,0.0001,-0.0001,0,1.91,,,0,600,100,-100
PSR B1257+12 d,PSR B1257+12,Pulsar Timing,1992,0,98.2114,0.0002,-0.0002,0,1.8,,,0,600,100,-100
PSR B1620-26 b,PSR B1620-26,Pulsar Timing,2003,0,,,,,13.3,,,0,,,
PSR J1719-1438 b,PSR J1719-1438,Pulsar Timing,2011,0,0.090706293,0.000000002,-0.000000002,0,,,,,1200,300,-300
PSR J2322-2650 b,PSR J2322-2650,Pulsar Timing,2017,0,0.322963997,0.000000006,-0.000000006,0,13.9,,,0,230,90,-50
PZ Tel b,PZ Tel,Imaging,2023,0,44000,40000,-10000,0,11.9,,,0,47.0648,0.1347,-0.1338
Pr0201 b,Pr0201,Radial Velocity,2012,0,4.4264,0.007,-0.007,0,14.2,,,0,180.64,2.488,-2.423
Pr0211 b,Pr0211,Radial Velocity,2012,0,2.1461,0.00003,-0.00003,0,13.4,,,0,182.714,1.063,-1.051
Pr0211 c,Pr0211,Radial Velocity,2016,0,4850,4560,-1750,0,12.6,,,0,182.714,1.063,-1.051
Proxima Cen b,Proxima Cen,Radial Velocity,2016,0,11.18465,0.00053,-0.00053,0,1.02,,,0,1.30119,0.00034,-0.00035
Proxima Cen d,Proxima Cen,Radial Velocity,2025,0,5.12338,0.00035,-0.00035,0,0.692,,,0,1.30119,0.00034,-0.00035
Qatar-1 b,Qatar-1,Transit,2010,0,1.4200242,0.00000022,-0.00000022,0,12.811887,0.291434,-0.280225,0,185.615,0.805,-0.797
Qatar-10 b,Qatar-10,Transit,2019,0,1.645321,0.00001,-0.00001,0,17.295487,0.44836,-0.44836,0,559.068,6.085,-5.957
Qatar-2 b,Qatar-2,Transit,2011,0,1.33711647,0.00000026,-0.00000026,0,14.056,0.146,-0.146,0,181.374,1.218,-1.203
Qatar-3 b,Qatar-3,Transit,2017,0,2.5079204,,,0,12.285064,1.56926,-1.56926,0,735.601,33.463,-30.723
Qatar-4 b,Qatar-4,Transit,2017,0,1.8053564,,,0,12.722215,1.23299,-1.23299,0,329.036,2.891,-2.843
Qatar-5 b,Qatar-5,Transit,2017,0,2.8792319,,,0,12.408363,0.717376,-0.717376,0,367.658,8.089,-7.755
Qatar-6 b,Qatar-6,Transit,2017,0,3.506195,0.000018,-0.000018,0,11.903958,0.795839,-0.795839,0,100.848,0.464,-0.46
Qatar-7 b,Qatar-7,Transit,2019,0,2.032046,0.0000097,-0.000014,0,19.0553,0.33627,-0.33627,0,705.981,26.066,-24.305
Qatar-8 b,Qatar-8,Transit,2019,0,3.71495,0.001,-0.001,0,14.403565,0.246598,-0.246598,0,281.498,2.588,-2.543
Qatar-9 b,Qatar-9,Transit,2019,0,1.540731,0.000038,-0.000038,0,11.309881,0.156926,-0.156926,0,213.771,0.84,-0.834
ROXs 12 b,ROXs 12,Imaging,2013,0,,,,,12.2,,,0,136.65,0.788,-0.779
ROXs 42 B b,ROXs 42 B,Imaging,2013,0,,,,,12.5,,,0,143.59,1.542,-1.511
RR Cae b,RR Cae,Eclipse Timing Variations,2012,1,4343.5,36.5,-36.5,0,13,,,0,21.1916,0.011,-0.011
Ross 128 b,Ross 128,Radial Velocity,2017,0,9.8658,0.007,-0.007,0,1.11,,,0,3.37454,0.000805,-0.000805
Ross 176 b,Ross 176,Transit,2025,0,5.0066338,0.000008,-0.000007,0,1.84,0.08,-0.08,0,46.4488,0.051,-0.051
Ross 458 c,Ross 458,Imaging,2010,0,,,,,14.01125,,,0,11.5094,0.02025,-0.02025
Ross 508 b,Ross 508,Radial Velocity,2022,0,10.77,0.01,-0.01,0,1.83,,,0,11.2103,0.0107,-0.0107
SPECULOOS-3 b,SPECULOOS-3,Transit,2024,0,0.71912603,0.00000057,-0.00000057,0,0.977,0.022,-0.022,0,,,
SR 12 AB c,SR 12 AB,Imaging,2010,0,,,,,12.3,,,0,112.3172158,5.4094838,-5.4094838
SWEEPS-11 b,SWEEPS-11,Transit,2006,0,1.796,,,0,12.666,2.354,-2.354,0,8500,,
SWEEPS-4 b,SWEEPS-4,Transit,2006,0,4.2,,,0,9.079,1.121,-1.121,0,8500,,
TAP 26 b,TAP 26,Radial Velocity,2017,0,10.79,0.14,-0.14,0,13.5,,,0,121.402,0.569,-0.563
TCP J05074264+2447555 b,TCP J05074264+2447555,Microlensing,2018,0,,,,,4.72,,,0,505,47,-47
TIC 117642575 b,TIC 117642575,Transit,2026,0,4.944590602,5.00111E-05,-4.37439E-05,0,2.82716337,0.28514319,-0.25773518,0,188.758,1.234,-1.218
TIC 139270665 b,TIC 139270665,Transit,2024,0,23.624,0.03,-0.031,0,7.22979255,0.26901554,-0.24659758,0,189.875,1.615,-1.589
TIC 139270665 c,TIC 139270665,Radial Velocity,2024,0,1010,780,-220,0,12.9,,,0,189.875,1.615,-1.589
TIC 139702105 b,TIC 139702105,Transit,2026,0,6.836019034,5.60265E-05,-5.68692E-05,0,2.45316949,0.29500474,-0.24622913,0,91.7884,0.3013,-0.2994
TIC 142589416 b,TIC 142589416,Transit,2026,0,2.095184663,1.05002E-05,-9.49065E-06,0,2.67899519,0.37365834,-0.26903649,0,168.933,0.443,-0.44
TIC 147027702 b,TIC 147027702,Transit,2026,0,44.40523,0.00013,-0.00013,0,10.92875618,0.72858375,-0.71737476,0,457.186,6.469,-6.295
TIC 150070085 b,TIC 150070085,Transit,2026,0,10.47423,0.000045,-0.000044,0,3.62,0.21,-0.2,0,204.368,2.322,-2.271
TIC 153919886 b,TIC 153919886,Transit,2026,0,2.105104923,8.63608E-06,-8.92347E-06,0,2.70601108,0.28201647,-0.23940357,0,132.33,0.341,-0.341
TIC 154870955 b,TIC 154870955,Transit,2026,0,7.969874713,7.84177E-05,-7.81912E-05,0,3.09467466,0.51582816,-0.3402219,0,226.463,0.692,-0.688
TIC 160113658 b,TIC 160113658,Transit,2026,0,6.729522621,7.39276E-05,-6.97436E-05,0,3.49015778,0.9594699,-0.40018841,0,200.156,0.843,-0.837
TIC 161045582 b,TIC 161045582,Transit,2026,0,8.8557719,0.000150215,-0.00015277,0,2.24566738,0.25949107,-0.22531238,0,162.246,0.573,-0.568
TIC 172900988 b,TIC 172900988 Aa,Transit,2021,0,200.452,0.011,-0.011,0,11.25,0.44,-0.44,0,250.956,3.254,-3.172
TIC 178172313 b,TIC 178172313,Transit,2026,0,4.373181614,9.39429E-05,-9.87727E-05,0,2.80405322,0.87657907,-0.42159846,0,178.137,0.848,-0.841
TIC 183374187 b,TIC 183374187,Transit,2026,0,5.05907,0.00059,-0.00059,0,14.03364384,0.78462865,-0.78462865,0,1208.75,46.06,-42.87
TIC 188624430 b,TIC 188624430,Transit,2026,0,6.218604331,2.23895E-05,-2.12793E-05,0,3.64811843,0.288233,-0.2665682,0,300.743,1.755,-1.735
TIC 18942729 b,TIC 18942729,Transit,2026,0,0.998178381,6.43108E-05,-6.80762E-05,0,2.00021315,0.28986198,-0.22039639,0,115.169,0.622,-0.616
TIC 198190129 b,TIC 198190129,Transit,2026,0,7.948049107,2.3177E-05,-2.45238E-05,0,2.92284949,0.21251203,-0.20166389,0,130.035,0.219,-0.219
TIC 206466666 b,TIC 206466666,Transit,2026,0,9.104868652,0.000101267,-0.000103975,0,2.14817673,0.29725335,-0.22779036,0,127.837,0.349,-0.347
TIC 231949697 b,TIC 231949697,Transit,2026,0,0.907204487,2.66787E-06,-2.96468E-06,0,1.52831855,0.34944237,-0.18252922,0,50.2408,0.0622,-0.0622
TIC 237913194 b,TIC 237913194,Transit,2020,0,15.168865,0.000018,-0.000018,0,12.520453,0.605286,-0.526823,0,306.063,2.051,-2.025
TIC 241249530 b,TIC 241249530,Transit,2024,0,165.7719,0.00027,-0.00028,0,13.29385111,0.41473229,-0.44835923,0,324.448,3.696,-3.615
TIC 245076932 b,TIC 245076932,Transit,2026,0,21.61389,0.000017,-0.000017,0,10.87271128,0.53803107,-0.53803107,0,303.96,4.301,-4.184
TIC 24750448 b,TIC 24750448,Transit,2026,0,3.59159193,3.60528E-05,-4.59902E-05,0,2.43722231,0.31643391,-0.2681268,0,178.146,0.439,-0.436
TIC 24750448 c,TIC 24750448,Transit,2026,0,10.14385271,0.00012332,-0.000127145,0,3.09028272,0.42332739,-0.31924118,0,178.146,0.439,-0.436
TIC 249022743 b,TIC 249022743,Transit,2026,0,2.257196815,1.23584E-05,-1.19197E-05,0,4.79568155,0.39118649,-0.36349889,0,396.46,5.572,-5.423
TIC 257060897 b,TIC 257060897,Transit,2021,0,3.66003639,0.00000099,-0.00000098,0,17.26183028,0.48198617,-0.50440413,0,505.703,5.126,-5.025
TIC 260969020 b,TIC 260969020,Transit,2026,0,8.48584502,4.78698E-05,-4.44056E-05,0,2.22686612,0.23860135,-0.19249709,0,121.222,0.378,-0.376
TIC 270471727 b,TIC 270471727,Transit,2026,0,10.45623257,5.91284E-05,-5.72301E-05,0,2.75029559,0.36285616,-0.24677497,0,182.104,0.682,-0.677
TIC 279401253 b,TIC 279401253,Transit,2023,0,76.8,0.06,-0.06,0,11.2089807,0.44835923,-0.44835923,0,285.584,2.79,-2.738
TIC 279401253 c,TIC 279401253,Transit,2023,0,155.3,0.7,-0.7,0,12.6,,,0,285.584,2.79,-2.738
TIC 290487717 b,TIC 290487717,Transit,2026,0,3.400818229,0.00117933,-0.001447113,0,6.63777941,0.74098205,-0.60714227,0,395.574,3.492,-3.432
TIC 294329732 b,TIC 294329732,Transit,2026,0,9.756587618,8.04447E-05,-8.74603E-05,0,2.07692266,0.22293792,-0.18647061,0,189.333,0.697,-0.691
TIC 32032563 b,TIC 32032563,Transit,2026,0,13.83460488,0.000241501,-0.000231011,0,3.47739942,0.41441263,-0.34948645,0,507.858,3.274,-3.233
TIC 320419023 b,TIC 320419023,Transit,2026,0,5.263756516,6.04436E-05,-6.77141E-05,0,2.77280763,0.32201188,-0.2760399,0,288.893,3.038,-2.977
TIC 34085383 b,TIC 34085383,Transit,2026,0,3.477933685,1.69517E-05,-1.61789E-05,0,3.91982296,0.40942416,-0.33426205,0,149.12,0.922,-0.91
TIC 349520724 b,TIC 349520724,Transit,2026,0,7.94044635,4.29668E-05,-4.21086E-05,0,2.82626313,0.431678,-0.2920587,0,241.105,1.312,-1.297
TIC 356227008 b,TIC 356227008,Transit,2026,0,2.961474487,4.87052E-05,-4.01096E-05,0,2.39024009,0.34361461,-0.27903346,0,387.609,3.161,-3.11
TIC 365102760 b,TIC 365102760,Transit,2024,0,4.21285367,0.00000074,-0.00000074,0,6.21,0.76,-0.76,0,555.546,7.699,-7.494
TIC 38825265 b,TIC 38825265,Transit,2026,0,3.31336981,2.53578E-05,-2.19762E-05,0,2.18869476,0.35685651,-0.24522877,0,165.638,0.44,-0.438
TIC 38828280 b,TIC 38828280,Transit,2026,0,4.855589848,4.90834E-05,-5.2616E-05,0,2.62701629,0.83334438,-0.32055784,0,286.415,1.385,-1.372
TIC 390586021 b,TIC 390586021,Transit,2026,0,2.747037558,2.89607E-05,-2.92999E-05,0,2.86009388,0.30567917,-0.28246364,0,114.558,0.52,-0.517
TIC 393818343 b,TIC 393818343,Transit,2024,0,16.24921,0.0001,-0.00011,0,12.18416202,0.25780656,-0.23538859,0,93.7345,0.3527,-0.35
TIC 423703298 b,TIC 423703298,Transit,2026,0,4.03712712,3.91815E-05,-4.15445E-05,0,2.77230429,0.34462473,-0.29893732,0,136.191,0.791,-0.783
TIC 434398831 b,TIC 434398831,Transit,2025,0,3.685504,0.000012,-0.000011,0,3.51,0.22,-0.21,0,217.011,2.19,-2.146
TIC 434398831 c,TIC 434398831,Transit,2025,0,6.210291,0.000013,-0.00002,0,5.63,0.29,-0.28,0,217.011,2.19,-2.146
TIC 437041147 b,TIC 437041147,Transit,2026,0,3.823014215,0.000128565,-0.00015048,0,2.21526814,0.32466894,-0.29917369,0,246.6,2.654,-2.599
TIC 445839811 b,TIC 445839811,Transit,2026,0,11.10862603,0.001854538,-0.001711017,0,2.47771211,0.3970467,-0.37972982,0,235.655,1.447,-1.429
TIC 46432937 b,TIC 46432937,Transit,2024,0,1.44044527,0.000000087,-0.000000087,0,13.31626907,0.33626942,-0.33626942,0,90.5369,0.208,-0.207
TIC 4672985 b,TIC 4672985,Transit,2024,0,69.048,0.0004,-0.0005,0,11.5004142,0.75100171,-0.72858375,0,253.385,2.214,-2.176
TIC 52059926 b,TIC 52059926,Transit,2026,0,175.532,0.097,-0.097,0,10.71,0.52,-0.57,0,216.581,0.641,-0.637
TIC 62895484 b,TIC 62895484,Transit,2026,0,2.839854343,0.000203396,-0.000225045,0,3.49391667,0.34644116,-0.29602076,0,294.857,3.989,-3.885
TIC 65612701 b,TIC 65612701,Transit,2026,0,10.22467975,4.07363E-05,-4.3875E-05,0,5.07802804,0.33441948,-0.32636933,0,151.624,0.684,-0.678
TIC 67686059 b,TIC 67686059,Transit,2026,0,3.521635296,3.80382E-05,-4.33766E-05,0,2.59125922,0.419496,-0.31487958,0,249.203,1.875,-1.847
TIC 77319217 b,TIC 77319217,Transit,2026,0,7.548307651,8.54163E-05,-8.71639E-05,0,3.10879526,0.34451974,-0.29615262,0,267.62,1.855,-1.831
TIC 77552382 b,TIC 77552382,Transit,2026,0,3.510259049,2.13503E-05,-2.05236E-05,0,5.69176189,0.68938597,-0.51868695,0,373.415,4.916,-4.792
TIC 86380416 b,TIC 86380416,Transit,2026,0,6.040864346,0.00010605,-9.64314E-05,0,2.4123612,0.29307308,-0.24128947,0,244.68,1.78,-1.756
TIC 87422071 b,TIC 87422071,Transit,2026,0,11.364929,0.000021,-0.000022,0,10.8615023,0.97518132,-0.94155438,0,384.758,8.991,-8.596
TIC 88692598 b,TIC 88692598,Transit,2026,0,2.649094368,1.99824E-05,-2.13089E-05,0,1.81295951,0.20824409,-0.19567673,0,73.5258,0.1289,-0.1284
TIC 88785435 b,TIC 88785435,Transit,2025,0,10.508843,0.000037,-0.000034,0,5.03,0.21,-0.2,0,122.386,0.665,-0.659
TIC 9344899 b,TIC 9344899,Transit,2026,0,8.5821566,0.0000072,-0.0000072,0,9.16,0.4,-0.4,0,532.228,5.355,-5.252
TOI-1011 b,TOI-1011,Transit,2025,0,2.470498,0.000007,-0.000007,0,1.45,0.05,-0.05,0,52.62,0.0794,-0.0792
TOI-1036 b,TOI-1036,Transit,2026,0,3.779521255,6.3268E-06,-6.55321E-06,0,6.28499593,0.40458464,-0.39895686,0,184.015,0.967,-0.957
TOI-1052 b,TOI-1052,Transit,2023,0,9.139703,0.00019,-0.000197,0,2.87,0.29,-0.24,0,129.804,0.56,-0.555
TOI-1052 c,TOI-1052,Radial Velocity,2023,0,35.806,0.453,-0.381,0,6.48,,,0,129.804,0.56,-0.555
TOI-1054.01,TOI-1054,Transit,2021,0,15.5077855,0.0002372,-0.0002372,0,2.43432,0.142957,-0.142957,0,88.4343,0.2827,-0.2808
TOI-1062 b,TOI-1062,Transit,2021,0,4.11296,0.0015,-0.0015,0,2.265,0.096,-0.091,0,82.1733,0.1635,-0.1629
TOI-1062 c,TOI-1062,Radial Velocity,2021,0,7.972,0.018,-0.024,0,3.1,,,0,82.1733,0.1635,-0.1629
TOI-1064 b,TOI-1064,Transit,2022,0,6.443868,0.000025,-0.000025,0,2.587,0.043,-0.042,0,68.0726,0.3639,-0.3601
TOI-1064 c,TOI-1064,Transit,2022,0,12.226574,0.000046,-0.000043,0,2.651,0.043,-0.042,0,68.0726,0.3639,-0.3601
TOI-1075 b,TOI-1075,Transit,2022,0,0.6047328,0.0000032,-0.0000032,0,1.791,0.116,-0.081,0,61.4592,0.09435,-0.09435
TOI-1080 b,TOI-1080,Transit,2026,0,3.9652482,0.0000014,-0.0000015,0,1.2,0.058,-0.058,0,25.559,0.0542,-0.054
TOI-1105 b,TOI-1105,Transit,2026,0,10.86818411,0.000390772,-0.00039336,0,3.05823658,0.96295513,-0.43072819,0,79.5225,0.1852,-0.1843
TOI-1107 b,TOI-1107,Transit,2022,0,4.0782387,0.0000024,-0.0000025,0,14.57167491,0.56044903,-0.56044903,0,281.314,2.031,-2.003
TOI-1117 b,TOI-1117,Transit,2025,0,2.22816,0.00001,-0.00001,0,2.46,0.13,-0.12,0,167.598,0.918,-0.908
TOI-1117 c,TOI-1117,Radial Velocity,2025,0,4.579,0.004,-0.004,0,2.91,,,0,167.598,0.918,-0.908
TOI-1117 d,TOI-1117,Radial Velocity,2025,0,8.665,0.011,-0.011,0,3.27,,,0,167.598,0.918,-0.908
TOI-1130 b,TOI-1130,Transit,2020,0,4.074554,0.000001,-0.000441,0,3.66,0.03,-0.04,0,58.2609,0.17,-0.1691
TOI-1130 c,TOI-1130,Transit,2020,0,8.3501898,0.0000938,-0.000001,0,13,0.4,-0.4,0,58.2609,0.17,-0.1691
TOI-1135 b,TOI-1135,Transit,2024,0,8.0277327,0.0000019,-0.0000018,0,9.91994792,0.31385146,-0.31385146,0,114.048,0.308,-0.306
TOI-1136 b,TOI-1136,Transit,2022,0,4.1727,0.0003,-0.0003,0,1.9,0.21,-0.15,0,84.5362,0.1583,-0.1577
TOI-1136 c,TOI-1136,Transit,2022,0,6.2574,0.0002,-0.0002,0,2.879,0.06,-0.062,0,84.5362,0.1583,-0.1577
TOI-1136 d,TOI-1136,Transit,2022,0,12.5199,0.0004,-0.0004,0,4.627,0.077,-0.072,0,84.5362,0.1583,-0.1577
TOI-1136 e,TOI-1136,Transit,2022,0,18.801,0.001,-0.001,0,2.639,0.072,-0.088,0,84.5362,0.1583,-0.1577
TOI-1136 f,TOI-1136,Transit,2022,0,26.321,0.001,-0.001,0,3.73591482,0.08619766,-0.07925738,0,84.5362,0.1583,-0.1577
TOI-1136 g,TOI-1136,Transit,2022,0,39.545,0.002,-0.002,0,2.53,0.11,-0.12,0,84.5362,0.1583,-0.1577
TOI-1173 b,TOI-1173,Transit,2024,0,7.06466,0.00028,-0.00029,0,9.19,0.18,-0.18,0,132.353,0.461,-0.458
TOI-1174 b,TOI-1174,Transit,2024,0,8.953487683,0.000009039,-0.000010314,0,2.562,0.252,-0.2,0,94.6375,0.2508,-0.2494
TOI-1180 b,TOI-1180,Transit,2024,0,9.686760378,0.000006441,-0.000006706,0,3.072,0.27,-0.243,0,72.0238,0.1326,-0.1321
TOI-1181 b,TOI-1181,Transit,2022,0,2.103189,0.000003,-0.000005,0,17.02644168,0.66132986,-0.66132986,0,302.819,3.542,-3.462
TOI-1184 b,TOI-1184,Transit,2024,0,5.748433803,0.000002592,-0.000002726,0,2.39,0.25,-0.234,0,58.5946,0.078,-0.0778
TOI-1194 b,TOI-1194,Transit,2023,0,2.3106446,0.00000054,-0.00000054,0,8.71664516,0.15541841,-0.14858263,0,149.667,0.655,-0.649
TOI-1199 b,TOI-1199,Transit,2024,0,3.671463,0.000003,-0.000003,0,10.5140239,0.28022452,-0.28022452,0,248.427,1.792,-1.767
TOI-1201 b,TOI-1201,Transit,2021,0,2.4919863,0.000003,-0.0000031,0,2.415,0.091,-0.09,0,37.8871,0.0516,-0.0516
TOI-1203 b,TOI-1203,Radial Velocity,2025,0,4.1572888,0.000005,-0.0000049,0,1.52,0.045,-0.046,0,64.9943,0.1902,-0.1891
TOI-1203 c,TOI-1203,Radial Velocity,2025,0,13.0766,0.0079,-0.0072,0,2.2,,,0,64.9943,0.1902,-0.1891
TOI-1203 e,TOI-1203,Radial Velocity,2025,0,204.59,0.67,-0.63,0,7.31,,,0,64.9943,0.1902,-0.1891
TOI-1203.01,TOI-1203,Transit,2021,0,25.502672,0.000031,-0.000028,0,2.918,0.046,-0.045,0,64.9943,0.1902,-0.1891
TOI-122 b,TOI-122,Transit,2020,0,5.07803,0.000015,-0.000015,0,2.72,0.18,-0.18,0,62.118,0.2165,-0.2151
TOI-1221 b,TOI-1221,Transit,2023,0,91.68278,0.00032,-0.00041,0,2.91,0.13,-0.12,0,138.411,0.387,-0.386
TOI-1224 b,TOI-1224,Transit,2024,0,4.1782745,0.0000022,-0.0000021,0,2.104,0.094,-0.091,0,37.3312,0.0601,-0.0599
TOI-1224 c,TOI-1224,Transit,2024,0,17.945466,0.000012,-0.000012,0,2.884,0.098,-0.098,0,37.3312,0.0601,-0.0599
TOI-1226 b,TOI-1226,Transit,2026,0,3.928808816,1.40067E-05,-1.43942E-05,0,2.4101112,0.24811318,-0.20160482,0,257.93,1.185,-1.175
TOI-1227 b,TOI-1227,Transit,2022,0,27.36397,0.00011,-0.00011,0,9.57246952,0.75100171,-0.582867,0,100.641,0.573,-0.566
TOI-1230.01,TOI-1230,Transit,2021,0,25.05713123,0.000163945,-0.000163945,0,3.23968384,0.20000492,-0.20000492,0,143.138,0.447,-0.444
TOI-1231 b,TOI-1231,Transit,2021,0,24.245586,0.000064,-0.000066,0,3.65,0.16,-0.15,0,27.6227,0.0609,-0.0609
TOI-1232 b,TOI-1232,Transit,2026,0,14.256,0.001,-0.001,0,10.92875618,0.59407598,-0.582867,0,328.604,2.383,-2.35
TOI-1232 c,TOI-1232,Transit Timing Variations,2026,0,30.356,0.01,-0.012,0,8.88,,,0,328.604,2.383,-2.35
TOI-1233.01,HD 108236,Transit,2021,0,14.175685,0.000083,-0.0001,0,2.539,0.062,-0.065,0,64.5978,0.1943,-0.1932
TOI-1235 b,TOI-1235,Transit,2020,0,3.444714,0.00009,-0.00009,0,1.69,0.08,-0.08,0,39.6345,0.0478,-0.0478
TOI-1238 b,TOI-1238,Transit,2022,0,0.764597,0.000013,-0.000011,0,1.21,0.11,-0.1,0,70.7145,0.12055,-0.12055
TOI-1238 c,TOI-1238,Transit,2022,0,3.294736,0.000034,-0.000036,0,2.11,0.14,-0.14,0,70.7145,0.12055,-0.12055
TOI-1243 b,TOI-1243,Transit,2026,0,4.6594779,0.0000042,-0.0000045,0,2.33,0.12,-0.12,0,43.1865,0.0613,-0.0613
TOI-1244 b,TOI-1244,Transit,2024,0,6.400316483,0.000005934,-0.000005898,0,2.467,0.24,-0.211,0,102.551,0.24,-0.24
TOI-1246 b,TOI-1246,Transit,2022,0,4.30744,0.00002,-0.00002,0,3.01,0.06,-0.06,0,169.422,0.673,-0.669
TOI-1246 c,TOI-1246,Transit,2022,0,5.904137,0.000014,-0.000014,0,2.45109846,0.13824169,-0.08751012,0,169.422,0.673,-0.669
TOI-1246 d,TOI-1246,Transit,2022,0,18.654874,0.000055,-0.000055,0,3.43139739,0.14960553,-0.11612674,0,169.422,0.673,-0.669
TOI-1246 e,TOI-1246,Transit,2022,0,37.92548,0.00016,-0.00016,0,3.5141875,0.26911442,-0.18217943,0,169.422,0.673,-0.669
TOI-1248 b,TOI-1248,Transit,2024,0,4.3601561,0.0000011,-0.0000011,0,6.8084859,0.116716,-0.12027714,0,168.735,0.602,-0.597
TOI-1249 b,TOI-1249,Transit,2024,0,13.079151,0.000054,-0.000054,0,3.2710301,0.30687428,-0.18737301,0,139.49,0.537,-0.533
TOI-125 b,TOI-125,Transit,2019,0,4.65382,0.00033,-0.00031,0,2.726,0.075,-0.075,0,111.059,0.444,-0.44
TOI-125 c,TOI-125,Transit,2019,0,9.15059,0.0007,-0.00082,0,2.759,0.1,-0.1,0,111.059,0.444,-0.44
TOI-125 d,TOI-125,Transit,2020,0,19.98,0.005,-0.0056,0,2.93,0.17,-0.17,0,111.059,0.444,-0.44
TOI-1259 A b,TOI-1259 A,Transit,2021,0,3.4779792,0.0000001,-0.0000001,0,11.6,0.2,-0.2,0,118.106,0.375,-0.372
TOI-1260 b,TOI-1260,Transit,2021,0,3.127463,0.000005,-0.000005,0,2.41,0.05,-0.05,0,73.5977,0.1607,-0.1601
TOI-1260 c,TOI-1260,Transit,2021,0,7.493134,0.00002,-0.00002,0,2.76,0.07,-0.07,0,73.5977,0.1607,-0.1601
TOI-1260 d,TOI-1260,Transit,2022,0,16.608164,0.000083,-0.000083,0,3.12,0.08,-0.08,0,73.5977,0.1607,-0.1601
TOI-1266 b,TOI-1266,Transit,2020,0,10.8945,0.00023,-0.00026,0,2.52,0.08,-0.08,0,36.0118,0.0295,-0.0295
TOI-1266 c,TOI-1266,Transit,2020,0,18.8027,0.00126,-0.00116,0,1.98,0.1,-0.1,0,36.0118,0.0295,-0.0295
TOI-1266 d,TOI-1266,Transit Timing Variations,2025,0,32.509,0.062,-0.049,0,1.74,,,0,36.0118,0.0295,-0.0295
TOI-1268 b,TOI-1268,Transit,2022,0,8.1577094,0.0000045,-0.0000045,0,9.1,0.6,-0.6,0,109.557,0.545,-0.54
TOI-1269 b,TOI-1269,Transit,2024,0,4.2529913,0.0000068,-0.0000068,0,2.40144286,0.15036543,-0.0739539,0,172.138,0.696,-0.69
TOI-1269 c,TOI-1269,Transit,2026,0,9.237861442,3.94929E-05,-4.00729E-05,0,2.22999162,0.2429504,-0.19119088,0,172.138,0.696,-0.69
TOI-1272 b,TOI-1272,Transit,2022,0,3.3159765,0.0000015,-0.0000015,0,4.26,0.1,-0.1,0,137.572,0.403,-0.401
TOI-1273 b,TOI-1273,Transit,2024,0,4.631296,0.000003,-0.000003,0,11.09689089,2.46597575,-2.46597575,0,177.118,1.222,-1.206
TOI-1278 b,TOI-1278,Transit,2021,0,14.47567,0.00021,-0.00021,0,12.21778896,2.69015537,-2.24179614,0,75.5759,0.15495,-0.15495
TOI-1279 b,TOI-1279,Transit,2024,0,9.61419,0.00004,-0.00004,0,2.66146528,0.13795921,-0.10646515,0,107.055,0.286,-0.284
TOI-128.01,TOI-128,Transit,2024,0,4.9404681,,,0,2.21898,0.10878,-0.10878,0,68.4727,0.1192,-0.1188
TOI-1288 b,TOI-1288,Transit,2022,0,2.6998279,0.0000049,-0.0000049,0,4.96846551,0.10805813,-0.1000743,0,114.865,0.322,-0.321
TOI-1288 c,TOI-1288,Radial Velocity,2022,0,416,12,-12,0,11.1,,,0,114.865,0.322,-0.321
TOI-1291 b,TOI-1291,Transit,2026,0,7.162009755,1.98729E-05,-2.03453E-05,0,5.63826391,0.34804882,-0.34340123,0,428.123,4.593,-4.498
TOI-1294 b,TOI-1294,Transit,2024,0,3.915292,0.000015,-0.000015,0,10.12369881,0.23643767,-0.22090361,0,332.648,2.301,-2.271
TOI-1294 c,TOI-1294,Radial Velocity,2024,0,159.9,2.5,-2.5,0,14.3,,,0,332.648,2.301,-2.271
TOI-1295 b,TOI-1295,Transit,2024,0,3.1968838,0.0000005,-0.0000005,0,15.69257298,0.89671846,-0.89671846,0,388.227,4.497,-4.398
TOI-1296 b,TOI-1296,Transit,2021,0,3.9443736,0.0000016,-0.0000016,0,14.11645916,0.28454324,-0.26287755,0,323.265,2.845,-2.797
TOI-1298 b,TOI-1298,Transit,2021,0,4.537143,0.000003,-0.000003,0,9.65807033,0.19896656,-0.17319735,0,319.036,2.001,-1.978
TOI-1301.01,TOI-1301,Transit,2024,0,6.096407209,0.000003565,-0.000003614,0,2.477,0.196,-0.177,0,90.8693,0.1896,-0.1889
TOI-132 b,TOI-132,Transit,2020,0,2.1097019,0.000012,-0.000011,0,3.42,0.13,-0.14,0,163.678,0.993,-0.981
TOI-1333 b,TOI-1333,Transit,2021,0,4.720219,0.000011,-0.000011,0,15.647764,0.627704,-0.605286,0,200.492,1.202,-1.188
TOI-1338 b,TOI-1338 A,Transit,2020,0,95.4001,0.0062,-0.0056,0,7.661,0.053,-0.053,0,399.017,3.162,-3.113
TOI-1338 c,TOI-1338 A,Radial Velocity,2023,0,215.79,0.46,-0.46,0,10.3,,,0,399.017,3.162,-3.113
TOI-1346 b,TOI-1346,Transit,2025,0,1.7622538,0.0000047,-0.0000046,0,2.39,0.16,-0.16,0,115.45,0.323,-0.321
TOI-1346 c,TOI-1346,Transit,2025,0,5.502558,0.000015,-0.000015,0,2.23,0.14,-0.14,0,115.45,0.323,-0.321
TOI-1347 b,TOI-1347,Transit,2024,0,0.84742346,0.00000061,-0.00000061,0,1.8,0.1,-0.1,0,147.476,1.05,-1.035
TOI-1347 c,TOI-1347,Transit,2024,0,4.841962,0.000012,-0.000012,0,1.6,0.1,-0.1,0,147.476,1.05,-1.035
TOI-1386 b,TOI-1386,Transit,2024,0,25.8401,0.0031,-0.0031,0,6.2163865,0.20643815,-0.1695697,0,146.858,0.687,-0.68
TOI-1386 c,TOI-1386,Radial Velocity,2024,0,232,9.3,-9.3,0,10.3,,,0,146.858,0.687,-0.68
TOI-139 b,TOI-139,Transit,2023,0,11.07085,0.000024,-0.00003,0,2.4566,0.2122,-0.1245,0,42.4061,0.0764,-0.0762
TOI-1408 b,TOI-1408,Transit,2023,0,4.42587,0.00003,-0.00003,0,25,4,-4,0,139.484,0.418,-0.417
TOI-1408 c,TOI-1408,Transit Timing Variations,2024,0,2.1664,0.0001,-0.0001,0,2.22,0.06,-0.06,0,139.484,0.418,-0.417
TOI-1410 c,TOI-1410,Radial Velocity,2024,0,47.56,0.15,-0.15,0,5.63,,,0,72.7512,0.1607,-0.1601
TOI-1410.01,TOI-1410,Transit,2024,0,1.21687,0.00003,-0.00003,0,3.10083009,0.22026793,-0.1612362,0,72.7512,0.1607,-0.1601
TOI-1411 b,TOI-1411,Transit,2022,0,1.4520527,0.0000017,-0.0000017,0,1.19880592,0.04935874,-0.04474058,0,32.4778,0.0225,-0.0225
TOI-1416 b,TOI-1416,Transit,2023,0,1.0697568,0.0000028,-0.0000028,0,1.62,0.08,-0.08,0,55.0135,0.0775,-0.0772
TOI-1420 b,TOI-1420,Transit,2023,0,6.9561063,0.0000017,-0.0000017,0,11.89,0.33,-0.33,0,201.918,0.918,-0.911
TOI-1422 b,TOI-1422,Transit,2022,0,12.99894,0.00003,-0.00003,0,3.83,0.11,-0.11,0,155.141,0.663,-0.657
TOI-1422 c,TOI-1422,Radial Velocity,2025,0,34.5633,0.0002,-0.0002,0,2.61,0.14,-0.14,0,155.141,0.663,-0.657
TOI-1431 b,TOI-1431,Transit,2021,0,2.650237,0.000003,-0.000003,0,16.70138124,0.56044903,-0.56044903,0,148.925,1.034,-1.02
TOI-1437 b,TOI-1437,Transit,2024,0,18.840942,0.00006,-0.000068,0,2.24,0.23,-0.22,0,103.297,0.183,-0.183
TOI-1438 b,TOI-1438,Transit,2025,0,5.13967,0.000003,-0.000003,0,3.04,0.19,-0.19,0,110.513,0.251,-0.249
TOI-1438 c,TOI-1438,Transit,2025,0,9.428089,0.000001,-0.000001,0,2.75,0.14,-0.14,0,110.513,0.251,-0.249
TOI-1439 b,TOI-1439,Transit,2024,0,27.644,0.00012,-0.00012,0,4.2427861,0.23014642,-0.16769357,0,230.306,2.358,-2.311
TOI-1442 b,TOI-1442,Transit,2022,0,0.4090677,0.0000003,-0.0000003,0,1.17,0.06,-0.06,0,41.1659,0.0618,-0.0615
TOI-1443 b,TOI-1443,Transit,2024,0,23.540678,0.000058,-0.000058,0,2.30381001,0.12697832,-0.10061016,0,85.8034,0.2059,-0.2049
TOI-1444 b,TOI-1444,Transit,2021,0,0.4702743,0.0000011,-0.0000011,0,1.41792246,0.0467336,-0.04107268,0,125.463,0.337,-0.335
TOI-1448 b,TOI-1448,Transit,2024,0,8.112245,0.000018,-0.000018,0,2.749,0.067,-0.063,0,73.3345,0.1733,-0.1724
TOI-1450 A b,TOI-1450 A,Transit,2024,0,2.0439274,0.000001,-0.000001,0,1.13,0.043,-0.043,0,22.4467,0.0132,-0.0131
TOI-1450 A c,TOI-1450 A,Transit,2024,0,5.0688,0.0019,-0.0019,0,1.13,,,0,22.4467,0.0132,-0.0131
TOI-1451 b,TOI-1451,Transit,2024,0,16.537944,0.000045,-0.000045,0,2.61143902,0.13407193,-0.10283772,0,91.9362,0.2177,-0.2168
TOI-1452 b,TOI-1452,Transit,2022,0,11.06201,0.00002,-0.00002,0,1.672,0.071,-0.071,0,30.5212,0.0392,-0.039
TOI-1453 b,TOI-1453,Transit,2025,0,4.3135225,0.0000118,-0.0000092,0,1.173,0.059,-0.056,0,78.7415,0.1195,-0.1192
TOI-1453 c,TOI-1453,Transit,2025,0,6.5886982,0.0000041,-0.0000041,0,2.224,0.095,-0.095,0,78.7415,0.1195,-0.1192
TOI-1466 b,TOI-1466,Transit,2026,0,1.871906022,1.46819E-05,-1.67803E-05,0,2.46741991,0.3321413,-0.25190743,0,86.5783,0.1687,-0.1681
TOI-1467 b,TOI-1467,Transit,2024,0,5.97114713,0.000008746,-0.00000847,0,1.92,0.171,-0.113,0,37.4418,0.05465,-0.05465
TOI-1468 b,TOI-1468,Transit,2022,0,1.8805201,0.0000025,-0.000003,0,1.401,0.059,-0.06,0,24.7399,0.0469,-0.0467
TOI-1468 c,TOI-1468,Transit,2022,0,15.532477,0.000025,-0.000026,0,2.126,0.092,-0.093,0,24.7399,0.0469,-0.0467
TOI-1470 b,TOI-1470,Transit,2023,0,2.527093,0.000004,-0.000003,0,2.18,0.04,-0.04,0,51.9503,0.0745,-0.0745
TOI-1470 c,TOI-1470,Transit,2023,0,18.08816,0.00006,-0.00008,0,2.47,0.02,-0.02,0,51.9503,0.0745,-0.0745
TOI-1472 b,TOI-1472,Transit,2024,0,6.36338574,0.00000011,-0.00000011,0,4.058,0.098,-0.098,0,121.84,1.331,-1.303
TOI-1472 c,TOI-1472,Radial Velocity,2025,0,15.5381747,0.0000031,-0.0000031,0,3.334,0.08,-0.08,0,121.84,1.331,-1.303
TOI-1478 b,TOI-1478,Transit,2021,0,10.1802117,0.0000071,-0.0000071,0,11.99360935,1.79343691,-1.12089807,0,152.892,0.915,-0.905
TOI-150.01,TOI-150,Transit,2019,0,5.857487,0.000089,-0.000097,0,14.067295,0.235389,-0.212971,0,336.267,1.927,-1.905
TOI-1516 b,TOI-1516,Transit,2022,0,2.056014,0.000002,-0.000002,0,15.24421375,0.33626942,-0.33626942,0,247.054,1.368,-1.354
TOI-1518 b,TOI-1518,Transit,2021,0,1.90261131,0.00000043,-0.00000043,0,21.05046575,0.47077719,-0.47077719,0,225.888,1.69,-1.666
TOI-1533 b,TOI-1533,Transit,2026,0,3.6457974,0.0000034,-0.0000034,0,2.89,0.06,-0.06,0,100.051,0.299,-0.2976
TOI-1533 c,TOI-1533,Transit,2026,0,8.0637926,0.0000052,-0.0000052,0,7.5,,,-1,100.051,0.299,-0.2976
TOI-157 b,TOI-157,Transit,2020,0,2.0845435,0.0000023,-0.0000023,0,14.414774,0.257807,-0.22418,0,355.683,2.848,-2.804
TOI-159 b,TOI-159,Transit,2026,0,3.7628396,0.0000003,-0.0000003,0,18.18,0.16,-0.16,0,347.593,2.537,-2.501
TOI-1601 b,TOI-1601,Transit,2021,0,5.33175,0.00014,-0.00014,0,14.19902343,0.64857111,-0.5112186,0,336.608,8.389,-7.998
TOI-163 b,TOI-163,Transit,2019,0,4.231306,0.000063,-0.000057,0,16.690201,0.381106,-0.381106,0,411.719,8.163,-7.857
TOI-1630.01,TOI-1630,Transit,2024,0,12.05573473,0.000014683,-0.000014884,0,2.417,0.228,-0.162,0,66.0929,0.1292,-0.1287
TOI-1634 b,TOI-1634,Transit,2021,0,0.98934551,0.00000036,-0.00000037,0,1.759,0.058,-0.057,0,35.2736,0.0527,-0.0526
TOI-1634 c,TOI-1634,Radial Velocity,2022,0,103,5.8,-4.5,0,,,,,35.2736,0.0527,-0.0526
TOI-1648 b,TOI-1648,Transit,2025,0,7.331602,0.000015,-0.00002,0,2.54,0.14,-0.12,0,69.835,0.1647,-0.1639
TOI-1659.01,TOI-1659,Transit,2024,0,5.877556328,0.000014732,-0.000018139,0,2.255,0.254,-0.157,0,122.494,0.308,-0.306
TOI-1669 b,TOI-1669,Radial Velocity,2023,0,500,13,-13,0,14.1,,,0,111.276,0.371,-0.368
TOI-1669 c,TOI-1669,Transit,2024,0,2.6800535,0.0000062,-0.0000062,0,2.2963977,0.10169388,-0.09022874,0,111.276,0.371,-0.368
TOI-1670 b,TOI-1670,Transit,2022,0,10.98462,0.00046,-0.00051,0,2.06,0.19,-0.15,0,168.067,0.69,-0.684
TOI-1670 c,TOI-1670,Transit,2022,0,40.74976,0.000022,-0.00021,0,11.06326395,0.28022452,-0.28022452,0,168.067,0.69,-0.684
TOI-1680 b,TOI-1680,Transit,2023,0,4.8026345,0.000004,-0.0000039,0,1.466,0.063,-0.049,0,37.2209,0.0617,-0.0614
TOI-1683.01,TOI-1683,Transit,2024,0,3.0575356,,,0,2.6382,0.276387,-0.276387,0,51.1884,0.1393,-0.1385
TOI-1685 b,TOI-1685,Transit,2021,0,0.66913923,0.00000039,-0.00000039,0,1.421,0.06,-0.06,0,37.6153,0.0728,-0.0725
TOI-169 b,TOI-169,Transit,2020,0,2.2554477,0.0000063,-0.0000063,0,12.172974,0.907929,-0.538032,0,407.84,4.237,-4.152
TOI-1691 b,TOI-1691,Transit,2024,0,16.73688894,0.000018196,-0.000018237,0,3.66,0.236,-0.207,0,111.445,0.37,-0.367
TOI-1693 b,TOI-1693,Transit,2022,0,1.7666957,0.0000054,-0.0000054,0,1.41,0.1,-0.1,0,30.7947,0.0391,-0.0391
TOI-1694 b,TOI-1694,Transit,2023,0,3.7701389,0.0000017,-0.0000017,0,5.27,0.11,-0.11,0,124.68,0.59,-0.584
TOI-1694 c,TOI-1694,Radial Velocity,2023,0,386.25,2.08,-2.13,0,13.8,,,0,124.68,0.59,-0.584
TOI-1695 b,TOI-1695,Transit,2022,0,3.1342791,0.0000071,-0.0000063,0,1.9,0.16,-0.14,0,45.1309,0.06805,-0.06805
TOI-1696 b,TOI-1696,Transit,2022,0,2.500311,0.000004,-0.000004,0,3.09,0.11,-0.11,0,64.9172,0.3581,-0.3544
TOI-1710 b,TOI-1710,Transit,2022,0,24.28336,0.00001,-0.00001,0,5.06,0.06,-0.06,0,81.2271,0.1773,-0.1766
TOI-1716.01,TOI-1716,Transit,2024,0,8.082376554,0.000027701,-0.00002704,0,3.143,0.409,-0.298,0,104.158,0.816,-0.804
TOI-1718 b,TOI-1718,Transit,2026,0,5.587037686,8.45742E-06,-8.96969E-06,0,4.10824994,0.2740553,-0.2666968,0,52.3044,0.0937,-0.0935
TOI-172 b,TOI-172,Transit,2019,0,9.47725,0.00064,-0.00079,0,10.816685,0.358688,-0.325061,0,342.831,7.371,-7.071
TOI-1722 b,TOI-1722,Transit,2026,0,9.605232069,0.00021313,-0.000200318,0,4.38298108,0.5929853,-0.48069428,0,136.419,0.847,-0.836
TOI-1723 b,TOI-1723,Transit,2024,0,13.72701264,0.000014705,-0.000013355,0,3.435,0.244,-0.193,0,100.727,0.292,-0.291
TOI-1728 b,TOI-1728,Transit,2020,0,3.49151,0.000062,-0.000057,0,5.05,0.16,-0.17,0,60.798,0.13635,-0.13635
TOI-1732 b,TOI-1732,Transit,2026,0,4.119236783,2.28554E-05,-2.45574E-05,0,2.49549787,0.26967151,-0.2253345,0,74.7599,0.23155,-0.23155
TOI-1736 b,TOI-1736,Transit,2023,0,7.073076,0.000017,-0.000017,0,3.18175535,0.12195694,-0.09508409,0,88.9482,0.3219,-0.3198
TOI-1736 c,TOI-1736,Radial Velocity,2023,0,571.25,0.46,-0.46,0,12.5,,,0,88.9482,0.3219,-0.3198
TOI-1739 b,TOI-1739,Transit,2024,0,8.303341406,0.000009161,-0.000010106,0,1.946,0.226,-0.169,0,70.9819,0.1032,-0.1029
TOI-1742 b,TOI-1742,Transit,2024,0,21.269084,0.000051,-0.000051,0,2.36507598,0.05691119,-0.051074,0,72.8871,0.1196,-0.1192
TOI-1743 b,TOI-1743,Transit,2025,0,4.266046,0.000002,-0.000002,0,1.83,0.11,-0.1,0,41.2758,0.0887,-0.0887
TOI-1744.01,TOI-1744,Transit,2024,0,22.34170293,0.000044164,-0.000042156,0,2.68,0.263,-0.172,0,114.39,0.416,-0.414
TOI-1749 b,TOI-1749,Transit,2021,0,2.38839,0.00031,-0.00066,0,1.39,0.21,-0.19,0,99.5561,0.1172,-0.1172
TOI-1749 c,TOI-1749,Transit,2021,0,4.4929,0.0038,-0.0027,0,2.12,0.12,-0.12,0,99.5561,0.1172,-0.1172
TOI-1749 d,TOI-1749,Transit,2021,0,9.0497,0.0049,-0.0032,0,2.52,0.15,-0.15,0,99.5561,0.1172,-0.1172
TOI-1750 b,TOI-1750,Transit,2026,0,11.3372713,4.12243E-05,-4.2218E-05,0,2.78943837,0.34420606,-0.24425703,0,162.46,0.843,-0.834
TOI-1751 b,TOI-1751,Transit,2024,0,37.46852,0.00013,-0.00013,0,2.9507845,0.11061818,-0.08190008,0,113.335,0.293,-0.291
TOI-1752 b,TOI-1752,Transit,2026,0,0.9351861,0.0000014,-0.0000015,0,1.693,0.068,-0.068,0,103.021,0.336,-0.335
TOI-1752 c,TOI-1752,Transit,2026,0,32.71443,0.00041,-0.00035,0,2.29,0.13,-0.14,0,103.021,0.336,-0.335
TOI-1753 b,TOI-1753,Transit,2024,0,5.3846104,0.0000099,-0.0000099,0,2.47852533,0.09834485,-0.07935468,0,226.671,2.731,-2.667
TOI-1756 b,TOI-1756,Transit,2026,0,2.783017363,1.53464E-05,-1.6515E-05,0,1.94225664,0.34679104,-0.20376951,0,86.7159,0.11135,-0.11135
TOI-1758 b,TOI-1758,Transit,2024,0,20.70507469,0.000036572,-0.000034099,0,3.62,0.337,-0.269,0,96.6215,0.3434,-0.3409
TOI-1759 b,TOI-1759,Transit,2022,0,18.85019,0.00013,-0.00013,0,3.14,0.1,-0.1,0,40.0654,0.0423,-0.0423
TOI-1768.01,TOI-1768,Transit,2024,0,7.337703649,0.000021404,-0.000022443,0,3.453,0.423,-0.287,0,157.597,0.833,-0.824
TOI-1772.01,TOI-1772,Transit,2024,0,8.054246874,0.000039595,-0.000037868,0,2.905,0.328,-0.214,0,97.7562,0.5988,-0.5916
TOI-1774.01,TOI-1774,Transit,2021,0,16.70988,0.00002,-0.00002,0,2.78,0.05,-0.04,0,53.974,0.205,-0.2035
TOI-1775 b,TOI-1775,Transit,2024,0,10.2405549,0.0000096,-0.0000096,0,8.04728896,0.14337937,-0.12772169,0,149.234,0.953,-0.942
TOI-1776 b,TOI-1776,Transit,2024,0,2.799868,0.000023,-0.000023,0,1.21612741,0.0898466,-0.07715788,0,44.647,0.1534,-0.1523
TOI-1777.01,TOI-1777,Transit,2024,0,14.65011197,0.000082399,-0.000079511,0,2.246,0.279,-0.177,0,79.7665,0.3324,-0.3297
TOI-178 b,TOI-178,Transit,2021,0,1.9145601,0.0000044,-0.0000029,0,1.2,0.041,-0.037,0,62.699,0.2074,-0.2061
TOI-178 c,TOI-178,Transit,2021,0,3.238486,0.000012,-0.000011,0,1.754,0.032,-0.04,0,62.699,0.2074,-0.2061
TOI-178 d,TOI-178,Transit,2021,0,6.557569,0.000065,-0.000056,0,2.695,0.041,-0.046,0,62.699,0.2074,-0.2061
TOI-178 e,TOI-178,Transit,2021,0,9.96318,0.00015,-0.00012,0,2.301,0.038,-0.039,0,62.699,0.2074,-0.2061
TOI-178 f,TOI-178,Transit,2021,0,15.23335,0.00024,-0.00025,0,2.417,0.041,-0.048,0,62.699,0.2074,-0.2061
TOI-178 g,TOI-178,Transit,2021,0,20.71663,0.00031,-0.0003,0,2.939,0.057,-0.055,0,62.699,0.2074,-0.2061
TOI-1782.01,TOI-1782,Transit,2024,0,4.987641028,0.000009231,-0.000009834,0,2.368,0.307,-0.244,0,95.2649,0.1817,-0.1809
TOI-1782.02,TOI-1782,Transit,2024,0,1.829024227,0.000002251,-0.000001976,0,1.839,0.234,-0.185,0,95.2649,0.1817,-0.1809
TOI-1789 b,TOI-1789,Transit,2021,0,3.208664,0.000015,-0.000015,0,16.14093221,2.69015537,-1.5692573,0,229.067,2.388,-2.34
TOI-1794 b,TOI-1794,Transit,2024,0,8.765528,0.000035,-0.000035,0,3.29701268,0.16656615,-0.13651409,0,155.791,0.624,-0.619
TOI-1798.01,TOI-1798,Transit,2024,0,8.021522331,0.000023816,-0.00002819,0,2.448,0.319,-0.194,0,113.181,0.309,-0.308
TOI-1798.02,TOI-1798,Transit,2024,0,0.437811822,0.00000053,-0.000000605,0,1.464,0.185,-0.113,0,113.181,0.309,-0.308
TOI-1799 b,TOI-1799,Transit,2024,0,7.094570865,0.003214071,-0.00233345,0,1.642,0.227,-0.168,0,62.1274,0.1962,-0.195
TOI-1801 b,TOI-1801,Transit,2023,0,10.64387,0.00005,-0.00006,0,2.079,0.124,-0.11,0,30.6796,0.1677,-0.1677
TOI-1803 b,TOI-1803,Transit,2025,0,6.293287,0.000028,-0.000028,0,2.99,0.08,-0.08,0,119.24,0.951,-0.936
TOI-1803 c,TOI-1803,Transit,2025,0,12.885779,0.000036,-0.000036,0,4.29,0.08,-0.08,0,119.24,0.951,-0.936
TOI-1806.01,TOI-1806,Transit,2024,0,15.1454693,,,0,3.4095367,0.3512672,-0.3512672,0,55.5211,0.2006,-0.1992
TOI-1807 b,TOI-1807,Transit,2021,0,0.54937097,0.00000072,-0.00000072,0,1.49681583,0.08089145,-0.06779467,0,42.5775,0.0622,-0.062
TOI-181 b,TOI-181,Transit,2023,0,4.532,0.000002,-0.000002,0,6.9559,0.087,-0.101,0,96.2338,0.5781,-0.5714
TOI-1811 b,TOI-1811,Transit,2023,0,3.7130765,0.0000017,-0.0000017,0,11.14172682,0.28022452,-0.25780656,0,128.23,0.711,-0.704
TOI-1814 b,TOI-1814,Transit,2026,0,6.368610105,0.000197586,-0.000197832,0,5.18536642,0.39910545,-0.39030277,0,362.522,3.269,-3.212
TOI-1820 b,TOI-1820,Transit,2022,0,4.860674,0.000005,-0.000005,0,12.778238,0.22417961,-0.22417961,0,248.504,3.648,-3.546
TOI-1823 b,TOI-1823,Transit,2024,0,38.8,0.01,-0.01,0,7.5406241,0.33185186,-0.25202617,0,71.6456,0.1151,-0.1148
TOI-1824 b,TOI-1824,Transit,2024,0,22.808533,0.000055,-0.000055,0,2.7438269,0.08672208,-0.07211466,0,59.4314,0.13,-0.1294
TOI-1836 b,TOI-1836,Transit,2024,0,20.380799,0.000016,-0.000016,0,8.00321222,0.3474784,-0.3474784,0,191.649,0.929,-0.92
TOI-1836 c,TOI-1836,Transit,2024,0,1.7727471,0.0000079,-0.0000079,0,2.59987579,0.22132646,-0.14409651,0,191.649,0.929,-0.92
TOI-1839 b,TOI-1839,Transit,2026,0,1.423784409,7.74471E-06,-8.62785E-06,0,2.21895097,0.25768041,-0.2140725,0,116.086,0.567,-0.563
TOI-1839 c,TOI-1839,Transit,2026,0,4.023938542,3.82353E-05,-3.77206E-05,0,2.40867246,0.42638903,-0.26892818,0,116.086,0.567,-0.563
TOI-1842 b,TOI-1842,Transit,2021,0,9.5739181,0.0000099,-0.0000099,0,12.3485023,0.27917829,-0.2943366,0,223.465,2.26,-2.216
TOI-1846 b,TOI-1846,Transit,2025,0,3.9306737,0.0000042,-0.0000044,0,1.792,0.065,-0.068,0,47.2496,0.0965,-0.0961
TOI-1853 b,TOI-1853,Transit,2023,0,1.2436258,0.0000015,-0.0000015,0,3.46,0.08,-0.08,0,165.105,1.006,-0.994
TOI-1855 b,TOI-1855,Transit,2024,0,1.36414864,0.00000051,-0.00000051,0,18.49481816,5.82866996,-4.14732286,0,176.833,1.186,-1.17
TOI-1859 b,TOI-1859,Transit,2023,0,63.48347,0.0001,-0.0001,0,9.75181321,0.78462865,-0.78462865,0,224.385,1.173,-1.161
TOI-1860 b,TOI-1860,Transit,2022,0,1.0662107,0.0000014,-0.0000014,0,1.31,0.04,-0.04,0,45.864,0.0648,-0.0645
TOI-1873 b,TOI-1873,Transit,2026,0,7.005727088,3.37181E-05,-3.47828E-05,0,2.86356397,0.30160474,-0.23997153,0,182.014,0.809,-0.801
TOI-1883 b,TOI-1883,Transit,2024,0,4.508,0.002,-0.003,0,5.65,0.24,-0.24,0,115.369,0.861,-0.848
TOI-1898 b,TOI-1898,Transit,2024,0,45.52234,0.000061,-0.000061,0,9.39553231,0.2342915,-0.30913881,0,79.6682,0.4423,-0.4377
TOI-1899 b,TOI-1899,Transit,2020,0,29.090312,0.000036,-0.000035,0,11.09689089,0.33626942,-0.33626942,0,128.438,0.25,-0.25
TOI-1937 A b,TOI-1937 A,Transit,2023,0,0.94667944,0.00000047,-0.00000047,0,13.97759893,0.66132986,-0.6949568,0,415.135,2.929,-2.889
TOI-198 b,TOI-198,Transit,2023,0,10.215213,0.000011,-0.00001,0,1.36,0.13,-0.13,0,23.7262,0.02655,-0.02655
TOI-199 b,TOI-199,Transit,2023,0,104.854,0.001,-0.002,0,9.07927437,0.0560449,-0.0560449,0,102.27,0.191,-0.19
TOI-199 c,TOI-199,Transit Timing Variations,2023,0,273.69,0.26,-0.22,0,11.4,,,0,102.27,0.191,-0.19
TOI-1994 b,TOI-1994,Transit,2024,0,4.0337142,0.0000051,-0.0000051,0,13.67495645,0.91913642,-0.79583763,0,515.603,9.199,-8.889
TOI-2000 b,TOI-2000,Transit,2023,0,3.09833,0.000021,-0.000019,0,2.7,0.15,-0.15,0,175.713,0.76,-0.754
TOI-2000 c,TOI-2000,Transit,2023,0,9.127055,0.0000073,-0.0000072,0,8.14,0.31,-0.3,0,175.713,0.76,-0.754
TOI-2005 b,TOI-2005,Transit,2025,0,17.305904,0.000023,-0.00002,0,11.99360935,0.67253884,-1.23298788,0,328.475,3.707,-3.627
TOI-201 b,TOI-201,Transit,2021,0,52.9786,0.0001,-0.0001,0,11.4,0.1,-0.1,0,113.825,0.347,-0.345
TOI-201 c,TOI-201,Transit Timing Variations,2025,0,2890,20,-20,0,10.4,0.3,-0.3,0,113.825,0.347,-0.345
TOI-201 d,TOI-201,Transit,2026,0,5.84889,0.00009,-0.00009,0,1.39,0.07,-0.07,0,113.825,0.347,-0.345
TOI-2010 b,TOI-2010,Transit,2023,0,141.834025,0.000065,-0.000066,0,11.81426566,0.30264248,-0.30264248,0,109.19,0.322,-0.32
TOI-2015 b,TOI-2015,Transit,2023,0,3.348237,0.000035,-0.00003,0,3.309,0.013,-0.011,0,47.3444,0.1133,-0.1126
TOI-2015 c,TOI-2015,Transit Timing Variations,2025,0,5.582796,0.000042,-0.000041,0,2.93,,,0,47.3444,0.1133,-0.1126
TOI-2018 b,TOI-2018,Transit,2023,0,7.435583,0.000022,-0.000022,0,2.268,0.069,-0.069,0,27.9956,0.0214,-0.0213
TOI-2019 b,TOI-2019,Transit,2024,0,15.3444,0.0057,-0.0057,0,5.33275337,0.26371361,-0.20823795,0,198.007,0.823,-0.817
TOI-2025 b,TOI-2025,Transit,2022,0,8.8720982,0.0000077,-0.0000077,0,11.89272852,0.36989636,-0.3474784,0,335.985,2.434,-2.4
TOI-2031 A b,TOI-2031 A,Transit,2025,0,5.71548654,0.00000076,-0.00000075,0,14.20177855,0.26901554,-0.26901554,0,276.105,1.54,-1.523
TOI-2040 b,TOI-2040,Transit,2026,0,3.8608576,0.0000045,-0.0000044,0,10.32347122,0.25780656,-0.25780656,0,144.717,0.494,-0.49
TOI-2046 b,TOI-2046,Transit,2022,0,1.4971842,0.0000031,-0.0000033,0,16.14093221,1.23298788,-1.23298788,0,289.668,2.225,-2.191
TOI-2048 b,TOI-2048,Transit,2022,0,13.79019,0.00065,-0.00084,0,2.61,0.17,-0.16,0,116.567,0.292,-0.29
TOI-2049 b,TOI-2049,Transit,2026,0,5.303468,0.00005,-0.000048,0,16.64533634,0.79583763,-0.75100171,0,571.487,9.176,-8.895001
TOI-205 b,TOI-205,Transit,2026,0,4.253007738,3.42637E-05,-3.48646E-05,0,2.50121142,0.23968778,-0.21681012,0,177.759,0.923,-0.914
TOI-206 b,TOI-206,Transit,2022,0,0.7363104,0.0000003,-0.0000003,0,1.3,0.05,-0.05,0,47.7465,0.11,-0.1095
TOI-2068 b,TOI-2068,Transit,2024,0,7.768915,0.000025,-0.000037,0,1.821,0.162,-0.149,0,52.9328,0.0586,-0.0586
TOI-2071 b,TOI-2071,Transit,2026,0,5.67395387,2.29049E-05,-2.29701E-05,0,2.56484195,0.22555937,-0.19617115,0,231.311,1.027,-1.019
TOI-2076 b,TOI-2076,Transit,2021,0,10.35504,0.00014,-0.00014,0,2.59,0.1,-0.1,0,41.9091,0.0528,-0.0526
TOI-2076 c,TOI-2076,Transit,2021,0,21.01447,0.0006,-0.0006,0,3.54,0.14,-0.14,0,41.9091,0.0528,-0.0526
TOI-2076 d,TOI-2076,Transit,2021,0,35.12803,0.00059,-0.00059,0,3.27,0.13,-0.13,0,41.9091,0.0528,-0.0526
TOI-2076 e,TOI-2076,Transit,2025,0,3.0223753,0.0000079,-0.0000079,0,1.301,0.059,-0.059,0,41.9091,0.0528,-0.0526
TOI-2081 b,TOI-2081,Transit,2022,0,10.50534,0.00007,-0.00008,0,2.04,0.5,-0.54,0,62.3446,0.08335,-0.08335
TOI-2084 b,TOI-2084,Transit,2023,0,6.0784247,0.0000096,-0.0000096,0,2.47,0.13,-0.13,0,114.549,0.342,-0.339
TOI-2088 b,TOI-2088,Transit,2024,0,124.72997,0.00065,-0.00065,0,3.6831179,0.19277867,-0.14072298,0,126.46,0.36,-0.358
TOI-209 b,TOI-209,Transit,2026,0,4.379435874,1.72317E-05,-1.72825E-05,0,2.3947209,0.22229568,-0.19618434,0,113.387,0.274,-0.271
TOI-2092 b,TOI-2092,Transit,2026,0,4.303255281,2.59643E-05,-2.42276E-05,0,2.94892961,0.31576526,-0.26073597,0,176.759,1.014,-1.002
TOI-2093 b,TOI-2093,Radial Velocity,2025,0,12.836,0.021,-0.021,0,3.25,,,0,82.7982,0.1589,-0.1583
TOI-2093 c,TOI-2093,Transit,2025,0,53.81149,0.00017,-0.00017,0,2.3,0.12,-0.12,0,82.7982,0.1589,-0.1583
TOI-2094 b,TOI-2094,Transit,2026,0,18.793193,0.000018,-0.000018,0,1.9,0.1,-0.1,0,50.0248,0.0838,-0.0836
TOI-2095 b,TOI-2095,Transit,2023,0,17.66484,0.00007,-0.00007,0,1.25,0.07,-0.07,0,41.9176,0.05,-0.05
TOI-2095 c,TOI-2095,Transit,2023,0,28.17232,0.00014,-0.00014,0,1.33,0.08,-0.08,0,41.9176,0.05,-0.05
TOI-2096 b,TOI-2096,Transit,2023,0,3.1190633,0.00001,-0.0000093,0,1.243,0.077,-0.072,0,48.4809,0.0982,-0.0978
TOI-2096 c,TOI-2096,Transit,2023,0,6.38784,0.000012,-0.000012,0,1.914,0.095,-0.095,0,48.4809,0.0982,-0.0978
TOI-2104 b,TOI-2104,Transit,2026,0,5.904370457,3.41052E-05,-3.1842E-05,0,1.52898127,0.13889258,-0.12285756,0,76.7418,0.1276,-0.1272
TOI-2107 b,TOI-2107,Transit,2024,0,2.4545467,0.0000013,-0.0000013,0,13.57407563,0.39231432,-0.35868738,0,236.705,1.934,-1.904
TOI-2109 b,TOI-2109,Transit,2021,0,0.67247414,0.000000028,-0.00000028,0,15.098497,0.52682209,-0.52682209,0,262.041,2.753,-2.698
TOI-2120 b,TOI-2120,Transit,2024,0,5.7998164,0.0000035,-0.0000035,0,2.122,0.065,-0.065,0,32.1755,0.0529,-0.0528
TOI-2128 b,TOI-2128,Transit,2024,0,16.34136,0.00013,-0.00013,0,2.08874836,0.08866263,-0.07642236,0,36.578,0.0344,-0.0343
TOI-2133 b,TOI-2133,Transit,2026,0,3.8266472,0.000005,-0.000004,0,2.37,0.09,-0.09,0,75.1973,0.1363,-0.1359
TOI-2134 b,TOI-2134,Transit,2023,0,9.229198,0.000003,-0.000003,0,2.735,0.068,-0.068,0,22.6202,0.016,-0.0159
TOI-2134 c,TOI-2134,Transit,2023,0,95.85284,0.000041,-0.000041,0,7.35,0.18,-0.18,0,22.6202,0.016,-0.0159
TOI-2136 b,TOI-2136,Transit,2022,0,7.851928,0.000018,-0.000016,0,2.19,0.17,-0.17,0,33.3631,0.06425,-0.06425
TOI-2141 b,TOI-2141,Transit,2023,0,18.261608,0.000019,-0.00002,0,3.147,0.043,-0.042,0,77.682,0.2257,-0.2244
TOI-2141 c,TOI-2141,Radial Velocity,2025,0,5.4624,0.0026,-0.0027,0,2.35,,,0,77.682,0.2257,-0.2244
TOI-2141 d,TOI-2141,Radial Velocity,2025,0,60.45,0.24,-0.25,0,3.97,,,0,77.682,0.2257,-0.2244
TOI-2145 b,TOI-2145,Transit,2023,0,10.261128,0.000009,-0.000007,0,12.24020692,0.33626942,-0.31385146,0,224.731,1.102,-1.092
TOI-2147 b,TOI-2147,Transit,2026,0,26.20518,0.00003,-0.00003,0,10.5,0.3,-0.3,0,282.108,2.538,-2.494
TOI-2152 A b,TOI-2152,Transit,2023,0,3.3773512,0.000006,-0.0000061,0,14.35870428,0.56044903,-0.51561311,0,303.006,3.11,-3.049
TOI-2154 b,TOI-2154,Transit,2023,0,3.8240801,0.0000025,-0.0000025,0,16.28664896,0.59407598,-0.53803107,0,296.46,2.174,-2.143
TOI-2158 b,TOI-2158,Transit,2022,0,8.60077,0.00003,-0.00003,0,10.76062147,0.13450777,-0.13450777,0,198.473,1.403,-1.383
TOI-216.01,TOI-216,Transit,2019,0,34.525528,,,0,10.1,0.2,-0.2,0,177.945,0.883,-0.875
TOI-216.02,TOI-216,Transit,2019,0,17.16073,,,0,8,3,-2,0,177.945,0.883,-0.875
TOI-2169 A b,TOI-2169 A,Transit,2025,0,8.2148282,0.0000081,-0.000008,0,12.50922246,0.41473229,-0.40352331,0,351.487,3.566,-3.497
TOI-2180 b,TOI-2180,Transit,2022,0,260.79,0.59,-0.58,0,11.32107051,0.24659758,-0.21297063,0,116.685,0.267,-0.266
TOI-2184 b,TOI-2184,Transit,2022,0,6.90683,0.00009,-0.00009,0,11.39953337,0.57165802,-0.57165802,0,788.317,13.414,-12.98
TOI-2193 A b,TOI-2193 A,Transit,2022,0,2.1225735,0.0000016,-0.0000016,0,19.83989584,,,0,337.064,2.385,-2.351
TOI-2194 b,TOI-2194,Transit,2023,0,15.337597,0.001585,-0.001616,0,1.9892,0.1313,-0.0668,0,19.5711,0.0377,-0.0376
TOI-2196 b,TOI-2196,Transit,2022,0,1.1947268,0.0000079,-0.0000093,0,3.51,0.15,-0.15,0,259.947,2.036,-2.005
TOI-220 b,TOI-220,Transit,2021,0,10.695264,0.000086,-0.000086,0,3.03,0.15,-0.15,0,90.7402,0.1715,-0.1709
TOI-2200 b,TOI-2200,Transit,2026,0,2.936028365,1.35637E-06,-1.40676E-06,0,6.96310517,0.42730881,-0.42498668,0,251.245,1.194,-1.183
TOI-2202 b,TOI-2202,Transit,2021,0,11.9126075,0.00011,-0.00011,0,10.95117414,0.17934369,-0.17934369,0,235.933,1.051,-1.041
TOI-2202 c,TOI-2202,Transit Timing Variations,2021,0,24.6744,0.0258,-0.0339,0,13.4,,,0,235.933,1.051,-1.041
TOI-2207 b,TOI-2207,Transit,2022,0,8.001968,0.000024,-0.000025,0,11.1529358,0.31385146,-0.30264248,0,373.345,6.487,-6.273
TOI-2211.01,TOI-2211,Transit,2024,0,3.092686757,0.000012941,-0.000012424,0,1.561,0.198,-0.144,0,70.2932,0.1947,-0.1936
TOI-2227 b,TOI-2227,Transit,2026,0,4.221758156,2.30441E-05,-2.44973E-05,0,3.09885187,0.25572292,-0.23281105,0,165.441,0.644,-0.639
TOI-2236 b,TOI-2236,Transit,2022,0,3.5315902,0.0000026,-0.0000026,0,14.36991326,0.35868738,-0.3474784,0,355.59,2.461,-2.427
TOI-2257 b,TOI-2257,Transit,2021,0,35.189346,0.00009,-0.00009,0,2.194,0.113,-0.111,0,57.7911,0.1053,-0.1049
TOI-2260 b,TOI-2260,Transit,2022,0,0.3524728,0.0000047,-0.0000047,0,1.62,0.13,-0.13,0,101.251,0.284,-0.283
TOI-2266 b,TOI-2266,Transit,2024,0,2.326318,0.0000048,-0.0000048,0,1.54,0.09,-0.09,0,51.6004,0.1297,-0.1291
TOI-2267 b,TOI-2267 A,Transit,2025,0,2.28909,0.0000012,-0.0000011,0,1,0.11,-0.11,0,22.55,0.19,-0.19
TOI-2267 c,TOI-2267 A,Transit,2025,0,3.4950412,0.0000022,-0.0000022,0,1.14,0.13,-0.13,0,22.55,0.19,-0.19
TOI-2267 d,TOI-2267 B,Transit,2025,0,2.0344671,0.0000023,-0.0000023,0,1.77,0.43,-0.43,0,22.55,0.19,-0.19
TOI-2274 b,TOI-2274,Transit,2024,0,2.67963,0.000003,-0.000003,0,2.45,0.23,-0.13,0,48.876,0.05795,-0.05795
TOI-2285 b,TOI-2285,Transit,2021,0,13.635109,0.000031,-0.000031,0,1.77,0.12,-0.09,0,42.409,0.047,-0.047
TOI-2295 b,TOI-2295,Transit,2024,0,30.033302,0.000072,-0.000073,0,16.47720163,9.52763359,-5.94075977,0,126.279,0.396,-0.394
TOI-2295 c,TOI-2295,Radial Velocity,2024,0,966.5,4.3,-4.2,0,12.8,,,0,126.279,0.396,-0.394
TOI-2322 b,TOI-2322,Transit,2025,0,11.30717,0.000085,-0.000079,0,0.994,0.057,-0.059,0,59.861,0.0796,-0.0793
TOI-2322 c,TOI-2322,Transit,2025,0,20.225528,0.000039,-0.000044,0,1.874,0.066,-0.057,0,59.861,0.0796,-0.0793
TOI-2328 b,TOI-2328,Transit,2025,0,17.10197,0.00001,-0.00001,0,9.97599282,0.33626942,-0.44835923,0,231.782,1.109,-1.098
TOI-2337 b,TOI-2337,Transit,2022,0,2.99432,0.00008,-0.00008,0,10.08808263,1.12089807,-1.12089807,0,536.046,5.977,-5.85
TOI-2338 b,TOI-2338,Transit,2023,0,22.65398,0.00002,-0.00002,0,11.2089807,0.22417961,-0.22417961,0,313.996,1.98,-1.956
TOI-2345 b,TOI-2345,Transit,2025,0,1.0528573,0.0000025,-0.0000026,0,1.504,0.047,-0.044,0,81.6541,0.1655,-0.1648
TOI-2345 c,TOI-2345,Transit,2025,0,21.064302,0.000041,-0.000041,0,2.451,0.045,-0.046,0,81.6541,0.1655,-0.1648
TOI-2346 b,TOI-2346,Transit,2025,0,3.3312029,0.0000024,-0.0000024,0,16.11851425,0.48198617,-0.45956821,0,437.484,6.144,-5.979
TOI-2364 b,TOI-2364,Transit,2023,0,4.0197517,0.0000043,-0.0000043,0,8.60849718,0.25780656,-0.20176165,0,219.614,1.715,-1.689
TOI-2368 b,TOI-2368,Transit,2024,0,5.1750073,0.0000016,-0.0000016,0,10.83908434,0.40352331,-0.3474784,0,210.915,1.181,-1.168
TOI-237 b,TOI-237,Transit,2020,0,5.436098,0.000039,-0.000039,0,1.44,0.12,-0.12,0,38.0749,0.2292,-0.2265
TOI-237 c,TOI-237,Transit,2026,0,1.74486147,0.0000013,-0.000001,0,1.206,0.035,-0.035,0,38.0749,0.2292,-0.2265
TOI-2373 b,TOI-2373,Transit,2023,0,13.33668,0.00001,-0.00001,0,10.42435205,0.22417961,-0.22417961,0,508.686,7.431,-7.223
TOI-2374 b,TOI-2374,Transit,2024,0,4.3136193,0.0000015,-0.0000015,0,7.48759911,0.20176165,-0.20176165,0,134.655,0.875,-0.864
TOI-2379 b,TOI-2379,Transit,2024,0,5.4693827,0.0000023,-0.0000023,0,11.72459381,0.25780656,-0.25780656,0,211.247,1.0895,-1.0895
TOI-238 b,TOI-238,Transit,2024,0,1.273099,0.0000016,-0.0000016,0,1.559,0.047,-0.047,0,80.5407,0.2672,-0.2655
TOI-238 c,TOI-238,Radial Velocity,2024,0,8.465651,0.000035,-0.000035,0,2.18,0.18,-0.18,0,80.5407,0.2672,-0.2655
TOI-2382 b,TOI-2382,Transit,2025,0,4.6612061,0.0000032,-0.0000032,0,12.25141591,0.85188253,-0.57165802,0,434.92,16.353,-15.228
TOI-2384 b,TOI-2384,Transit,2024,0,2.13570304,0.00000038,-0.00000038,0,11.48920522,0.23538859,-0.23538859,0,191.51,2.069,-2.026
TOI-2406 b,TOI-2406,Transit,2021,0,3.0766891,0.0000024,-0.0000024,0,2.86,0.063,-0.069,0,55.419,0.2536,-0.2512
TOI-2407 b,TOI-2407,Transit,2025,0,2.702969,0.000001,-0.000001,0,4.26,0.26,-0.26,0,92.4366,0.2061,-0.2052
TOI-2411 b,TOI-2411,Transit,2022,0,0.7826942,0.0000037,-0.0000037,0,1.68,0.11,-0.11,0,59.5362,0.2878,-0.2852
TOI-2416 b,TOI-2416,Transit,2023,0,8.275479,0.000009,-0.000009,0,9.86390302,0.22417961,-0.22417961,0,557.733,6.062,-5.935
TOI-2420 b,TOI-2420,Transit,2024,0,5.842641,0.000015,-0.000013,0,15.02003414,0.82946457,-0.80704661,0,435.174,7.324,-7.09
TOI-2421 b,TOI-2421,Transit,2022,0,4.3474032,0.0000079,-0.0000078,0,10.36830715,0.39231432,-0.38110534,0,327.927,3.248,-3.185
TOI-2427 b,TOI-2427,Transit,2022,0,1.3060011,0.0000102,-0.0000102,0,1.8,0.12,-0.12,0,28.5147,0.0278,-0.0278
TOI-2431 b,TOI-2431,Transit,2026,0,0.22419578,0.00000005,-0.00000005,0,1.534,0.034,-0.033,0,36.0559,0.0594,-0.0592
TOI-244 b,TOI-244,Transit,2023,0,7.397225,0.000026,-0.000023,0,1.52,0.12,-0.12,0,22.0337,0.0334,-0.0333
TOI-2443 b,TOI-2443,Transit,2023,0,15.66858,0.0001,-0.0001,0,2.363,0.066,-0.066,0,23.9258,0.0232,-0.0233
TOI-2445 b,TOI-2445,Transit,2022,0,0.3711281,0.0000005,-0.0000005,0,1.25,0.08,-0.08,0,48.582,0.2487,-0.2462
TOI-2447 b,TOI-2447,Transit,2024,0,69.33684,0.00009,-0.00011,0,9.60609646,0.13450777,-0.12329879,0,148.987,0.615,-0.61
TOI-2449 b,TOI-2449,Transit,2025,0,106.14468,0.00022,-0.00021,0,11.24,0.1,-0.1,0,156.786,0.587,-0.582
TOI-2453 b,TOI-2453,Transit,2026,0,4.441434632,1.37922E-05,-1.19668E-05,0,3.24380341,0.29909721,-0.25885686,0,81.9043,0.3066,-0.3044
TOI-2458 b,TOI-2458,Transit,2024,0,3.73659,0.00044,-0.00047,0,2.83,0.2,-0.18,0,112.958,0.54,-0.535
TOI-2458 c,TOI-2458,Radial Velocity,2024,0,16.553,0.059,-0.061,0,3.18,,,0,112.958,0.54,-0.535
TOI-2459 b,TOI-2459,Transit,2023,0,19.104718,0.000023,-0.000024,0,2.9531,0.0916,-0.0658,0,36.6113,0.0346,-0.0345
TOI-2485 b,TOI-2485,Transit,2024,0,11.23479,0.000054,-0.000052,0,12.1393261,0.50440413,-0.50440413,0,397.953,8.221,-7.9
TOI-2497 b,TOI-2497,Transit,2023,0,10.655669,0.000038,-0.000038,0,11.14172682,0.61649394,-0.54924005,0,285.289,3.564,-3.479
TOI-2498 b,TOI-2498,Transit,2023,0,3.738252,0.000004,-0.000004,0,6.06,0.29,-0.27,0,275.265,4.204,-4.082
TOI-251 b,TOI-251,Transit,2021,0,4.93777,0.000028,-0.000029,0,2.74,0.18,-0.18,0,99.523,0.4374,-0.4336
TOI-2518 b,TOI-2518,Transit,2026,0,6.897974252,6.42397E-05,-7.67512E-05,0,2.26838675,0.26231558,-0.20960264,0,160.825,0.728,-0.721
TOI-2524 b,TOI-2524,Transit,2023,0,7.18585,0.00001,-0.00001,0,11.2089807,0.22417961,-0.33626942,0,438.842,8.172,-7.885
TOI-2525 b,TOI-2525,Transit,2023,0,23.2856,0.0017,-0.0017,0,8.67575106,0.11208981,-0.11208981,0,395.398,2.253,-2.229
TOI-2525 c,TOI-2525,Transit,2023,0,49.2519,0.0004,-0.0004,0,10.13291855,0.11208981,-0.11208981,0,395.398,2.253,-2.229
TOI-2529 b,TOI-2529,Transit,2024,0,64.5949,0.0003,-0.0003,0,11.54525012,0.56044903,-0.56044903,0,296.271,4.289,-4.17
TOI-2537 b,TOI-2537,Transit,2024,0,94.1022,0.0011,-0.0011,0,11.25381662,0.66132986,-0.68374782,0,184.986,1.899,-1.861
TOI-2537 c,TOI-2537,Radial Velocity,2024,0,1920,230,-140,0,12.7,,,0,184.986,1.899,-1.861
TOI-2545 b,TOI-2545,Transit,2022,0,7.994037,,,0,2.75,,,0,107.118,0.474,-0.47
TOI-2567 b,TOI-2567,Transit,2022,0,5.983944,0.000013,-0.000013,0,10.92875618,0.3474784,-0.32506044,0,504.775,5.219,-5.115
TOI-257 b,TOI-257,Transit,2021,0,18.38818,0.00085,-0.00084,0,7.16253867,0.14571675,-0.14571675,0,76.9028,0.1953,-0.1943
TOI-2570 b,TOI-2570,Transit,2022,0,2.9887615,0.0000022,-0.0000022,0,13.64132951,0.39231432,-0.38110534,0,361.857,6.349,-6.138
TOI-2578 b,TOI-2578,Transit,2026,0,3.4579667,0.0000033,-0.0000033,0,19.66055215,0.65012088,-0.6389119,0,285.53,3.517,-3.435
TOI-2580 b,TOI-2580,Transit,2024,0,3.39775,0.000002,-0.000002,0,17.37392009,0.56044903,-0.56044903,0,379.253,4.571,-4.465
TOI-2583 A b,TOI-2583 A,Transit,2023,0,4.5207265,0.0000049,-0.0000049,0,14.4595851,0.44835923,-0.36989636,0,566.189,6.47,-6.328
TOI-2587 A b,TOI-2587 A,Transit,2023,0,5.45664,0.000011,-0.000011,0,12.07207221,0.47077719,-0.44835923,0,373.675,5.953,-5.772
TOI-2589 b,TOI-2589,Transit,2023,0,61.6277,0.0002,-0.0002,0,12.10569916,0.33626942,-0.33626942,0,200.273,0.832,-0.826
TOI-260 b,TOI-260,Transit,2024,0,13.475853,0.000013,-0.000011,0,1.71,0.08,-0.08,0,20.1852,0.0232,-0.0231
TOI-261.01,TOI-261,Transit,2021,0,3.3639254,,,0,3.0449863,0.2114907,-0.2114907,0,114.495,0.557,-0.552
TOI-261.02,TOI-261,Transit,2021,0,13.03935862,0.004316486,-0.004316486,0,3.34822227,1.2696187,-1.2696187,0,114.495,0.557,-0.552
TOI-262 b,TOI-262,Transit,2023,0,11.14529,0.00003,-0.00003,0,2.07,0.15,-0.15,0,43.932,0.1174,-0.1168
TOI-2641 b,TOI-2641,Transit,2023,0,4.880974,0.000023,-0.000037,0,18.10250383,5.17854908,-7.17374765,0,344.045,3.342,-3.279
TOI-2654 b,TOI-2654,Transit,2026,0,2.967604259,3.51285E-06,-3.52416E-06,0,7.94454164,0.56556315,-0.54463645,0,248.964,1.094,-1.085
TOI-2669 b,TOI-2669,Transit,2022,0,6.2034,0.0001,-0.0001,0,19.72780603,1.79343691,-1.79343691,0,393.443,6.457,-6.256
TOI-269 b,TOI-269,Transit,2021,0,3.6977104,0.0000037,-0.0000037,0,2.77,0.12,-0.12,0,57.0225,0.0757,-0.0756
TOI-270 b,TOI-270,Transit,2019,0,3.35992,0.00005,-0.00005,0,1.28,0.05,-0.04,0,22.4793,0.01355,-0.01355
TOI-270 c,TOI-270,Transit,2019,0,5.66051,0.00004,-0.00004,0,2.33,0.01,-0.01,0,22.4793,0.01355,-0.01355
TOI-270 d,TOI-270,Transit,2019,0,11.38194,0.00011,-0.00011,0,2,0.05,-0.05,0,22.4793,0.01355,-0.01355
TOI-2714 b,TOI-2714,Transit,2024,0,2.499387,0.000004,-0.000004,0,13.72,0.7,-0.67,0,597.873,7.886,-7.686
TOI-2719 b,TOI-2719,Transit,2025,0,3.37594,0.00005,-0.00005,0,5.98,0.46,-0.46,0,588.368,12.726,-12.208
TOI-2768 b,TOI-2768,Transit,2024,0,1.50801,0.000006,-0.000006,0,2.63,0.45,-0.44,0,78.4525,0.1887,-0.1879
TOI-277 b,TOI-277,Transit,2022,0,3.994,0.0004,-0.0004,0,2.65,0.18,-0.18,0,64.6692,0.13825,-0.13825
TOI-2796 b,TOI-2796,Transit,2023,0,4.8084983,0.0000057,-0.0000056,0,17.26183028,,,-1,350.343,6.018,-5.821
TOI-2803 A b,TOI-2803 A,Transit,2023,0,1.96229325,0.00000082,-0.00000082,0,18.11371281,0.38110534,-0.35868738,0,494.818,6.647,-6.477
TOI-2818 b,TOI-2818,Transit,2023,0,4.039709,0.0000024,-0.0000023,0,15.27784069,0.51561311,-0.50440413,0,312.674,2.265,-2.233
TOI-283 b,TOI-283,Transit,2025,0,17.61745,0.00002,-0.00001,0,2.34,0.09,-0.09,0,82.7013,0.2117,-0.2107
TOI-2842 b,TOI-2842,Transit,2023,0,3.5514058,0.0000077,-0.0000078,0,12.84549188,0.57165802,-0.53803107,0,460.995,7.719,-7.473
TOI-286 b,TOI-286,Transit,2024,0,4.5117244,0.0000031,-0.0000027,0,1.42,0.1,-0.1,0,59.2293,0.0748,-0.0745
TOI-286 c,TOI-286,Transit,2024,0,39.361826,0.00007,-0.000081,0,1.88,0.12,-0.12,0,59.2293,0.0748,-0.0745
TOI-2876 b,TOI-2876,Transit,2025,0,6.2996431,0.000007,-0.000007,0,9.6397234,0.33626942,-0.31385146,0,225.744,1.521,-1.5
TOI-2886 b,TOI-2886,Transit,2025,0,1.60200105,0.00000044,-0.00000043,0,18.6405349,0.45956821,-0.39231432,0,413.673,6.812,-6.6
TOI-2969 b,TOI-2969,Transit,2025,0,1.8237146,0.0000002,-0.0000002,0,12.32987877,0.89671846,-0.89671846,0,163.996,0.695,-0.69
TOI-2977 b,TOI-2977,Transit,2023,0,2.3505614,0.0000025,-0.0000025,0,13.15934334,0.3474784,-0.30264248,0,,,
TOI-2981 b,TOI-2981,Transit,2024,0,3.601501,0.000002,-0.000002,0,13.4,0.42,-0.42,0,527.789,7.188,-7.001
TOI-2986 b,TOI-2986,Transit,2025,0,3.2783662,0.0000044,-0.0000043,0,9.292245,0.25780656,-0.23538859,0,563.149,25.779,-23.655
TOI-2989 b,TOI-2989,Transit,2025,0,3.122832,0.000001,-0.000001,0,12.55405838,0.56044903,-0.56044903,0,195.795,1.012,-1.001
TOI-2992 b,TOI-2992,Transit,2025,0,3.007812,0.0000019,-0.0000019,0,13.75341932,0.50440413,-0.50440413,0,542.026,13.266,-12.658
TOI-3023 b,TOI-3023,Transit,2023,0,3.9014971,0.0000031,-0.0000031,0,16.43236571,0.48198617,-0.35868738,0,389.916,3.196,-3.146
TOI-3071 b,TOI-3071,Transit,2024,0,1.266938,0.000002,-0.000002,0,7.16,0.57,-0.51,0,485.219,9.044,-8.725
TOI-3082 b,TOI-3082,Transit,2023,0,1.926907,0.000128,-0.000134,0,3.6621,0.1464,-0.1448,0,113.048,0.456,-0.453
TOI-3135 b,TOI-3135,Transit,2025,0,3.7065585,0.0000013,-0.0000013,0,13.65253849,0.33626942,-0.33626942,0,221.673,1.379,-1.361
TOI-3160 A b,TOI-3160 A,Transit,2025,0,3.971281,0.0000025,-0.0000025,0,13.7646283,0.51561311,-0.50440413,0,567.678,36.671,-32.536
TOI-3235 b,TOI-3235,Transit,2023,0,2.59261842,0.00000041,-0.00000041,0,11.39953337,0.49319515,-0.49319515,0,72.811,0.5346,-0.527
TOI-3261 b,TOI-3261,Transit,2024,0,0.8831331,0.000001,-0.000001,0,3.82,0.42,-0.35,0,300.141,1.082,-1.074
TOI-3288 b,TOI-3288,Transit,2025,0,1.4338647,0.0000003,-0.0000003,0,12.24020692,0.36989636,-0.36989636,0,200.5,1.5505,-1.5505
TOI-329 b,TOI-329,Transit,2024,0,5.70439,0.00013,-0.00013,0,4.94057819,0.29202617,-0.25614214,0,284.388,4.247,-4.125
TOI-332 b,TOI-332,Transit,2023,0,0.777038,0.000001,-0.000001,0,3.2,0.16,-0.11,0,222.852,3.75,-3.629
TOI-3321 b,TOI-3321,Transit,2024,0,3.6525145,0.0000027,-0.0000028,0,15.55806521,0.78462865,-0.71737476,0,285.895,3.318,-3.244
TOI-333 b,TOI-333,Transit,2025,0,3.7852503,0.0000057,-0.0000057,0,4.26,0.11,-0.11,0,352.269,4.793,-4.668
TOI-3331 A b,TOI-3331 A,Transit,2022,0,2.0180231,0.0000043,-0.0000044,0,12.97999965,0.48198617,-0.48198617,0,217.193,2.748,-2.681
TOI-3353.01,TOI-3353,Transit,2024,0,4.6657965,,,0,2.6667555,0.230776,-0.230776,0,78.7577,0.1215,-0.1211
TOI-3362 b,TOI-3362,Transit,2021,0,18.09547,0.00003,-0.00003,0,12.80065596,0.48198617,-0.45956821,0,366.987,4.259,-4.164
TOI-3364 b,TOI-3364,Transit,2023,0,5.8768918,0.0000069,-0.0000069,0,12.22899794,0.42594127,-0.35868738,0,277.899,2.505,-2.461
TOI-3457 b,TOI-3457,Transit,2026,0,32.600268,0.000028,-0.00003,0,10.64,0.25,-0.25,0,370.666,3.076,-3.027
TOI-3464 b,TOI-3464,Transit,2025,0,3.6515568,0.000006,-0.0000061,0,13.7646283,0.6389119,-0.59407598,0,597.774,13.701,-13.111
TOI-3474 b,TOI-3474,Transit,2025,0,3.8795105,0.0000045,-0.0000045,0,14.67255574,0.36989636,-0.35868738,0,420.123,7.383,-7.136
TOI-3486 b,TOI-3486,Transit,2025,0,2.21778105,0.00000088,-0.00000088,0,10.5700688,0.33626942,-0.32506044,0,154.715,0.901,-0.89
TOI-3493 b,TOI-3493,Transit,2025,0,8.1594667,0.0000016,-0.0000017,0,3.22,0.08,-0.08,0,96.7224,0.4023,-0.399
TOI-3523 A b,TOI-3523 A,Transit,2025,0,2.30458952,0.00000082,-0.00000082,0,15.9727975,0.41473229,-0.39231432,0,645.294,25.058,-23.281
TOI-3540 A b,TOI-3540 A,Transit,2022,0,3.119999,0.0000079,-0.0000079,0,23.53885947,,,0,,,
TOI-3568 b,TOI-3568,Transit,2024,0,4.417965,0.000005,-0.000005,0,5.3,0.27,-0.27,0,197.906,1.306,-1.289
TOI-3593 b,TOI-3593,Transit,2025,0,3.8212867,0.0000016,-0.0000016,0,11.02963701,0.31385146,-0.2914335,0,226.63,1.703,-1.677
TOI-3629 b,TOI-3629,Transit,2022,0,3.936551,0.000005,-0.000006,0,8.29464572,0.22417961,-0.22417961,0,130.091,0.548,-0.545
TOI-3664 b,TOI-3664,Transit,2026,0,3.2974839,0.0000041,-0.0000041,0,13.69737442,0.33626942,-0.33626942,0,464.748,4.87,-4.772
TOI-3682 b,TOI-3682,Transit,2025,0,3.3462406,0.0000023,-0.0000023,0,12.80065596,0.40352331,-0.39231432,0,404.211,7.951,-7.654
TOI-3688 A b,TOI-3688 A,Transit,2023,0,3.246075,0.000012,-0.000012,0,13.08088048,0.53803107,-0.49319515,0,396.378,6.03,-5.855
TOI-3693 b,TOI-3693,Transit,2022,0,9.088516,0.000026,-0.000027,0,12.59889431,0.32506044,-0.25780656,0,176.436,1.224,-1.208
TOI-3714 b,TOI-3714,Transit,2022,0,2.154849,0.000001,-0.000001,0,11.32107051,0.33626942,-0.33626942,0,112.71,0.586,-0.579
TOI-375 b,TOI-375,Transit,2026,0,9.45469,0.00002,-0.00002,0,10.77183045,0.49319515,-0.48198617,0,396.213,3.3565,-3.3565
TOI-375 c,TOI-375,Radial Velocity,2026,0,115.5,2,-1.6,0,13.4,,,0,396.213,3.3565,-3.3565
TOI-375 d,TOI-375,Radial Velocity,2026,0,297.9,28.9,-18.6,0,13.6,,,0,396.213,3.3565,-3.3565
TOI-3757 b,TOI-3757,Transit,2022,0,3.438753,0.000004,-0.000004,0,12,0.4,-0.5,0,181.139,1.194,-1.179
TOI-3785 b,TOI-3785,Transit,2023,0,4.6747373,0.0000038,-0.0000038,0,5.14,0.16,-0.16,0,79.7634,0.2243,-0.223
TOI-3807 b,TOI-3807,Transit,2023,0,2.8989727,0.0000038,-0.0000039,0,18.49481816,,,-1,421.745,4.661,-4.561
TOI-3819 b,TOI-3819,Transit,2023,0,3.2443141,0.0000055,-0.0000055,0,13.13692538,0.40352331,-0.39231432,0,558.141,13.045,-12.473
TOI-3837 b,TOI-3837,Transit,2025,0,11.88865,0.00003,-0.00003,0,10.87271128,0.56044903,-0.67253884,0,311.705,4.403,-4.284
TOI-3856 b,TOI-3856,Transit,2025,0,2.04360352,0.00000094,-0.00000094,0,13.59649359,0.28022452,-0.26901554,0,314.443,4.684,-4.55
TOI-3862 b,TOI-3862,Transit,2026,0,1.55745774,0.00000036,-0.00000042,0,5.53,0.18,-0.18,0,249.02,1.679,-1.656
TOI-3877 b,TOI-3877,Transit,2025,0,4.123596,0.0000067,-0.0000067,0,11.67975789,0.49319515,-0.48198617,0,493.77,13.336,-12.664
TOI-3884 b,TOI-3884,Transit,2022,0,4.5445828,0.0000098,-0.0000098,0,6.43,0.2,-0.2,0,43.1448,0.169,-0.1678
TOI-3894 b,TOI-3894,Transit,2024,0,4.33454,0.0000022,-0.0000022,0,15.27784069,0.61649394,-0.57165802,0,417.365,4.02,-3.946
TOI-3896 b,TOI-3896,Transit,2026,0,4.377303697,1.54054E-05,-1.43077E-05,0,3.14949237,0.25672878,-0.2360017,0,181.653,0.716,-0.71
TOI-3912 b,TOI-3912,Transit,2023,0,3.4936264,0.0000038,-0.0000038,0,14.28024141,0.45956821,-0.44835923,0,465.992,6.586,-6.408
TOI-3919 b,TOI-3919,Transit,2024,0,7.433234,0.000014,-0.000014,0,12.31866979,0.582867,-0.56044903,0,604.591,9.023,-8.767
TOI-3976 A b,TOI-3976 A,Transit,2023,0,6.607662,0.000016,-0.000015,0,12.27383387,0.40352331,-0.39231432,0,516.087,5.917,-5.788
TOI-3980 b,TOI-3980,Transit,2025,0,3.6089254,0.000003,-0.0000031,0,14.4595851,2.24179614,-1.12089807,0,486.721,8.105,-7.848
TOI-3984 A b,TOI-3984 A,Transit,2023,0,4.353326,0.000005,-0.000005,0,7.9,0.24,-0.24,0,108.883,0.433,-0.428
TOI-4010 b,TOI-4010,Transit,2023,0,1.348335,0.000003,-0.000002,0,3.02,0.08,-0.08,0,177.504,0.994,-0.982
TOI-4010 c,TOI-4010,Transit,2023,0,5.414654,0.000007,-0.000007,0,5.93,0.11,-0.12,0,177.504,0.994,-0.982
TOI-4010 d,TOI-4010,Transit,2023,0,14.70886,0.00003,-0.00003,0,6.18,0.14,-0.15,0,177.504,0.994,-0.982
TOI-4010 e,TOI-4010,Radial Velocity,2023,0,762,90,-90,-1,13.3,,,0,177.504,0.994,-0.982
TOI-4029 b,TOI-4029,Transit,2026,0,5.884982346,2.44405E-05,-2.26808E-05,0,6.73756618,0.48174093,-0.46193929,0,274.436,3.348,-3.269
TOI-4030 b,TOI-4030,Transit,2026,0,2.509001995,3.60608E-05,-3.50991E-05,0,5.8462559,0.41681993,-0.40038434,0,571.615,4.484,-4.416
TOI-4034 b,TOI-4034,Transit,2026,0,1.8020932,0.0000012,-0.0000012,0,17.71018951,0.22417961,-0.22417961,0,745.145,8.964,-8.757
TOI-406 c,TOI-406,Transit,2024,0,3.307441,0.00001,-0.000008,0,1.32,0.12,-0.12,0,31.0597,0.0341,-0.034
TOI-406.01,TOI-406,Transit,2024,0,13.175682,0.000017,-0.000016,0,2.08,0.16,-0.15,0,31.0597,0.0341,-0.034
TOI-4087 b,TOI-4087,Transit,2023,0,3.1774835,0.00000094,-0.00000094,0,13.04725353,0.28022452,-0.26901554,0,301.676,2.225,-2.193
TOI-411 b,HD 22946,Transit,2022,0,4.040295,0.000015,-0.000014,0,1.362,0.04,-0.04,0,62.7792,0.1161,-0.1156
TOI-411 c,HD 22946,Transit,2022,0,9.573083,0.000014,-0.000014,0,2.328,0.038,-0.039,0,62.7792,0.1161,-0.1156
TOI-4127 b,TOI-4127,Transit,2023,0,56.3987,0.0001,-0.0001,0,12.07,0.5,-0.49,0,319.632,3.351,-3.283
TOI-4137 b,TOI-4137,Transit,2022,0,3.8016122,0.0000065,-0.0000065,0,13.57407563,0.44835923,-0.43715025,0,334.993,3.313,-3.25
TOI-4145 A b,TOI-4145 A,Transit,2023,0,4.0664428,0.0000058,-0.0000058,0,13.30506009,0.35868738,-0.3474784,0,205.387,1.197,-1.184
TOI-4153 b,TOI-4153,Transit,2024,0,4.6174141,0.0000015,-0.0000015,0,16.11851425,0.50440413,-0.47077719,0,423.84,3.665,-3.604
TOI-4155 b,TOI-4155,Transit,2025,0,3.320729,0.000058,-0.000058,0,3.21,0.17,-0.17,0,240.737,1.274,-1.261
TOI-4156 b,TOI-4156,Transit,2026,0,4.461890341,2.55275E-05,-2.49433E-05,0,2.53823825,0.27851908,-0.22332531,0,213.719,1.002,-0.992
TOI-4156 c,TOI-4156,Transit,2026,0,12.82282706,8.92672E-05,-9.331E-05,0,2.92303762,0.33738824,-0.2707665,0,213.719,1.002,-0.992
TOI-4184 b,TOI-4184,Transit,2023,0,4.9019804,0.0000052,-0.0000052,0,2.43,0.21,-0.21,0,69.3649,0.3243,-0.3215
TOI-4201 b,TOI-4201,Transit,2023,0,3.5819194,0.0000011,-0.0000011,0,13.67495645,0.44835923,-0.44835923,0,189.011,0.9885,-0.9885
TOI-421 b,TOI-421,Transit,2020,0,5.197576,0.000005,-0.000005,0,2.64,0.08,-0.08,0,74.7969,0.2041,-0.2029
TOI-421 c,TOI-421,Transit,2020,0,16.067541,0.000004,-0.000004,0,5.09,0.07,-0.07,0,74.7969,0.2041,-0.2029
TOI-4214 b,TOI-4214,Transit,2025,0,3.4913885,0.0000033,-0.0000032,0,10.68215861,0.35868738,-0.33626942,0,346.881,5.088,-4.946
TOI-4308 b,TOI-4308,Transit,2023,0,9.151201,0.000036,-0.000037,0,2.4189,0.1195,-0.1333,0,108.932,0.642,-0.634
TOI-431 b,TOI-431,Transit,2021,0,0.490047,0.00001,-0.000007,0,1.28,0.04,-0.04,0,32.5686,0.0312,-0.0311
TOI-431 c,TOI-431,Radial Velocity,2021,0,4.8494,0.0003,-0.0002,0,1.49,,,0,32.5686,0.0312,-0.0311
TOI-431 d,TOI-431,Transit,2021,0,12.46103,0.00002,-0.00002,0,3.29,0.09,-0.09,0,32.5686,0.0312,-0.0311
TOI-4311 b,TOI-4311,Transit,2026,0,0.9902738,0.0000029,-0.000003,0,1.376,0.077,-0.08,0,134.988,0.932,-0.92
TOI-4311 c,TOI-4311,Transit,2026,0,15.070425,0.000081,-0.000075,0,2.47,0.12,-0.11,0,134.988,0.932,-0.92
TOI-4329 b,TOI-4329,Transit,2022,0,2.9223,0.00015,-0.00015,0,16.81347105,2.12970633,-2.12970633,0,717.128,10.722,-10.416
TOI-4336 A b,TOI-4336 A,Transit,2024,0,16.336351,0.000017,-0.000017,0,2.137,0.08,-0.08,0,22.5455,0.0383,-0.0382
TOI-4336 A c,TOI-4336 A,Transit,2026,0,7.587266,0.000012,-0.000012,0,1.251,0.066,-0.066,0,22.5455,0.0383,-0.0382
TOI-4342 b,TOI-4342,Transit,2023,0,5.5382592,0.0000034,-0.0000034,0,2.329,0.086,-0.085,0,61.5204,0.1022,-0.1022
TOI-4342 c,TOI-4342,Transit,2023,0,10.688662,0.00015,-0.00015,0,2.349,0.094,-0.092,0,61.5204,0.1022,-0.1022
TOI-4363 b,TOI-4363,Transit,2026,0,2.118675923,2.51138E-05,-2.37635E-05,0,1.76689273,0.24906585,-0.23329954,0,77.7751,0.2161,-0.2148
TOI-4364 b,TOI-4364,Transit,2025,0,5.424019,0.00001,-0.000011,0,2.01,0.1,-0.08,0,43.9662,0.1044,-0.1044
TOI-4377 b,TOI-4377,Transit,2023,0,4.378081,0.000019,-0.000019,0,15.10970598,0.90792744,-0.90792744,0,455.82,4.909,-4.808
TOI-4379 b,TOI-4379,Transit,2024,0,3.25352,0.00002,-0.00002,0,16.69017226,0.88550948,-0.88550948,0,645.158,19.039,-17.995
TOI-4405 b,TOI-4405,Transit,2026,0,5.921439953,2.37164E-05,-2.18951E-05,0,2.55505441,0.27294816,-0.21353108,0,155.501,0.31,-0.308
TOI-4406 b,TOI-4406,Transit,2023,0,30.08364,0.00005,-0.00005,0,11.2089807,0.22417961,-0.22417961,0,261.834,1.75,-1.726
TOI-4427 b,TOI-4427,Transit,2026,0,4.6182621,0.0000017,-0.0000017,0,13.09208946,0.31385146,-0.31385146,0,198.251,0.93,-0.921
TOI-4438 b,TOI-4438,Transit,2024,0,7.446295,0.000006,-0.000006,0,2.4,0.09,-0.1,0,30.0346,0.0233,-0.0233
TOI-444 b,TOI-444,Transit,2023,0,17.9636,0.00004,-0.00004,0,2.77,0.2,-0.2,0,57.3973,0.0828,-0.0826
TOI-4443.01,TOI-4443,Transit,2024,0,1.8498567,,,0,1.7193265,0.1346603,-0.1346603,0,56.0739,0.0957,-0.0954
TOI-4458 b,TOI-4458,Transit,2026,0,3.9393792,0.0000018,-0.0000018,0,12.40834163,0.25780656,-0.25780656,0,505.432,5.099,-5.001
TOI-4463 A b,TOI-4463 A,Transit,2023,0,2.8807198,0.0000028,-0.0000027,0,13.26022417,0.71737476,-0.50440413,0,173.117,1.303,-1.285
TOI-4465 b,TOI-4465,Transit,2025,0,101.94054,0.0004,-0.00036,0,14.01122587,0.89671846,-0.78462865,0,121.139,0.613,-0.608
TOI-4479 b,TOI-4479,Transit,2022,0,1.1589,0.00001,-0.00002,0,2.82,0.65,-0.63,0,80.6532,0.2574,-0.2558
TOI-4487 A b,TOI-4487 A,Transit,2025,0,3.9540709,0.0000021,-0.0000021,0,14.60530185,0.77341967,-0.71737476,0,479.145,6.205,-6.051
TOI-4495 b,TOI-4495,Transit,2026,0,2.56699,0.00019,-0.0002,0,2.483,0.138,-0.095,0,132.214,0.496,-0.493
TOI-4495 c,TOI-4495,Transit,2024,0,5.18553,0.0002,-0.00018,0,4.03,0.23,-0.15,0,132.214,0.496,-0.493
TOI-4504 b,TOI-4504,Transit,2024,0,2.4261516,,,0,2.65,0.12,-0.12,0,342.605,1.715,-1.699
TOI-4504 c,TOI-4504,Transit,2024,0,82.819093,,,0,11.17,0.43,-0.43,0,342.605,1.715,-1.699
TOI-4504 d,TOI-4504,Transit Timing Variations,2024,0,41.2871975,,,0,11.26,0.54,-0.54,0,342.605,1.715,-1.699
TOI-4507 b,TOI-4507,Transit,2025,0,104.61611,0.00006,-0.00006,0,8.2,0.1,-0.1,0,178.26,1.019,-1.008
TOI-451 b,TOI-451,Transit,2020,0,1.8587033,0.0000093,-0.0000114,0,1.84,0.11,-0.11,0,123.739,0.386,-0.384
TOI-451 c,TOI-451,Transit,2020,0,9.192463,0.000017,-0.000017,0,2.93,0.16,-0.16,0,123.739,0.386,-0.384
TOI-451 d,TOI-451,Transit,2020,0,16.364962,0.000015,-0.000015,0,3.93,0.2,-0.2,0,123.739,0.386,-0.384
TOI-4511 b,TOI-4511,Transit,2026,0,10.98090969,0.003056736,-0.002101561,0,2.75304932,0.30793546,-0.26170202,0,121.832,0.712,-0.705
TOI-4513 b,TOI-4513,Transit,2026,0,9.760422537,0.001097931,-0.001037145,0,2.34587608,0.27093052,-0.22436689,0,102.609,0.463,-0.46
TOI-4515 b,TOI-4515,Transit,2024,0,15.266446,0.000013,-0.000013,0,12.17,0.43,-0.43,0,193.499,1.726,-1.697
TOI-4527.01,TOI-4527,Transit,2024,0,0.3994445,,,0,0.9086617,0.953413,-0.953413,0,18.1037,0.0174,-0.0174
TOI-4529 b,TOI-4529,Transit,2026,0,5.879577,0.000011,-0.00001,0,1.77,0.09,-0.08,0,28.384,0.0412,-0.041
TOI-4551 b,TOI-4551,Transit,2023,0,9.95581,0.000076,-0.000078,0,11.85910158,1.23298788,-0.6949568,0,215.986,2.463,-2.409
TOI-4552 b,TOI-4552,Transit,2026,0,0.30110032,0.00000014,-0.00000014,0,1.11,0.04,-0.04,0,27.2684,0.0506,-0.0504
TOI-4559 b,TOI-4559,Transit,2024,0,3.965991,0.000314,-0.000332,0,1.415,0.126,-0.112,0,31.6354,0.07385,-0.07385
TOI-4561 b,TOI-4561,Transit,2026,0,8.935479367,7.64411E-05,-8.2247E-05,0,1.77789214,0.26732078,-0.19848508,0,179.008,0.562,-0.559
TOI-4562 b,TOI-4562,Transit,2023,0,225.1064,0.00015,-0.00015,0,12.53,0.15,-0.15,0,339.605,2.528,-2.491
TOI-4562 c,TOI-4562,Transit Timing Variations,2024,0,3990,201,-192,0,12.8,,,0,339.605,2.528,-2.491
TOI-4578 b,TOI-4578,Transit,2026,0,8.623926304,5.68632E-05,-6.84275E-05,0,2.26974262,0.28541935,-0.22502724,0,182.249,0.75,-0.744
TOI-4582 b,TOI-4582,Transit,2023,0,31.034,0.001,-0.001,0,10.53644186,1.00880826,-1.34507768,0,383.846,3.628,-3.562
TOI-4588 b,TOI-4588,Transit,2026,0,13.11881174,0.000223532,-0.00017837,0,2.92922558,0.32112619,-0.28427818,0,225.181,1.46,-1.441
TOI-4600 b,TOI-4600,Transit,2023,0,82.6869,0.0003,-0.0003,0,6.8,0.31,-0.3,0,216.056,1.17,-1.159
TOI-4600 c,TOI-4600,Transit,2023,0,482.8191,0.0018,-0.0017,0,9.42,0.42,-0.41,0,216.056,1.17,-1.159
TOI-4602.01,TOI-4602,Transit,2024,0,3.9812999,0.0000047,-0.0000048,0,2.45,0.23,-0.23,0,63.0637,0.2,-0.1988
TOI-4603 b,TOI-4603,Transit,2023,0,7.24599,0.00022,-0.00021,0,11.67975789,0.42594127,-0.39231432,0,225.643,2.484,-2.432
TOI-4633 c,TOI-4633,Transit,2024,0,271.9445,0.0039,-0.004,0,3.2,0.2,-0.19,0,95.2016,0.239,-0.2377
TOI-4638.01,TOI-4638,Transit,2024,0,10.28391879,0.000092782,-0.000098731,0,2.933,0.376,-0.245,0,168.248,1.761,-1.724
TOI-4640 b,TOI-4640,Transit,2026,0,2.685660152,0.000352428,-0.000357715,0,2.84326517,0.2691204,-0.25931352,0,245.089,2.188,-2.15
TOI-4641 b,TOI-4641,Transit,2023,0,22.09341,0.000051,-0.000047,0,8.18255591,0.2914335,-0.31385146,0,86.3501,0.4815,-0.4763
TOI-4662 b,TOI-4662,Transit,2026,0,4.703437646,5.53016E-05,-6.07416E-05,0,2.87998299,0.4769111,-0.35910658,0,111.047,0.289,-0.288
TOI-4666 b,TOI-4666,Transit,2025,0,2.9089165,0.000007,-0.000007,0,12.53164042,0.39231432,-0.39231432,0,154.749,0.547,-0.542
TOI-469.01,TOI-469,Transit,2021,0,13.6308205,0.000009,-0.000009,0,3.41,0.046,-0.046,0,68.192,0.1772,-0.1763
TOI-470 b,TOI-470,Transit,2023,0,12.19148,0.00003,-0.00003,0,4.34,0.29,-0.29,0,130.46,0.401,-0.398
TOI-4734 b,TOI-4734,Transit,2025,0,6.235633,0.00001,-0.000011,0,10.9175472,0.28022452,-0.25780656,0,563.068,19.79,-18.512
TOI-4747 b,TOI-4747,Transit,2026,0,5.219241586,2.75858E-05,-3.62585E-05,0,3.95803201,0.35272904,-0.32280843,0,304.615,2.028,-2.002
TOI-4773 b,TOI-4773,Transit,2025,0,1.7452851,0.0000014,-0.0000014,0,15.22179579,0.54924005,-0.53803107,0,492.888,7.848,-7.61
TOI-4791 b,TOI-4791,Transit,2023,0,4.28088,0.000022,-0.000023,0,12.44196858,0.56044903,-0.56044903,0,328.802,3.696,-3.616
TOI-4794 b,TOI-4794,Transit,2025,0,3.5658116,0.0000063,-0.0000063,0,14.35870428,0.49319515,-0.43715025,0,543.008,10.802,-10.396
TOI-480 b,TOI-480,Transit,2024,0,6.866196,0.000014,-0.000014,0,2.85372018,0.13233983,-0.10240654,0,54.5306,0.1249,-0.1244
TOI-481 b,TOI-481,Transit,2020,0,10.33111,0.00002,-0.00002,0,11.09691,0.11209,-0.11209,0,179.366,1.018,-1.007
TOI-4860 b,TOI-4860,Transit,2023,0,1.5227591,0.0000003,-0.0000003,0,8.7,0.4,-0.4,0,80.1423,0.6481,-0.6379
TOI-4898 b,TOI-4898,Transit,2026,0,2.765204702,7.81027E-06,-7.44965E-06,0,3.7197954,0.31107066,-0.28689141,0,98.5958,0.3946,-0.3946
TOI-4914 b,TOI-4914,Transit,2024,0,10.60057,0.00001,-0.00001,0,12.87,0.36,-0.36,0,299.89,3.476,-3.399
TOI-4930 b,TOI-4930,Transit,2026,0,6.781302415,0.001841699,-0.001975198,0,6.93277225,0.56664636,-0.53497392,0,413.757,45.472,-37.375
TOI-4940 b,TOI-4940,Transit,2025,0,25.867811,0.000058,-0.000056,0,6.61,0.37,-0.37,0,345.659,3.656,-3.582
TOI-4961 b,TOI-4961,Transit,2025,0,7.479182,0.0000082,-0.0000082,0,12.34108775,0.45956821,-0.43715025,0,213.073,1.371,-1.354
TOI-4994 b,TOI-4994,Transit,2024,0,21.491984,0.000023,-0.000023,0,8.54124329,0.33626942,-0.30264248,0,329.304,2.517,-2.48
TOI-500 b,TOI-500,Transit,2022,0,0.548177,0.000019,-0.000019,0,1.166,0.061,-0.058,0,47.3924,0.0473,-0.0473
TOI-500 c,TOI-500,Radial Velocity,2022,0,6.6356,0.004,-0.004,0,2.09,,,0,47.3924,0.0473,-0.0473
TOI-500 d,TOI-500,Radial Velocity,2022,0,26.233,0.02,-0.02,0,6.35,,,0,47.3924,0.0473,-0.0473
TOI-500 e,TOI-500,Radial Velocity,2022,0,61.3,0.28,-0.28,0,3.99,,,0,47.3924,0.0473,-0.0473
TOI-5005 b,TOI-5005,Transit,2024,0,6.3085044,0.0000092,-0.0000088,0,6.25,0.24,-0.24,0,207.891,1.996,-1.96
TOI-5007 b,TOI-5007,Transit,2026,0,2.543371,0.000001,-0.000001,0,11.07447293,0.3474784,-0.3474784,0,203.352,1.242,-1.228
TOI-5027 b,TOI-5027,Transit,2025,0,10.24368,0.00001,-0.00001,0,10.76062147,0.56044903,-0.67253884,0,204.429,1.057,-1.046
TOI-5076 b,TOI-5076,Transit,2024,0,23.443162,0.000062,-0.000063,0,3.48935569,0.09975993,-0.09415544,0,82.857,0.3062,-0.3041
TOI-5082.01,TOI-5082,Transit,2024,0,4.240122,,,0,2.54811,0.129562,-0.129562,0,43.1406,0.0968,-0.0964
TOI-5108 b,TOI-5108,Transit,2025,0,6.753581,0.000007,-0.000007,0,6.6,0.1,-0.1,0,130.919,1.7,-1.658
TOI-5110 b,TOI-5110,Transit,2024,0,30.158577,0.000092,-0.000095,0,11.98240037,0.60528496,-0.582867,0,392.259,8.263,-7.935
TOI-512 b,TOI-512,Transit,2025,0,7.18886,0.000069,-0.000077,0,1.54,0.1,-0.1,0,67.3975,0.1168,-0.1163
TOI-5126 b,TOI-5126,Transit,2023,0,5.4588385,0.000007,-0.0000072,0,4.74,0.16,-0.14,0,160.414,1.614,-1.582
TOI-5126 c,TOI-5126,Transit,2023,0,17.8999,0.0018,-0.0013,0,3.86,0.17,-0.16,0,160.414,1.614,-1.582
TOI-5143 c,TOI-5143,Transit,2025,0,5.2097118,0.0000032,-0.0000039,0,16.25302201,2.01761653,-1.34507768,0,181.38,2.13,-2.082
TOI-5153 b,TOI-5153,Transit,2022,0,20.33003,0.00007,-0.00007,0,11.88151954,0.44835923,-0.44835923,0,390.484,4.507,-4.407
TOI-5159 b,TOI-5159,Transit,2026,0,5.836394288,0.000960791,-0.000840814,0,1.54732112,0.14990024,-0.13545721,0,55.1788,0.1834,-0.1822
TOI-5160 b,TOI-5160,Transit,2026,0,4.280773256,4.19989E-05,-3.83583E-05,0,2.39729851,0.28717359,-0.22048406,0,151.465,1.042,-1.028
TOI-5174 b,TOI-5174,Transit,2022,0,12.214286,,,0,5.351,,,0,197.243,2.205,-2.158
TOI-5181 A b,TOI-5181 A,Transit,2025,0,3.8922295,0.0000023,-0.0000023,0,13.34989601,0.44835923,-0.42594127,0,480.155,6.772,-6.589
TOI-519 b,TOI-519,Transit,2021,0,1.2652328,0.0000005,-0.0000005,0,11.54525012,0.33626942,-0.33626942,0,115.557,0.937,-0.922
TOI-5205 b,TOI-5205,Transit,2023,0,1.630757,0.000001,-0.000001,0,11.6,0.3,-0.3,0,86.4493,0.4178,-0.4139
TOI-521 b,TOI-521,Transit,2025,0,1.54285047,0.000001,-0.0000008,0,1.98,0.14,-0.14,0,60.9425,0.2247,-0.223
TOI-5210 b,TOI-5210,Transit,2025,0,4.5661061,0.0000024,-0.0000023,0,10.72699453,0.35868738,-0.26901554,0,302.086,2.706,-2.658
TOI-5218 b,TOI-5218,Transit,2024,0,4.291452,0.000004,-0.000004,0,9.86,0.39,-0.39,0,377.483,3.627,-3.627
TOI-5232 b,TOI-5232,Transit,2024,0,4.0966692,0.0000067,-0.0000067,0,12.778238,0.57165802,-0.50440413,0,609.388,8.75,-8.511
TOI-5238 b,TOI-5238,Transit,2022,0,4.872171,,,0,5.22,,,0,290.646,1.547,-1.532
TOI-5261 b,TOI-5261,Transit,2025,0,4.1509768,0.0000068,-0.0000068,0,11.60129502,0.47077719,-0.45956821,0,377.054,7.804,-7.498
TOI-5292 A b,TOI-5292 A,Transit,2026,0,2.02191,0.000003,-0.000003,0,12.64373023,0.43715025,-0.41473229,0,337.095,8.1645,-8.1645
TOI-5293 A b,TOI-5293 A,Transit,2023,0,2.930289,0.000004,-0.000004,0,11.9,0.4,-0.4,0,162.229,1.316,-1.295
TOI-530 b,TOI-530,Transit,2021,0,6.387597,0.000019,-0.000018,0,9.30345398,0.67253884,-0.67253884,0,148.762,1.109,-1.093
TOI-5300 b,TOI-5300,Transit,2025,0,2.262196,0.000003,-0.000003,0,9.86390302,0.89671846,-0.89671846,0,162.51,0.824,-0.817
TOI-5301 b,TOI-5301,Transit,2024,0,5.858858,0.000016,-0.000016,0,13.09208946,0.85188253,-0.78462865,0,629.161,20.626,-19.378
TOI-5319 b,TOI-5319,Transit,2024,0,4.07853,0.000008,-0.000008,0,2.83,0.57,-0.59,0,61.171,0.2092,-0.2078
TOI-532 b,TOI-532,Transit,2021,0,2.3266508,0.000003,-0.000003,0,5.82,0.19,-0.19,0,135.047,0.548,-0.548
TOI-5322 b,TOI-5322,Transit,2025,0,5.4233207,0.0000039,-0.0000038,0,16.6117094,0.3474784,-0.30264248,0,476.899,11.853,-11.301
TOI-5335 b,TOI-5335,Transit,2026,0,3.613659884,0.000902754,-0.00089043,0,4.02422162,0.84491911,-0.55064827,0,331.289,4.484,-4.367
TOI-5340 b,TOI-5340,Transit,2025,0,4.9394392,0.0000071,-0.0000072,0,15.07607904,0.57165802,-0.54924005,0,532.629,11.546,-11.075
TOI-5344 b,TOI-5344,Transit,2023,0,3.792622,0.0000062,-0.0000062,0,10.60369574,0.23538859,-0.23538859,0,138.367,1.336,-1.311
TOI-5349 b,TOI-5349,Transit,2026,0,3.317921,0.000002,-0.000002,0,10.2,0.3,-0.3,0,188.336,2.125,-2.078
TOI-5350 b,TOI-5350,Transit,2025,0,7.581367,0.000012,-0.000011,0,12.41955062,0.42594127,-0.32506044,0,277.419,4.115,-3.999
TOI-5380 b,TOI-5380,Transit,2026,0,3.772292479,3.95334E-05,-4.0614E-05,0,3.48093238,0.4044094,-0.32385387,0,286.781,3.491,-3.41
TOI-5386 A b,TOI-5386 A,Transit,2025,0,3.62156552,0.00000083,-0.00000083,0,14.70618268,0.32506044,-0.31385146,0,394.486,5.777,-5.617
TOI-5388.01,TOI-5388,Transit,2024,0,2.5946748,0.0000042,-0.000003,0,0.99,0.07,-0.06,0,18.5226,0.01665,-0.01665
TOI-5398 b,TOI-5398,Transit,2022,0,10.590547,0.000012,-0.000011,0,10.3,0.4,-0.4,0,130.855,0.686,-0.678
TOI-5398 c,TOI-5398,Transit,2023,0,4.77271,0.00016,-0.00014,0,3.52,0.19,-0.19,0,130.855,0.686,-0.678
TOI-540 b,TOI-540,Transit,2020,0,1.2391491,0.0000017,-0.0000017,0,0.903,0.052,-0.052,0,14.0022,0.0088,-0.0089
TOI-5422 b,TOI-5422,Transit,2026,0,5.377219,0.00001,-0.00001,0,9.10169233,0.3474784,-0.28022452,0,346.141,7.313,-7.021
TOI-544 b,TOI-544,Transit,2022,0,1.548352,0.000002,-0.000002,0,2.018,0.076,-0.076,0,41.1166,0.0736,-0.0732
TOI-544 c,TOI-544,Radial Velocity,2023,0,50.089,0.24,-0.24,0,4.92,,,0,41.1166,0.0736,-0.0732
TOI-5486 b,TOI-5486,Transit,2026,0,2.024700732,5.68462E-06,-5.98165E-06,0,3.96824928,0.40461614,-0.3305924,0,89.6811,0.2683,-0.2668
TOI-5489 b,TOI-5489,Transit,2025,0,3.15222,0.00001,-0.00001,0,1.4,0.05,-0.05,0,45.0907,0.12615,-0.12615
TOI-5489 c,TOI-5489,Transit,2025,0,4.92126,0.00001,-0.00001,0,1.28,0.07,-0.07,0,45.0907,0.12615,-0.12615
TOI-5502 b,TOI-5502,Transit,2026,0,11.62592988,8.50484E-05,-8.05437E-05,0,4.1287378,0.39975161,-0.33665264,0,248.654,5.419,-5.197
TOI-5515 b,TOI-5515,Transit,2026,0,8.592258108,0.000770507,-0.00084099,0,2.65362762,0.25797628,-0.22080259,0,135.459,0.93,-0.917
TOI-5532 b,TOI-5532,Transit,2026,0,5.653965943,5.30914E-05,-5.15272E-05,0,2.52763693,0.64556628,-0.37858431,0,90.9985,0.32655,-0.32655
TOI-5542 b,TOI-5542,Transit,2022,0,75.12375,0.00019,-0.00018,0,11.30986153,0.40352331,-0.39231432,0,348.849,3.678,-3.604
TOI-5573 b,TOI-5573,Transit,2025,0,8.79758977,0.00000986,-0.00001001,0,9.75,0.47,-0.47,0,186.562,1.32,-1.302
TOI-558 b,TOI-558,Transit,2021,0,14.574071,0.000026,-0.000026,0,12.17295304,0.45956821,-0.42594127,0,402.63,3.855,-3.784
TOI-559 b,TOI-559,Transit,2021,0,6.9839095,0.0000051,-0.0000051,0,12.22899794,0.31385146,-0.28022452,0,233.266,1.542,-1.521
TOI-5592 b,TOI-5592,Transit,2025,0,2.6085846,0.0000018,-0.0000018,0,17.14974047,3.58687382,-1.79343691,0,597.026,9.11,-8.845
TOI-5595 b,TOI-5595,Transit,2026,0,5.990025539,2.20861E-05,-2.20756E-05,0,4.73740402,0.36062543,-0.34675941,0,136.955,0.642,-0.637
TOI-5599 b,TOI-5599,Transit,2026,0,5.436915039,2.61632E-05,-2.48241E-05,0,7.1888212,0.57201675,-0.52467258,0,547.948,6.348,-6.206
TOI-5605 b,TOI-5605,Transit,2026,0,5.913404548,5.60958E-05,-5.45885E-05,0,2.52611303,0.34360463,-0.27750529,0,95.0735,0.2571,-0.2558
TOI-561 b,TOI-561,Transit,2020,0,0.4465697,0.0000003,-0.0000003,0,1.397,0.027,-0.027,0,85.799,0.4988,-0.4932
TOI-561 c,TOI-561,Transit,2020,0,10.778838,0.000018,-0.000018,0,2.865,0.041,-0.041,0,85.799,0.4988,-0.4932
TOI-561 d,TOI-561,Transit,2020,1,25.71268,0.00012,-0.00012,0,2.615,0.059,-0.059,0,85.799,0.4988,-0.4932
TOI-561 e,TOI-561,Transit,2020,1,77.144,0.00027,-0.00027,0,2.517,0.045,-0.045,0,85.799,0.4988,-0.4932
TOI-5614 b,TOI-5614,Transit,2026,0,4.172213289,3.08013E-05,-2.995E-05,0,3.21759316,0.36584065,-0.29787539,0,223.016,0.793,-0.787
TOI-5616 b,TOI-5616,Transit,2024,0,2.002849,0.000004,-0.000004,0,10.78,0.54,-0.47,0,390.415,5.8005,-5.8005
TOI-5624 b,TOI-5624,Transit,2026,0,3.3903473,0.0000054,-0.0000054,0,2.314,0.035,-0.035,0,101.913,0.351,-0.349
TOI-5624 c,TOI-5624,Transit,2026,0,7.885385,0.000018,-0.000018,0,2.474,0.042,-0.042,0,101.913,0.351,-0.349
TOI-5624 d,TOI-5624,Transit,2026,0,13.731468,0.000042,-0.000041,0,3.584,0.051,-0.05,0,101.913,0.351,-0.349
TOI-5624 e,TOI-5624,Transit,2026,0,21.489936,0.000029,-0.000029,0,3.247,0.042,-0.043,0,101.913,0.351,-0.349
TOI-5624 f,TOI-5624,Transit Timing Variations,2026,0,45.37,0.74,-0.9,0,3.66,,,0,101.913,0.351,-0.349
TOI-5628 A b,TOI-5628 A,Transit,2026,0,4.3416612,0.0000015,-0.0000015,0,8.29464572,0.44835923,-0.44835923,0,110.03,0.916,-0.901
TOI-5630 b,TOI-5630,Transit,2026,0,3.221184525,2.39891E-05,-2.83439E-05,0,2.37117553,0.20543259,-0.18790461,0,134.047,0.358,-0.356
TOI-5634 A b,TOI-5634 A,Transit,2024,0,2.2035373,0.0000084,-0.0000084,0,10.42,0.62,-0.55,0,306.144,9.566,-9.566
TOI-564 b,TOI-564,Transit,2020,0,1.651144,0.000018,-0.000018,0,11.43318,7.95839,-3.25061,0,199.581,1.27,-1.253
TOI-5678 b,TOI-5678,Transit,2023,0,47.73022,0.00014,-0.00013,0,4.91,0.08,-0.08,0,165.393,0.703,-0.698
TOI-5688 A b,TOI-5688 A,Transit,2024,0,2.94815527,0.00000452,-0.00000448,0,10.3,0.6,-0.7,0,226.318,2.005,-1.971
TOI-5704 b,TOI-5704,Transit,2023,0,3.771116,0.0000115,-0.0000107,0,3.2274,0.1873,-0.1398,0,89.637,0.2702,-0.2687
TOI-5713 b,TOI-5713,Transit,2024,0,10.441989,0.000015,-0.000014,0,1.77,0.17,-0.14,0,40.8668,0.073,-0.0728
TOI-5716 b,TOI-5716,Transit,2025,0,6.7663,0.00001,-0.00001,0,0.96,0.05,-0.05,0,39.4122,0.0678,-0.0676
TOI-5720 b,TOI-5720,Transit,2024,0,1.4344555,0.0000036,-0.0000036,0,1.09,0.07,-0.07,0,35.8256,0.1273,-0.1264
TOI-5726.01,TOI-5726,Transit,2024,0,5.491125215,0.000009458,-0.000014569,0,2.554,0.28,-0.177,0,108.848,0.36,-0.357
TOI-5728 b,TOI-5728,Transit,2025,0,11.49761,0.00003,-0.00003,0,1.31,0.05,-0.05,0,54.7045,0.1037,-0.1032
TOI-5734 b,TOI-5734,Transit,2026,0,6.1841876,0.000008,-0.0000094,0,2.1,0.12,-0.12,0,32.5102,0.0781,-0.0779
TOI-5736 b,TOI-5736,Transit,2025,0,0.64899,0.00001,-0.00001,0,1.56,0.07,-0.07,0,92.3604,0.17715,-0.17715
TOI-5777 b,TOI-5777,Transit,2026,0,6.917161774,5.94159E-05,-5.82857E-05,0,3.09551273,3.33613185,-0.62792622,0,114.277,0.29,-0.287
TOI-5786 b,TOI-5786,Transit,2025,0,12.779107,0.000015,-0.000015,0,8.54,0.13,-0.13,0,192.475,1.137,-1.124
TOI-5788 b,TOI-5788,Transit,2026,0,6.340758,0.00003,-0.00003,0,1.528,0.075,-0.075,0,97.614,0.2226,-0.2217
TOI-5788 c,TOI-5788,Transit,2026,0,16.213362,0.000026,-0.000026,0,2.272,0.039,-0.039,0,97.614,0.2226,-0.2217
TOI-5789 b,TOI-5789,Radial Velocity,2026,0,2.76369,0.00096,-0.00096,0,1.26,,,0,20.4581,0.0379,-0.0378
TOI-5789 c,TOI-5789,Transit,2026,0,12.927748,0.000016,-0.000016,0,2.86,0.18,-0.15,0,20.4581,0.0379,-0.0378
TOI-5789 d,TOI-5789,Radial Velocity,2026,0,29.65,0.12,-0.12,0,1.91,,,0,20.4581,0.0379,-0.0378
TOI-5789 e,TOI-5789,Radial Velocity,2026,0,62.98,0.22,-0.22,0,3.43,,,0,20.4581,0.0379,-0.0378
TOI-5795 b,TOI-5795,Transit,2025,0,6.1406325,0.0000054,-0.0000054,0,5.62,0.11,-0.11,0,156.53,1.6,-1.568
TOI-5799 b,TOI-5799,Transit,2024,0,4.164507,0.000005,-0.000006,0,1.733,0.096,-0.09,0,27.8123,0.02505,-0.02505
TOI-5799 c,TOI-5799,Transit,2025,0,14.010449,0.000056,-0.000046,0,1.76,0.11,-0.1,0,27.8123,0.02505,-0.02505
TOI-5800 b,TOI-5800,Transit,2025,0,2.6278838,0.0000037,-0.0000037,0,2.46,0.18,-0.16,0,42.9052,0.0798,-0.0794
TOI-5803 b,TOI-5803,Transit,2023,0,5.38305,0.000207,-0.0002,0,3.2732,0.1251,-0.1194,0,84.0126,0.4514,-0.4468
TOI-5817 b,TOI-5817,Transit,2025,0,15.61031,0.00012,-0.0001,0,3.08,0.14,-0.14,0,80.7542,0.3914,-0.3878
TOI-5882 b,TOI-5882,Transit,2025,0,7.148972,0.000014,-0.000014,0,11.46678726,0.50440413,-0.42594127,0,416.104,3.999,-3.926
TOI-5916 b,TOI-5916,Transit,2026,0,2.367128,0.000001,-0.000001,0,11.35469745,0.35868738,-0.36989636,0,199.724,3.405,-3.295
TOI-5926 b,TOI-5926,Transit,2026,0,3.811227942,0.001109139,-0.001063191,0,7.56807148,0.99612024,-0.7289799,0,275.103,2.78,-2.725
TOI-5938 b,TOI-5938,Transit,2026,0,2.260424,0.0000036,-0.0000033,0,3.82,0.11,-0.11,0,114.035,0.368,-0.367
TOI-6000 b,TOI-6000,Transit,2025,0,0.448959,0.000011,-0.000011,0,0.94,0.05,-0.05,0,75.7664,0.1892,-0.1883
TOI-6002 b,TOI-6002,Transit,2024,0,10.904821,0.000021,-0.000018,0,1.65,0.22,-0.19,0,32.0266,0.0448,-0.0447
TOI-6008 b,TOI-6008,Transit,2024,0,0.8574347,0.0000424,-0.0000424,0,1.03,0.05,-0.05,0,23.1008,0.0293,-0.0291
TOI-6016 b,TOI-6016,Transit,2024,0,4.023687,0.000003,-0.000003,0,13.67495645,0.33626942,-0.33626942,0,364.715,3.647,-3.577
TOI-6019 b,TOI-6019,Transit,2026,0,14.547952,0.000036,-0.000035,0,12.3,0.3,-0.3,0,260.342,2.366,-2.324
TOI-6029 b,TOI-6029,Transit,2024,0,5.7987,0.0004,-0.0004,0,14.39233122,1.09848011,-1.09848011,0,603.119,11.717,-11.286
TOI-6034 b,TOI-6034,Transit,2024,0,2.576184,0.000002,-0.000002,0,11.92,0.48,-0.48,0,117.992,0.375,-0.373
TOI-6038 A b,TOI-6038 A,Transit,2025,0,5.8267311,0.0000074,-0.0000068,0,6.41,0.2,-0.16,0,179.147,1.448,-1.426
TOI-6041 b,TOI-6041,Transit,2025,0,26.04945,0.00033,-0.00034,0,4.55,0.18,-0.17,0,72.4731,0.2088,-0.2077
TOI-6041 c,TOI-6041,Radial Velocity,2025,0,88,1.6,-1.3,0,10.5,,,0,72.4731,0.2088,-0.2077
TOI-6054.01,TOI-6054,Transit,2024,0,7.501428,0.00006,-0.000063,0,2.64,0.15,-0.15,0,79.407,0.2043,-0.2033
TOI-6054.02,TOI-6054,Transit,2024,0,12.563636,0.000091,-0.000079,0,2.82,0.17,-0.16,0,79.407,0.2043,-0.2033
TOI-6080 b,TOI-6080,Transit,2026,0,8.055623481,0.000141175,-0.000140367,0,3.32424168,0.51660099,-0.35570788,0,188.183,0.807,-0.8
TOI-6086 b,TOI-6086,Transit,2024,0,1.3888725,0.0000827,-0.0000827,0,1.18,0.07,-0.07,0,31.4566,0.0406,-0.0404
TOI-6109 b,TOI-6109,Transit,2025,0,5.690476,0.000004,-0.000004,0,4.8704,0.1622,-0.1231,0,151.738,1.093,-1.078
TOI-6109 c,TOI-6109,Transit,2025,0,8.538878,0.000006,-0.000005,0,4.8326,0.0736,-0.0632,0,151.738,1.093,-1.078
TOI-6130 b,TOI-6130,Transit,2024,0,2.392679,0.000002,-0.000002,0,14.3474953,0.33626942,-0.33626942,0,220.882,2.637,-2.576
TOI-615 b,TOI-615,Transit,2023,0,4.6615983,0.0000025,-0.0000016,0,18.97680433,0.582867,-0.6389119,0,360.408,3.993,-3.909
TOI-620 b,TOI-620,Transit,2022,0,5.0988179,0.0000045,-0.0000046,0,3.76,0.15,-0.15,0,33.0231,0.0586,-0.0583
TOI-622 b,TOI-622,Transit,2023,0,6.402513,0.000031,-0.000054,0,9.2362001,0.31385146,-0.32506044,0,123.297,0.471,-0.467
TOI-6223 b,TOI-6223,Transit,2025,0,3.855219,0.000004,-0.000004,0,5.07,0.22,-0.22,0,133.122,0.535,-0.535
TOI-6255 b,TOI-6255,Transit,2024,0,0.23818244,0.00000012,-0.00000012,0,1.079,0.065,-0.065,0,20.3167,0.0236,-0.0236
TOI-628 b,TOI-628,Transit,2021,0,3.4095675,0.000007,-0.0000069,0,11.88154,0.459569,-0.381106,0,178.68,3.04,-2.942
TOI-6281 b,TOI-6281,Transit,2026,0,1.054262442,4.0443E-06,-4.07437E-06,0,1.92416074,0.18572931,-0.16416748,0,57.7451,0.1119,-0.1113
TOI-6303 b,TOI-6303,Transit,2025,0,9.485236,0.0000162,-0.0000162,0,11.59,0.61,-0.64,0,152.219,1.1895,-1.1895
TOI-6324 b,TOI-6324,Transit,2025,0,0.279221,0.0000001,-0.0000001,0,1.059,0.041,-0.041,0,20.5488,0.0152,-0.0151
TOI-6330 b,TOI-6330,Transit,2025,0,6.8500246,0.0000033,-0.0000033,0,10.89,0.37,-0.35,0,139.042,1.147,-1.128
TOI-6383 A b,TOI-6383 A,Transit,2024,0,1.79058695,0.00000087,-0.00000086,0,11.29,0.41,-0.37,0,171.319,1.333,-1.313
TOI-6393 b,TOI-6393,Transit,2026,0,9.531761103,9.7751E-05,-0.000103687,0,2.75958542,0.35078393,-0.28229752,0,186.229,1.06,-1.048
TOI-640 b,TOI-640,Transit,2021,0,5.003777,0.000002,-0.000003,0,19.2794468,0.56044903,-0.56044903,0,341.997,2.839,-2.794
TOI-6420 b,TOI-6420,Transit,2025,0,6.961508,0.000012,-0.000012,0,11.93756445,0.72858375,-0.66132986,0,634.712,15.099,-14.424
TOI-6448 b,TOI-6448,Transit,2025,0,14.844261,0.000027,-0.000028,0,8.47398941,0.76221069,-0.76221069,0,386.879,4.152,-4.066
TOI-6478 b,TOI-6478,Transit,2025,0,34.005019,0.000025,-0.000025,0,4.6,0.24,-0.24,0,38.6057,0.101,-0.1004
TOI-654.01,TOI-654,Transit,2024,0,1.527561,0.000001,-0.000001,0,2.378,0.089,-0.089,0,57.7553,0.183,-0.1819
TOI-6564 b,TOI-6564,Transit,2026,0,3.985413,0.000011,-0.000011,0,16.39873876,0.21297063,-0.21297063,0,191.372,1.39,-1.371
TOI-6628 b,TOI-6628,Transit,2025,0,18.18424,0.00001,-0.00001,0,10.98480109,0.67253884,-0.67253884,0,320.527,5.991,-5.779
TOI-663 b,TOI-663,Transit,2024,0,2.598902,0.0000032,-0.000003,0,2.27,0.1,-0.09,0,64.2308,0.1799,-0.1799
TOI-663 c,TOI-663,Transit,2024,0,4.6955507,0.0000095,-0.0000094,0,2.26,0.1,-0.1,0,64.2308,0.1799,-0.1799
TOI-663 d,TOI-663,Transit,2024,0,7.1027268,0.0000297,-0.0000279,0,1.92,0.13,-0.13,0,64.2308,0.1799,-0.1799
TOI-6651 b,TOI-6651,Transit,2024,0,5.056973,0.000016,-0.000018,0,5.09,0.27,-0.26,0,212.128,2.568,-2.508
TOI-6677 b,TOI-6677,Transit,2026,0,5.450606616,8.90281E-05,-8.13089E-05,0,5.83507112,0.48105878,-0.45960389,0,340.52,7.7,-7.372
TOI-669 b,TOI-669,Transit,2023,0,3.945152,0.000018,-0.000018,0,2.58606487,0.13042739,-0.11014467,0,142.867,0.855,-0.846
TOI-6692 b,TOI-6692,Transit,2026,0,131.125,0.012,-0.012,0,11.67975789,0.56044903,-0.54924005,0,312.903,2.434,-2.398
TOI-6695 b,TOI-6695,Transit,2025,0,80.389,0.003,-0.005,0,9.52763359,0.22417961,-0.22417961,0,282.536,3.587,-3.5
TOI-6695 c,TOI-6695,Radial Velocity,2025,0,242.4,0.4,-0.3,0,13.6,,,0,282.536,3.587,-3.5
TOI-6699 b,TOI-6699,Transit,2026,0,5.320059268,0.000248182,-0.000229219,0,2.32645266,0.41117107,-0.37089896,0,85.8463,0.4057,-0.402
TOI-6707 b,TOI-6707,Transit,2026,0,3.834793638,1.56651E-05,-1.63709E-05,0,5.72673066,0.41846318,-0.39880235,0,641.467,6.797,-6.659
TOI-6716 b,TOI-6716,Transit,2026,0,4.7185898,0.0000054,-0.0000041,0,0.982,0.067,-0.067,0,18.8873,0.0179,-0.0179
TOI-672 b,TOI-672,Transit,2023,0,3.633581,0.000001,-0.000001,0,5.31,0.24,-0.26,0,66.9071,0.15285,-0.15285
TOI-674 b,TOI-674,Transit,2021,0,1.977143,0.000003,-0.000003,0,5.25,0.17,-0.17,0,46.0851,0.1159,-0.1153
TOI-677 b,TOI-677,Transit,2020,0,11.2365985,0.0000019,-0.0000019,0,13.11450742,0.32506044,-0.33626942,0,141.812,0.622,-0.617
TOI-682.01,TOI-682,Transit,2021,0,6.8392388,0.0000127,-0.0000127,0,3.74186,0.251835,-0.251835,0,83.1548,0.3024,-0.3003
TOI-6884 b,TOI-6884,Transit,2026,0,4.808264,0.000015,-0.000014,0,10.39072511,0.57165802,-0.582867,0,562.376,15.709,-14.893
TOI-6894 b,TOI-6894,Transit,2025,0,3.37077196,0.00000059,-0.00000059,0,9.5836785,0.24659758,-0.24659758,0,73.8131,0.5308,-0.5234
TOI-6954 b,TOI-6954,Transit,2026,0,4.020741274,1.46086E-05,-1.47576E-05,0,3.63524486,0.31255602,-0.28011794,0,190.042,1.657,-1.63
TOI-697 b,TOI-697,Transit,2026,0,8.607887136,5.73538E-05,-5.5341E-05,0,2.35859364,0.20903984,-0.18176315,0,93.7714,0.2137,-0.2127
TOI-700 b,TOI-700,Transit,2020,0,9.977219,0.000041,-0.000038,0,0.914,0.053,-0.049,0,31.1265,0.0206,-0.0206
TOI-700 c,TOI-700,Transit,2020,0,16.051137,0.00002,-0.00002,0,2.6,0.14,-0.13,0,31.1265,0.0206,-0.0206
TOI-700 d,TOI-700,Transit,2020,0,37.42396,0.00039,-0.00035,0,1.073,0.059,-0.054,0,31.1265,0.0206,-0.0206
TOI-700 e,TOI-700,Transit,2023,0,27.80978,0.00046,-0.0004,0,0.953,0.089,-0.075,0,31.1265,0.0206,-0.0206
TOI-7008 b,TOI-7008,Transit,2026,0,0.840690414,1.64472E-06,-1.66072E-06,0,4.94735276,0.36048908,-0.34445624,0,410.467,2.102,-2.082
TOI-7009 b,TOI-7009,Transit,2026,0,2.3206612,0.0000042,-0.0000044,0,3.71,0.15,-0.15,0,184.12,0.475,-0.473
TOI-7041 b,TOI-7041,Transit,2025,0,9.691,0.006,-0.006,0,11.43316031,0.33626942,-0.33626942,0,439.52,5.806,-5.659
TOI-707 b,TOI-707,Transit,2026,0,52.79918,0.00021,-0.00016,0,2.416,0.098,-0.098,0,130.959,0.416,-0.413
TOI-712 b,TOI-712,Transit,2022,0,9.531361,0.000018,-0.000017,0,2.049,0.012,-0.08,0,58.6212,0.0797,-0.0795
TOI-712 c,TOI-712,Transit,2022,0,51.69906,0.00017,-0.00017,0,2.701,0.092,-0.082,0,58.6212,0.0797,-0.0795
TOI-712 d,TOI-712,Transit,2022,0,84.8396,0.00043,-0.0004,0,2.474,0.09,-0.082,0,58.6212,0.0797,-0.0795
TOI-7149 b,TOI-7149,Transit,2025,0,2.65206166,0.0000008,-0.0000008,0,13.2,0.51,-0.51,0,126.126,1.116,-1.097
TOI-715 b,TOI-715,Transit,2023,0,19.288004,0.000027,-0.000024,0,1.55,0.064,-0.064,0,42.4048,0.0857,-0.0854
TOI-7155 b,TOI-7155,Transit,2026,0,3.89489712,2.86925E-05,-2.7804E-05,0,2.40821473,0.34326283,-0.25569019,0,144.751,0.425,-0.423
TOI-7166 b,TOI-7166,Transit,2025,0,12.92063621,0.000000998,-0.000000998,0,2.01,0.06,-0.05,0,35.4153,0.0941,-0.0937
TOI-733 b,TOI-733,Transit,2023,0,4.884765,0.000019,-0.000024,0,1.992,0.085,-0.09,0,75.2092,0.1764,-0.1756
TOI-7333 b,TOI-7333,Transit,2026,0,6.264498037,3.33378E-05,-3.04197E-05,0,2.09469416,0.20576569,-0.17593549,0,157.217,0.571,-0.566
TOI-7384 b,TOI-7384,Transit,2026,0,6.2340258,0.0000034,-0.0000036,0,3.56,0.21,-0.21,0,66.7902,0.1986,-0.1975
TOI-7510 b,TOI-7510,Transit,2025,0,11.530869,,,0,7.31,0.23,-0.23,0,249.006,2.589,-2.538
TOI-7510 c,TOI-7510,Transit,2025,0,22.5687423,,,0,10.81,0.32,-0.32,0,249.006,2.589,-2.538
TOI-7510 d,TOI-7510,Transit,2025,0,48.864468,,,0,10.52,0.32,-0.32,0,249.006,2.589,-2.538
TOI-756 b,TOI-756,Transit,2025,0,1.2392495,0.0000007,-0.0000007,0,2.81,0.1,-0.1,0,86.1759,0.3147,-0.3126
TOI-756 c,TOI-756,Radial Velocity,2025,0,149.4,0.16,-0.16,0,13,,,0,86.1759,0.3147,-0.3126
TOI-757 b,TOI-757,Transit,2024,0,17.46819,0.00002,-0.00002,0,2.5,0.1,-0.1,0,60.3418,0.2017,-0.2003
TOI-762 A b,TOI-762 A,Transit,2024,0,3.4716826,0.00000072,-0.00000072,0,8.33948164,0.19055267,-0.19055267,0,98.4458,0.4327,-0.4291
TOI-763 b,TOI-763,Transit,2020,0,5.6057,0.0013,-0.0013,0,2.28,0.11,-0.11,0,95.1274,0.4536,-0.4495
TOI-763 c,TOI-763,Transit,2020,0,12.2737,0.0053,-0.0077,0,2.63,0.12,-0.12,0,95.1274,0.4536,-0.4495
TOI-771 b,TOI-771,Transit,2024,0,2.3260155,0.000001,-0.0000009,0,1.36,0.1,-0.1,0,25.2788,0.0257,-0.0257
TOI-771 c,TOI-771,Radial Velocity,2025,0,7.61,0.03,-0.03,0,1.5,,,0,25.2788,0.0257,-0.0257
TOI-776 b,TOI-776,Transit,2020,0,8.24662,0.000024,-0.000031,0,1.798,0.078,-0.077,0,27.1701,0.03205,-0.03205
TOI-776 c,TOI-776,Transit,2020,0,15.665323,0.000075,-0.00007,0,2.047,0.081,-0.078,0,27.1701,0.03205,-0.03205
TOI-778 b,TOI-778,Transit,2023,0,4.633611,0.000001,-0.000001,0,15.4,0.5,-0.5,0,161.743,1.123,-1.108
TOI-782 b,TOI-782,Transit,2024,0,8.0240015,0.0000077,-0.0000072,0,2.734,0.085,-0.085,0,52.5122,0.2044,-0.2028
TOI-784 b,HD 307842,Transit,2023,0,2.7970365,0.0000031,-0.000003,0,1.93,0.11,-0.09,0,64.5997,0.1104,-0.11
TOI-791 b,TOI-791,Transit,2026,0,139.29931,0.00011,-0.00012,0,11.13051784,0.36989636,-0.36989636,0,341.221,3.101,-3.046
TOI-791 c,TOI-791,Transit,2026,0,232.0157,0.00067,-0.00071,0,12.94637271,0.44835923,-0.44835923,0,341.221,3.101,-3.046
TOI-799 b,TOI-799,Transit,2026,0,5.545191397,4.1522E-05,-4.02803E-05,0,2.06631784,0.30545179,-0.22030926,0,158.526,0.512,-0.51
TOI-808 b,TOI-808,Transit,2026,0,9.73944854,7.19412E-05,-7.22081E-05,0,2.20344362,0.22429531,-0.18805529,0,98.1848,0.2813,-0.2797
TOI-813 b,TOI-813,Transit,2020,0,83.8911,0.0027,-0.0031,0,6.71,0.38,-0.38,0,263.145,1.578,-1.56
TOI-815 b,TOI-815,Transit,2024,0,11.197259,0.000018,-0.000017,0,2.94,0.05,-0.05,0,59.7117,0.1295,-0.1291
TOI-815 c,TOI-815,Transit,2024,0,34.976145,0.000099,-0.000097,0,2.62,0.1,-0.09,0,59.7117,0.1295,-0.1291
TOI-824 b,TOI-824,Transit,2020,0,1.392978,0.000018,-0.000017,0,2.926,0.202,-0.191,0,63.9262,0.1435,-0.1428
TOI-833 b,TOI-833,Transit,2022,0,1.0418777,0.0000324,-0.0000324,0,1.27,0.07,-0.07,0,41.7148,0.0418,-0.0418
TOI-836 b,TOI-836,Transit,2023,0,3.81673,0.00001,-0.00001,0,1.704,0.067,-0.067,0,27.5024,0.0294,-0.0293
TOI-836.01,TOI-836,Transit,2021,0,8.59545,0.00001,-0.00001,0,2.587,0.088,-0.088,0,27.5024,0.0294,-0.0293
TOI-837 b,TOI-837,Transit,2020,0,8.3249113,0.0000036,-0.0000036,0,9.16894621,0.38110534,-0.26901554,0,142.488,0.461,-0.458
TOI-849 b,TOI-849,Transit,2020,0,0.765548,0.000053,-0.000053,0,3.64,0.38,-0.38,0,225.734,1.569,-1.547
TOI-858 B b,TOI-858 B,Transit,2023,0,3.2797178,0.0000014,-0.0000014,0,14.06727078,0.43715025,-0.43715025,0,250.489,1.518,-1.5
TOI-871 b,TOI-871,Transit,2024,0,14.362565,0.00009,-0.00009,0,1.664,0.114,-0.113,0,68.0473,0.1038,-0.1035
TOI-880 c,TOI-880,Transit,2025,0,6.3872703,0.0000069,-0.0000073,0,4.95,0.2,-0.2,0,60.6679,0.1123,-0.1118
TOI-880.02,TOI-880,Transit,2024,0,2.57571,0.00028,-0.00012,0,2.19,0.11,-0.11,0,60.6679,0.1123,-0.1118
TOI-883 b,TOI-883,Transit,2026,0,10.05771849,1.13355E-05,-1.13942E-05,0,7.17166228,0.47668767,-0.46443949,0,102.637,0.574,-0.568
TOI-892 b,TOI-892,Transit,2020,0,10.62656,0.00007,-0.00007,0,11.99363,0.22418,-0.22418,0,340.543,4.894,-4.76
TOI-904 b,TOI-904,Transit,2023,0,10.8772,0.0003,-0.0003,0,2.426,0.163,-0.152,0,46.0891,0.0349,-0.0349
TOI-904 c,TOI-904,Transit,2023,0,83.9997,0.0006,-0.0007,0,2.167,0.13,-0.118,0,46.0891,0.0349,-0.0349
TOI-905 b,TOI-905,Transit,2020,0,3.739494,0.000038,-0.000038,0,13.125739,0.594077,-0.571659,0,158.649,0.725,-0.718
TOI-907.01,TOI-907,Transit,2024,0,4.5849129,,,0,9.6158851,0.6116279,-0.6116279,0,312.529,4.265,-4.155
TOI-908 b,TOI-908,Transit,2023,0,3.183792,0.000007,-0.000007,0,3.186,0.155,-0.155,0,175.748,0.638,-0.634
TOI-912 b,TOI-912,Transit,2025,0,4.6780691,0.0000017,-0.0000017,0,1.93,0.13,-0.13,0,26.1072,0.0167,-0.0166
TOI-913 b,TOI-913,Transit,2023,0,11.098644,0.000587,-0.000581,0,2.4528,0.1269,-0.1009,0,65.1769,0.0993,-0.0989
TOI-921 b,TOI-921,Transit,2026,0,5.128719076,2.01006E-05,-2.12012E-05,0,3.53409617,0.45814199,-0.34294656,0,294.015,2.033,-2.006
TOI-929 b,TOI-929,Transit,2026,0,5.830153669,3.48234E-05,-3.1119E-05,0,2.68983343,0.22609669,-0.20537812,0,114.421,0.294,-0.293
TOI-938 b,TOI-938,Transit,2026,0,8.807338822,3.57579E-05,-3.71973E-05,0,4.82401567,0.35034925,-0.32939707,0,215.034,1.926,-1.892
TOI-941 b,TOI-941,Transit,2026,0,8.514608888,2.84513E-05,-3.14738E-05,0,6.51165317,0.4529866,-0.44352176,0,263.386,6.37,-6.081
TOI-942 b,TOI-942,Transit,2020,0,4.32421,0.000019,-0.000019,0,3.89,0.25,-0.23,0,152.601,0.695,-0.689
TOI-942 c,TOI-942,Transit,2020,0,10.156272,0.000037,-0.000034,0,4.67,0.34,-0.3,0,152.601,0.695,-0.689
TOI-954 b,TOI-954,Transit,2020,0,3.6849729,0.0000027,-0.0000028,0,9.550068,0.594077,-0.694958,0,238.768,1.905,-1.875
TOI-969 b,TOI-969,Transit,2022,0,1.8237305,0.000002,-0.0000021,0,2.765,0.088,-0.097,0,77.2554,0.3267,-0.324
TOI-969 c,TOI-969,Radial Velocity,2022,0,1700,290,-280,0,12.4,,,0,77.2554,0.3267,-0.324
TRAPPIST-1 b,TRAPPIST-1,Transit,2016,0,1.510826,0.000006,-0.000006,0,1.116,0.014,-0.012,0,12.42988881,0.01870661,-0.01870661
TRAPPIST-1 c,TRAPPIST-1,Transit,2016,0,2.421937,0.000018,-0.000018,0,1.097,0.014,-0.012,0,12.42988881,0.01870661,-0.01870661
TRAPPIST-1 d,TRAPPIST-1,Transit,2016,0,4.049219,0.000026,-0.000026,0,0.788,0.011,-0.01,0,12.42988881,0.01870661,-0.01870661
TRAPPIST-1 e,TRAPPIST-1,Transit,2017,0,6.101013,0.000035,-0.000035,0,0.92,0.013,-0.012,0,12.42988881,0.01870661,-0.01870661
TRAPPIST-1 f,TRAPPIST-1,Transit,2017,0,9.20754,0.000032,-0.000032,0,1.045,0.013,-0.012,0,12.42988881,0.01870661,-0.01870661
TRAPPIST-1 g,TRAPPIST-1,Transit,2017,0,12.352446,0.000054,-0.000054,0,1.129,0.015,-0.013,0,12.42988881,0.01870661,-0.01870661
TRAPPIST-1 h,TRAPPIST-1,Transit,2017,0,18.772866,0.000214,-0.000214,0,0.755,0.014,-0.014,0,12.42988881,0.01870661,-0.01870661
TWA 7 b,TWA 7,Imaging,2025,0,,,,,12.7,,,0,33.9958,0.0768,-0.0765
TYC 0434-04538-1 b,TYC 0434-04538-1,Radial Velocity,2021,0,193.2,0.4,-0.4,0,12.7,,,0,613.422,24.3205,-24.3205
TYC 1422-614-1 b,TYC 1422-614-1,Radial Velocity,2014,0,198.4,0.42,-0.42,0,13.3,,,0,672.41,34.791,-34.791
TYC 1422-614-1 c,TYC 1422-614-1,Radial Velocity,2014,0,559.3,1.2,-1.2,0,12.5,,,0,672.41,34.791,-34.791
TYC 2187-512-1 b,TYC 2187-512-1,Radial Velocity,2022,0,691.9,8.77,-8.61,0,12.5,,,0,15.4744,0.01165,-0.01165
TYC 3318-01333-1 b,TYC 3318-01333-1,Radial Velocity,2018,0,562,4.1,-4,0,13.1,,,0,490.61,9.861,-9.861
TYC 3667-1280-1 b,TYC 3667-1280-1,Radial Velocity,2016,0,26.468,0.005,-0.005,0,12.8,,,0,477.516,9.2365,-9.2365
TYC 4282-00605-1 b,TYC 4282-00605-1,Radial Velocity,2017,0,101.54,0.05,-0.05,0,12.4,,,0,464.128,6.295,-6.132
TYC 8998-760-1 b,TYC 8998-760-1,Imaging,2020,1,,,,,21.18497352,0.67253884,-0.56044903,0,94.6177,0.2844,-0.2828
TYC 8998-760-1 c,TYC 8998-760-1,Imaging,2020,0,,,,,12.3299,6.7254,-3.3627,0,94.6177,0.2844,-0.2828
Teegarden's Star b,Teegarden's Star,Radial Velocity,2019,0,4.90634,0.00041,-0.00041,0,1.05,,,0,3.83078,0.00398,-0.00397
Teegarden's Star c,Teegarden's Star,Radial Velocity,2019,0,11.416,0.003,-0.003,0,1.02,,,0,3.83078,0.00398,-0.00397
Teegarden's Star d,Teegarden's Star,Radial Velocity,2024,0,26.13,0.03,-0.04,0,0.954,,,0,3.83078,0.00398,-0.00397
TrES-1 b,TrES-1,Transit,2004,0,3.03007,0.000008,-0.000008,0,12.66617,0.67254,-0.67254,0,159.658,0.736,-0.73
TrES-2 b,TrES-2,Transit,2006,0,2.47063,0.00001,-0.00001,0,15.24424,0.89672,-0.89672,0,215.32,1.05,-1.039
TrES-3 b,TrES-3,Transit,2007,0,1.30618581,,,0,14.975,0.347,-0.415,0,231.337,1.303,-1.288
TrES-4 b,TrES-4,Transit,2007,0,3.55395,0.000075,-0.000075,0,18.04649,2.01762,-2.01762,0,515.98,7.027,-6.843
TrES-5 b,TrES-5,Transit,2011,0,1.48224686,0.00000614,-0.00000614,0,13.383546,0.168135,-0.168135,0,360.313,1.921,-1.901
UCAC3 113-933 b,UCAC3 113-933,Imaging,2024,0,,,,,12.1,,,0,52.5829,0.10905,-0.10905
UCAC4 328-061594 b,UCAC4 328-061594,Imaging,2024,0,,,,,12.1,,,0,39.9089,0.1004,-0.1
UKIRT-2017-BLG-001L b,UKIRT-2017-BLG-001L,Microlensing,2018,0,,,,,13.7,,,0,6300,1600,-2100
USco CTIO 108 b,USco CTIO 108,Imaging,2008,0,,,,,12.3,,,0,144.019,5.219,-4.872
USco1556 b,USco1556 A,Imaging,2019,0,,,,,12.3,,,0,140.635,1.667,-1.629
USco1621 b,USco1621 A,Imaging,2019,0,,,,,12.2,,,0,137.901,0.973,-0.96
UZ For b,UZ For,Eclipse Timing Variations,2011,0,5840,1095,-1095,0,,,,,239.6038748,4.26118162,-4.26118162
UZ For c,UZ For,Eclipse Timing Variations,2011,0,1916.25,91.25,-91.25,0,,,,,239.6038748,4.26118162,-4.26118162
V0391 Peg b,V0391 Peg,Pulsation Timing Variations,2007,0,1170,44,-44,0,13.1,,,0,1195.98,78.465,-78.465
V1298 Tau b,V1298 Tau,Transit,2019,0,24.140006,0.000017,-0.000017,0,9.41,0.57,-0.57,0,108.199,0.704,-0.696
V1298 Tau c,V1298 Tau,Transit,2019,0,8.249164,0.000003,-0.000003,0,5.08,0.37,-0.37,0,108.199,0.704,-0.696
V1298 Tau d,V1298 Tau,Transit,2019,0,12.401394,0.000009,-0.000009,0,6.53,0.42,-0.42,0,108.199,0.704,-0.696
V1298 Tau e,V1298 Tau,Transit,2019,0,48.677714,0.000053,-0.000053,0,10.17,0.75,-0.75,0,108.199,0.704,-0.696
V2376 Ori b,V2376 Ori,Imaging,2025,0,,,,,87.20586985,10.87271128,-10.87271128,0,,,
V830 Tau b,V830 Tau,Radial Velocity,2016,1,4.927,0.008,-0.008,0,14,,,0,130.111,0.6975,-0.6975
VHS J125601.92-125723.9 b,VHS J125601.92-125723.9,Imaging,2015,0,5800000,3000000,-4000000,0,13.67495645,,,0,12.7,1,-1
WASP-1 b,WASP-1,Transit,2007,0,2.5199454,0.0000005,-0.0000005,0,16.623,0.269,-0.381,0,393.072,10.802,-10.249
WASP-10 b,WASP-10,Transit,2008,0,3.0927616,0.0000112,-0.0000112,0,12.106,0.224,-0.224,0,140.998,0.75,-0.742
WASP-100 b,WASP-100,Transit,2014,0,2.84938,0.000008,-0.000008,0,14.90797,1.56926,-1.56926,0,364.411,2.749,-2.709
WASP-101 b,WASP-101,Transit,2014,0,3.58572,0.000004,-0.000004,0,16.02887,1.00881,-1.00881,0,201.224,1.152,-1.139
WASP-102 b,WASP-102,Transit,2025,0,2.709813,0.0000003,-0.0000003,0,14.90794433,0.56044903,-0.56044903,0,535.689,16.068,-15.173
WASP-103 b,WASP-103,Transit,2014,0,0.925542,0.000019,-0.000019,0,17.127,0.818,-0.527,0,375.647,,
WASP-104 b,WASP-104,Transit,2014,0,1.7554137,0.0000018,-0.0000036,0,12.745,0.415,-0.415,0,185.932,1.48,-1.458
WASP-105 b,WASP-105,Transit,2017,0,7.87288,0.00001,-0.00001,0,10.76064,0.33627,-0.33627,0,169.272,,
WASP-106 b,WASP-106,Transit,2014,0,9.28969,0.00001,-0.00001,0,12.10569916,0.17934369,-0.19055267,0,352.181,6.393,-6.172
WASP-107 b,WASP-107,Transit,2017,0,5.7214876,0.0000001,-0.0000001,0,10.53646,0.22418,-0.22418,0,64.7414,0.2617,-0.2596
WASP-107 c,WASP-107,Radial Velocity,2020,0,1066,24,-25,0,13,,,0,64.7414,0.2617,-0.2596
WASP-108 b,WASP-108,Transit,2020,0,2.675552124,4.8124E-07,-4.8124E-07,0,15.13212395,0.44835923,-0.44835923,0,258.777,3.295,-3.214
WASP-11 b,WASP-11,Transit,2008,0,3.72247,0.000007,-0.000007,0,12.44199,1.1209,-1.1209,0,124.73,2.112,-2.044
WASP-110 b,WASP-110,Transit,2021,0,3.7784022,0.0000016,-0.0000016,0,13.19297028,0.31385146,-0.26901554,0,274.96,3.097,-3.03
WASP-113 b,WASP-113,Transit,2016,0,4.542168745,0.0000042,-0.0000042,0,15.793481,1.076064,-1.56926,0,435.156,4.433,-4.346
WASP-114 b,WASP-114,Transit,2016,0,1.5487743,0.0000012,-0.00000091,0,15.008851,0.717376,-0.717376,0,523.337,17.342,-16.282
WASP-116 b,WASP-116,Transit,2025,0,6.6132,0.000002,-0.000002,0,13.67495645,0.67253884,-0.67253884,0,559.243,16.108,-15.246
WASP-117 b,WASP-117,Transit,2014,0,10.02165,0.00055,-0.00055,0,11.88154,0.78463,-0.78463,0,157.963,0.636,-0.632
WASP-118 b,WASP-118,Transit,2016,0,4.0460435,0.0000044,-0.0000044,0,16.14096,0.403524,-0.403524,0,376.658,11.199,-10.58
WASP-119 b,WASP-119,Transit,2016,0,2.49979,0.00001,-0.00001,0,15.6926,2.2418,-2.2418,0,302.448,2.017,-1.991
WASP-12 b,WASP-12,Transit,2008,0,1.091418901,0.000000018,-0.000000018,0,22.02564708,0.9863903,-0.97518132,0,427.246,6.068,-5.903
WASP-120 b,WASP-120,Transit,2016,0,3.61126721,0.00000078,-0.00000078,0,15.58048317,0.89671846,-0.89671846,0,381.174,3.23,-3.177
WASP-121 b,WASP-121,Transit,2016,0,1.27492504,0.00000015,-0.00000015,0,19.52604438,0.06725388,-0.06725388,0,269.898,1.58,-1.562
WASP-123 b,WASP-123,Transit,2016,0,2.97764359,0.00000052,-0.00000052,0,15.13212395,0.56044903,-0.56044903,0,197.996,3.083,-2.993
WASP-124 b,WASP-124,Transit,2016,0,3.37265,0.000001,-0.000001,0,13.89916,0.33627,-0.33627,0,448.637,7.632,-7.384
WASP-126 b,WASP-126,Transit,2016,0,3.28883,0.0000371,-0.0000371,0,10.51358773,0.51853716,-0.51853716,0,216.526,0.936,-0.928
WASP-126 c,WASP-126,Transit Timing Variations,2019,0,7.63,0.17,-0.17,0,9.38,,,0,216.526,0.936,-0.928
WASP-127 b,WASP-127,Transit,2016,0,4.17806203,0.00000088,-0.00000053,0,14.694999,0.280225,-0.325061,0,159.507,1.21,-1.191
WASP-129 b,WASP-129,Transit,2016,0,5.748145,0.000004,-0.000004,0,10.42437,0.33627,-0.33627,0,301.462,3.38,-3.307
WASP-13 b,WASP-13,Transit,2009,0,4.35301,0.000003,-0.000003,0,13.67498,1.56926,-1.56926,0,227.537,3.11,-3.028
WASP-130 b,WASP-130,Transit,2016,0,11.55098,0.00001,-0.00001,0,9.97601,0.33627,-0.33627,0,172.256,1.39,-1.368
WASP-131 b,WASP-131,Transit,2016,0,5.3220125,0.000001,-0.000001,0,13.74221034,0.41473229,-0.41473229,0,200.075,2.659,-2.591
WASP-132 b,WASP-132,Transit,2016,0,7.1335164,0.0000019,-0.0000019,0,10.09929161,0.42594127,-0.42594127,0,122.91,0.568,-0.562
WASP-132 c,WASP-132,Transit,2022,0,1.01153624,0.00000093,-0.00000086,0,1.841,0.094,-0.093,0,122.91,0.568,-0.562
WASP-132 d,WASP-132,Radial Velocity,2024,0,1816.6,44.4,-44.4,0,12.8,,,0,122.91,0.568,-0.562
WASP-133 b,WASP-133,Transit,2016,0,2.176423,0.000001,-0.000001,0,13.56289,0.56045,-0.56045,0,559.084,16.967,-16.012
WASP-135 b,WASP-135,Transit,2015,0,1.4013794,0.0000008,-0.0000008,0,14.5717,1.00881,-1.00881,0,298.214,1.42,-1.407
WASP-136 b,WASP-136,Transit,2016,0,5.215361788,2.68524E-06,-2.68524E-06,0,16.81347105,1.6813471,-1.6813471,0,275.587,4.606,-4.46
WASP-138 b,WASP-138,Transit,2016,0,3.634433,0.000005,-0.000005,0,12.21781,0.56045,-0.56045,0,414.234,7.647,-7.379
WASP-139 b,WASP-139,Transit,2016,0,5.924262,0.000004,-0.000004,0,8.9672,0.56045,-0.56045,0,212.472,1.11,-1.098
WASP-14 b,WASP-14,Transit,2008,0,2.24375,0.00001,-0.00001,0,15.46842,0.89672,-0.89672,0,161.997,0.81,-0.802
WASP-140 b,WASP-140,Transit,2016,0,2.23598448,0.00000025,-0.00000025,0,14.23540549,0.67253884,-0.67253884,0,117.598,0.601,-0.594
WASP-141 b,WASP-141,Transit,2016,0,3.310651,0.000005,-0.000005,0,13.56289,0.89672,-0.89672,0,516.543,8.641,-8.366
WASP-142 b,WASP-142,Transit,2016,0,2.052868,0.000002,-0.000002,0,17.14977,0.89672,-0.89672,0,730.933,24.175,-22.702
WASP-144 b,WASP-144,Transit,2018,0,2.2783152,0.0000013,-0.0000013,0,9.52765,0.56045,-0.56045,0,355.513,10.668,-10.075
WASP-145 A b,WASP-145 A,Transit,2018,0,1.7690381,0.0000008,-0.0000008,0,10.0881,4.4836,-4.4836,0,91.299,0.2415,-0.2403
WASP-147 b,WASP-147,Transit,2018,0,4.60273,0.000027,-0.000027,0,12.498035,1.56926,-1.042437,0,436.098,9.35,-8.973
WASP-148 b,WASP-148,Transit,2020,0,8.803809,0.000043,-0.000043,0,8.47398941,0.14571675,-0.19055267,0,246.353,1.575,-1.555
WASP-148 c,WASP-148,Radial Velocity,2020,0,34.524,0.029,-0.029,0,13.9,,,0,246.353,1.575,-1.555
WASP-149 b,WASP-149,Transit,2025,0,1.332813,0.0000006,-0.0000005,0,15.24421375,0.67253884,-0.67253884,0,211.73,1.701,-1.675
WASP-15 b,WASP-15,Transit,2009,0,3.7521,0.00001,-0.00001,0,15.80469,4.03524,-4.03524,0,282.091,3.371,-3.294
WASP-150 b,WASP-150,Transit,2020,0,5.644207,0.000003,-0.000004,0,11.99363,0.269016,-0.280225,0,527.995,5.817,-5.694
WASP-151 b,WASP-151,Transit,2017,0,4.5334775,0.0000023,-0.0000023,0,13.30506009,0.23538859,-0.23538859,0,453.099,10.052,-9.633
WASP-153 b,WASP-153,Transit,2017,0,3.332609,0.000002,-0.000002,0,17.37395,1.1209,-0.89672,0,610.176,9.017,-8.762
WASP-154 b,WASP-154,Transit,2025,0,3.811678,0.000001,-0.000001,0,10.76062147,0.67253884,-0.67253884,0,215.501,1.979,-1.944
WASP-155 b,WASP-155,Transit,2025,0,3.110413,0.000001,-0.000001,0,13.45077684,0.67253884,-0.67253884,0,399.63,4.943,-4.825
WASP-156 b,WASP-156,Transit,2017,0,3.8361629,0.0000006,-0.0000006,0,6.15,0.12,-0.12,0,122.066,0.648,-0.641
WASP-157 b,WASP-157,Transit,2016,0,3.951623,0.000018,-0.000018,0,11.19,0.28,-0.28,0,334.037,6.51,-6.27
WASP-158 b,WASP-158,Transit,2018,0,3.656333,0.000004,-0.000004,0,11.99363,1.68135,-1.68135,0,524.993,12.575,-12.01
WASP-159 b,WASP-159,Transit,2018,0,3.840401,0.000007,-0.000007,0,15.46842,1.00881,-1.00881,0,715.383,10.775,-10.466
WASP-16 b,WASP-16,Transit,2009,0,3.1186,0.000014,-0.000014,0,13.67498,1.1209,-1.1209,0,194.134,1.944,-1.907
WASP-160 B b,WASP-160 B,Transit,2018,0,3.7684952,0.0000035,-0.0000035,0,12.21781,0.526823,-0.459569,0,288.326,2.036,-2.008
WASP-161 b,WASP-161,Transit,2018,0,5.4060425,0.0000048,-0.0000048,0,12.811887,0.728585,-0.650122,0,343.08,4.142,-4.046
WASP-162 b,WASP-162,Transit,2018,0,9.62468,0.00001,-0.00001,0,11.209,0.56045,-0.56045,0,310.841,4.122,-4.017
WASP-163 b,WASP-163,Transit,2018,0,1.6096884,0.0000015,-0.0000015,0,13.473218,1.087273,-1.087273,0,261.386,3.663,-3.564
WASP-164 b,WASP-164,Transit,2018,0,1.7771255,0.0000028,-0.0000028,0,12.643752,0.459569,-0.481987,0,327.506,4.012,-3.918
WASP-165 b,WASP-165,Transit,2018,0,3.465509,0.000023,-0.000023,0,14.12334,2.12971,-1.90553,0,602.236,28.638,-26.194
WASP-166 b,WASP-166,Transit,2019,0,5.44354,0.000004,-0.000004,0,7.06167,0.33627,-0.33627,0,114.173,0.591,-0.586
WASP-167 b,WASP-167,Transit,2017,0,2.0219596,0.0000006,-0.0000006,0,17.71022,0.56045,-0.56045,0,423.552,10.91,-10.385
WASP-168 b,WASP-168,Transit,2018,0,4.153658,0.000003,-0.000003,0,16.8135,5.6045,-3.3627,0,303.941,1.911,-1.888
WASP-169 b,WASP-169,Transit,2019,0,5.6114118,0.0000092,-0.0000092,0,14.616536,1.68135,-0.818257,0,627.066,14.159,-13.559
WASP-17 b,WASP-17,Transit,2009,0,3.73543,0.000008,-0.000008,0,20.96083,2.69016,-2.69016,0,405.908,8.779,-8.421
WASP-170 b,WASP-170,Transit,2018,0,2.34478022,0.0000036,-0.0000036,0,12.285064,0.952765,-0.952765,0,305.603,3.71,-3.623
WASP-171 b,WASP-171,Transit,2019,0,3.8186244,0.0000038,-0.0000038,0,10.98482,0.78463,-0.44836,0,757.84,19.761,-18.798
WASP-172 b,WASP-172,Transit,2018,0,5.477433,0.000007,-0.000007,0,17.59813,1.1209,-1.1209,0,538.11,15.269,-14.463
WASP-173 A b,WASP-173 A,Transit,2018,0,1.38665318,0.00000027,-0.00000027,0,13.4508,0.67254,-0.67254,0,232.98,1.79,-1.763
WASP-174 b,WASP-174,Transit,2018,0,4.2337005,0.0000018,-0.0000018,0,16.10730527,0.56044903,-0.56044903,0,410.149,10.376,-9.884
WASP-175 b,WASP-175,Transit,2019,0,3.0652907,0.0000011,-0.0000016,0,13.540472,0.907929,-0.907929,0,539.36,11.942,-11.444
WASP-176 b,WASP-176,Transit,2020,0,3.899052,0.000005,-0.000005,0,16.869545,0.56045,-0.504405,0,568.42,11.93,-11.458
WASP-177 b,WASP-177,Transit,2019,0,3.071722,0.000001,-0.000001,0,17.71022,7.39794,-4.03524,0,176.818,2.428,-2.364
WASP-178 b,WASP-178,Transit,2019,0,3.3448285,0.0000012,-0.0000012,0,20.28829,1.00881,-1.00881,0,427.678,11.35,-10.786
WASP-18 b,WASP-18,Transit,2009,0,0.94145223,0.00000024,-0.00000024,0,13.89913607,0.88550948,-0.88550948,0,123.483,0.371,-0.369
WASP-180 A b,WASP-180 A,Transit,2019,0,3.409264,0.000001,-0.000001,0,13.89916,0.44836,-0.44836,0,253.985,3.404,-3.316
WASP-181 b,WASP-181,Transit,2019,0,4.5195064,0.0000034,-0.0000034,0,13.271456,0.795839,-0.661331,0,437.495,7.964,-7.689
WASP-182 b,WASP-182,Transit,2019,0,3.3769848,0.0000024,-0.0000024,0,9.52765,0.33627,-0.33627,0,327.602,4.598,-4.474
WASP-183 b,WASP-183,Transit,2019,0,4.1117771,0.0000051,-0.0000051,0,16.47723,10.53646,-3.69897,0,325.377,3.979,-3.885
WASP-184 b,WASP-184,Transit,2019,0,5.1817,0.00001,-0.00001,0,14.90797,1.00881,-1.00881,0,663.231,16.965,-16.152
WASP-185 b,WASP-185,Transit,2019,0,9.38755,0.00002,-0.00002,0,14.01125,0.89672,-0.89672,0,279.35,3.439,-3.358
WASP-186 b,WASP-186,Transit,2020,0,5.026799,0.000012,-0.000014,0,12.44199,0.33627,-0.33627,0,278.514,3.387,-3.307
WASP-187 b,WASP-187,Transit,2020,0,5.147878,0.000005,-0.000009,0,18.38276,0.56045,-0.56045,0,371.414,6.271,-6.07
WASP-188 b,WASP-188,Transit,2025,0,5.748916,0.000003,-0.000003,0,14.81827249,0.57165802,-0.57165802,0,675.281,9.811,-9.537
WASP-189 b,WASP-189,Transit,2020,0,2.724033,,,0,18.14733975,0.23538859,-0.23538859,0,99.731,0.754,-0.7432
WASP-19 b,WASP-19,Transit,2009,0,0.78883852,0.00000075,-0.00000082,0,15.86070769,0.49319515,-0.53803107,0,268.325,1.72,-1.698
WASP-190 b,WASP-190,Transit,2019,0,5.367753,0.000004,-0.000004,0,12.89035,1.00881,-1.00881,0,542.251,10.131,-9.773
WASP-192 b,WASP-192,Transit,2019,0,2.8786765,0.0000028,-0.0000028,0,13.78707,0.89672,-0.89672,0,508.885,16.646,-15.641
WASP-193 b,WASP-193,Transit,2023,0,6.2463475,0.0000015,-0.0000015,0,14.78464554,0.62770292,-0.53803107,0,362.087,5.384,-5.232
WASP-194 b,WASP-194,Transit,2025,0,3.183387,0.0000004,-0.0000005,0,15.47960235,0.9863903,-0.9863903,0,476.831,3.89,-3.829
WASP-195 b,WASP-195,Transit,2025,0,5.051928,0.000004,-0.000004,0,10.31226224,0.56044903,-0.56044903,0,484.852,5.143,-5.038
WASP-197 b,WASP-197,Transit,2025,0,5.167228,0.000003,-0.000003,0,14.44837612,0.54924005,-0.54924005,0,483.675,12.595,-11.982
WASP-2 b,WASP-2,Transit,2007,0,2.152175,0.000012,-0.000011,0,12.116929,0.459569,-0.44836,0,153.242,1.64,-1.605
WASP-20 b,WASP-20,Transit,2015,0,4.89964477,0.00000051,-0.00000051,0,15.46839337,0.44835923,-0.44835923,0,211.877,,
WASP-21 b,WASP-21,Transit,2010,0,4.322482,0.000019,-0.000024,0,11.99,0.56,-0.56,0,258.426,2.907,-2.845
WASP-22 b,WASP-22,Transit,2010,0,3.53269,0.00001,-0.00001,0,13.78707,1.56926,-1.56926,0,317.652,5.638,-5.447
WASP-23 b,WASP-23,Transit,2010,0,2.9444256,0.0000011,-0.0000013,0,10.783,0.527,-0.628,0,207.49,1.031,-1.022
WASP-24 b,WASP-24,Transit,2010,0,2.34121,0.000002,-0.000002,0,15.46842,1.79344,-1.79344,0,322.114,4.498,-4.378
WASP-25 b,WASP-25,Transit,2010,0,3.7648337,0.0000012,-0.0000012,0,13.80946422,0.15692573,-0.19055267,0,211.416,1.468,-1.447
WASP-26 b,WASP-26,Transit,2010,0,2.7566,0.00001,-0.00001,0,13.56289,1.68135,-1.68135,0,252.759,4.761,-4.591
WASP-28 b,WASP-28,Transit,2014,0,3.40883495,0.00000015,-0.00000015,0,13.66374747,0.31385146,-0.31385146,0,348.494,5.654,-5.479
WASP-29 b,WASP-29,Transit,2010,0,3.92273,0.000004,-0.000004,0,8.63093,0.78463,-0.78463,0,87.5953,0.3117,-0.3095
WASP-3 b,WASP-3,Transit,2007,0,1.84683,0.000002,-0.000002,0,15.91678,1.90553,-1.90553,0,231.161,1.648,-1.625
WASP-31 b,WASP-31,Transit,2010,0,3.4059096,0.000005,-0.000005,0,17.363,0.56,-0.56,0,383.829,6.437,-6.231
WASP-32 b,WASP-32,Transit,2010,0,2.71866,0.000002,-0.000002,0,10.76064,1.68135,-1.68135,0,275.994,3.344,-3.267
WASP-33 b,WASP-33,Transit,2010,0,1.21987,0.000001,-0.000001,0,17.855937,0.829466,-0.829466,0,121.944,0.998,-0.983
WASP-34 b,WASP-34,Transit,2010,0,4.31768,0.000005,-0.000005,0,11.209,0.89672,-0.89672,0,132.096,0.857,-0.846
WASP-35 b,WASP-35,Transit,2011,0,3.16158,0.000002,-0.000002,0,14.5717,0.78463,-0.78463,0,202.218,1.698,-1.669
WASP-36 b,WASP-36,Transit,2011,0,1.53736596,0.00000024,-0.00000024,0,14.874343,0.235389,-0.235389,0,386.346,5.261,-5.123
WASP-37 b,WASP-37,Transit,2010,0,3.577469,0.000011,-0.000011,0,13.002,0.785,-0.673,0,392.791,7.822,-7.526
WASP-38 b,WASP-38,Transit,2010,0,6.87188,0.00001,-0.00001,0,13.78707,0.67254,-0.67254,0,136.24,0.807,-0.798
WASP-39 b,WASP-39,Transit,2011,0,4.0552941,0.0000034,-0.0000034,0,14.336311,0.44836,-0.44836,0,213.982,1.76,-1.731
WASP-4 b,WASP-4,Transit,2007,0,1.338230994,0.000000084,-0.000000084,0,15.12091496,0.12329879,-0.13450777,0,267.206,3.771,-3.67
WASP-41 b,WASP-41,Transit,2011,0,3.0524,0.000001,-0.000001,0,12.3299,0.56045,-0.56045,0,163.371,1.067,-1.052
WASP-41 c,WASP-41,Radial Velocity,2015,0,421,2,-2,0,13.1,,,0,163.371,1.067,-1.052
WASP-42 b,WASP-42,Transit,2012,0,4.9816819,0.0000011,-0.0000011,0,12.576498,0.437151,-0.437151,0,177.291,1.32,-1.301
WASP-43 b,WASP-43,Transit,2011,0,0.813475,0.000001,-0.000001,0,10.424,0.785,-1.009,0,86.7467,0.3281,-0.3257
WASP-44 b,WASP-44,Transit,2011,0,2.423804,0.000008,-0.000008,0,12.3299,0.907929,-0.851884,0,364.512,5.656,-5.49
WASP-45 b,WASP-45,Transit,2011,0,3.126089,0.000003,-0.000003,0,10.603714,0.650122,-0.571659,0,211.196,1.766,-1.737
WASP-46 b,WASP-46,Transit,2011,0,1.43036763,0.00000093,-0.00000093,0,13.159366,0.414733,-0.414733,0,375.31,4.462,-4.36
WASP-47 b,WASP-47,Transit,2012,0,4.159151,0.0000004,-0.0000004,0,12.86,0.1,-0.1,0,264.78,4.888,-4.716
WASP-47 c,WASP-47,Radial Velocity,2015,0,589.57,0.02,-0.02,0,,,,,264.78,4.888,-4.716
WASP-47 d,WASP-47,Transit,2015,0,9.030501,0.000013,-0.000013,0,3.65,0.03,-0.03,0,264.78,4.888,-4.716
WASP-47 e,WASP-47,Transit,2015,0,0.78961,0.00003,-0.00003,0,1.83,0.02,-0.02,0,264.78,4.888,-4.716
WASP-48 b,WASP-48,Transit,2011,0,2.14363,0.000003,-0.000003,0,16.8135,2.2418,-2.2418,0,454.144,4.465,-4.381
WASP-49 b,WASP-49,Transit,2012,0,2.78174,0.000006,-0.000006,0,12.44199,1.23299,-1.23299,0,194.553,1.203,-1.189
WASP-5 b,WASP-5,Transit,2008,0,1.6284279,0.0000022,-0.0000049,0,12.184,0.762,-0.796,0,309.137,3.414,-3.341
WASP-50 b,WASP-50,Transit,2011,0,1.9551,0.000005,-0.000005,0,13.069694,0.481987,-0.481987,0,184.848,1.879,-1.841
WASP-52 b,WASP-52,Transit,2012,0,1.7497798,0.0000012,-0.0000012,0,14.24,0.34,-0.34,0,174.818,1.343,-1.323
WASP-53 b,WASP-53,Transit,2017,0,3.3098443,0.000002,-0.000002,0,12.038466,0.414733,-0.414733,0,201.338,1.38,-1.362
WASP-53 c,WASP-53,Radial Velocity,2017,0,2840,170,-130,-1,,,,,201.338,1.38,-1.362
WASP-54 b,WASP-54,Transit,2012,0,3.69364,0.000006,-0.000006,0,17.71022,1.90553,-1.90553,0,251.303,4.478,-4.327
WASP-55 b,WASP-55,Transit,2012,0,4.465631,0.0000013,-0.0000013,0,14.72860064,0.23538859,-0.28022452,0,297.462,3.959,-3.858
WASP-56 b,WASP-56,Transit,2012,0,4.6171,0.000003,-0.000003,0,10.53646,1.00881,-1.00881,0,321.084,5.4,-5.228
WASP-57 b,WASP-57,Transit,2012,0,2.83891856,0.00000081,-0.00000081,0,11.76945,0.594077,-0.594077,0,398.276,5.82,-5.657
WASP-58 b,WASP-58,Transit,2012,0,5.01718,0.000011,-0.000011,0,16.02887,1.56926,-1.56926,0,290.404,1.83,-1.808
WASP-59 b,WASP-59,Transit,2012,0,7.919585,0.00001,-0.00001,0,8.687,0.762,-0.762,0,115.936,0.574,-0.568
WASP-6 b,WASP-6,Transit,2009,0,3.3610026,0.00000061,-0.0000063,0,12.5428494,0.19055267,-0.20176165,0,197.119,1.632,-1.607
WASP-60 b,WASP-60,Transit,2012,0,4.305,0.000006,-0.000006,0,9.86392,1.34508,-1.34508,0,431.052,7.554,-7.303
WASP-61 b,WASP-61,Transit,2012,0,3.8559,0.000003,-0.000003,0,15.80469,2.46598,-2.46598,0,488.66,5.558,-5.436
WASP-62 b,WASP-62,Transit,2012,0,4.41195,0.000003,-0.000003,0,14.79588,0.89672,-0.89672,0,175.631,0.59,-0.586
WASP-63 b,WASP-63,Transit,2012,0,4.37808,0.000006,-0.000006,0,15.80469,1.56926,-1.56926,0,290.684,2.034,-2.008
WASP-64 b,WASP-64,Transit,2012,0,1.5732918,0.0000015,-0.0000015,0,14.247,0.437,-0.437,0,369.926,3.026,-2.979
WASP-65 b,WASP-65,Transit,2013,0,2.3114243,0.0000015,-0.0000015,0,12.464,0.661,-0.661,0,273.703,2.733,-2.68
WASP-66 b,WASP-66,Transit,2012,0,4.08605,0.000007,-0.000007,0,15.6926,3.13852,-3.13852,0,500.258,13.509,-12.828
WASP-67 b,WASP-67,Transit,2012,0,4.61442,0.00001,-0.00001,0,12.89035,1.23299,-1.23299,0,189.469,1.557,-1.533
WASP-68 b,WASP-68,Transit,2014,0,5.0843,0.000015,-0.000015,0,14.79588,1.56926,-1.56926,0,226.399,1.621,-1.599
WASP-69 b,WASP-69,Transit,2014,0,3.86813881,0.00000013,-0.00000013,0,11.21,0.22,-0.22,0,49.9605,0.132,-0.1313
WASP-7 b,WASP-7,Transit,2008,0,4.9546416,0.0000035,-0.0000035,0,14.90797,1.042437,-1.042437,0,162.303,1.296,-1.276
WASP-70 A b,WASP-70 A,Transit,2014,0,3.7130203,0.0000047,-0.0000047,0,13.047,0.818,-1.143,0,222.355,2.888,-2.816
WASP-71 b,WASP-71,Transit,2012,0,2.90367,0.000007,-0.000007,0,13.22662,1.34508,-1.34508,0,362.715,6.98,-6.725
WASP-72 b,WASP-72,Transit,2012,0,2.21673,0.000002,-0.000002,0,14.45961,2.01762,-2.01762,0,434.754,8.537,-8.221
WASP-73 b,WASP-73,Transit,2014,0,4.08722,0.00022,-0.00022,0,15.91678,2.46598,-2.46598,0,316.678,2.993,-2.938
WASP-74 b,WASP-74,Transit,2015,0,2.13775,0.000001,-0.000001,0,15.24424,1.1209,-1.1209,0,149.216,1.149,-1.132
WASP-75 b,WASP-75,Transit,2013,0,2.484193,0.000003,-0.000003,0,14.235,0.538,-0.538,0,294.001,4.412,-4.286
WASP-76 b,WASP-76,Transit,2016,0,1.80988198,0.00000064,-0.00000056,0,20.78145022,0.86309151,-0.85188253,0,194.459,6.206,-5.839
WASP-77 A b,WASP-77 A,Transit,2012,0,1.360029395,0.000000057,-0.000000057,0,13.56,0.22,-0.22,0,105.166,1.209,-1.182
WASP-78 b,WASP-78,Transit,2012,0,2.17518,0.000005,-0.000005,0,21.63337,5.04405,-5.04405,0,754.258,17.102,-16.373
WASP-79 b,WASP-79,Transit,2012,0,3.662392,0.000004,-0.000004,0,17.14974047,0.44835923,-0.44835923,0,246.69,1.82,-1.794
WASP-8 b,WASP-8,Transit,2010,0,8.15872,0.000015,-0.000015,0,12.66617,0.56045,-0.56045,0,89.9606,0.3648,-0.3618
WASP-8 c,WASP-8,Radial Velocity,2013,0,4323,740,-380,0,12.5,,,0,89.9606,0.3648,-0.3618
WASP-80 b,WASP-80,Transit,2012,0,3.06785234,0.00000083,-0.00000079,0,11.197791,0.33627,-0.347479,0,49.7876,0.11605,-0.11605
WASP-81 b,WASP-81,Transit,2017,0,2.7164762,0.0000023,-0.0000023,0,16.017661,0.571659,-0.515614,0,398.505,7.132,-6.889
WASP-82 b,WASP-82,Transit,2015,0,2.70579,0.000002,-0.000002,0,18.15858,1.45717,-1.45717,0,275.664,3.122,-3.055
WASP-83 b,WASP-83,Transit,2015,0,4.971252,0.000015,-0.000015,0,11.65736,0.89672,-0.56045,0,271.103,3.716,-3.618
WASP-84 b,WASP-84,Transit,2014,0,8.52349648,0.0000006,-0.0000006,0,10.72,0.27,-0.27,0,100.588,0.489,-0.484
WASP-84 c,WASP-84,Transit,2023,0,1.4468849,0.0000022,-0.0000016,0,1.95,0.12,-0.12,0,100.588,0.489,-0.484
WASP-85 A b,WASP-85 A,Transit,2016,0,2.6556777,0.00000044,-0.00000044,0,13.89916,0.33627,-0.33627,0,141.887,1.229,-1.208
WASP-87 b,WASP-87,Transit,2016,0,1.682795,0.0000019,-0.0000019,0,15.524465,0.67254,-0.67254,0,298.392,3.622,-3.536
WASP-88 b,WASP-88,Transit,2014,0,4.954,0.000019,-0.000019,0,16.36514,2.35389,-2.35389,0,523.756,8.792,-8.511
WASP-89 b,WASP-89,Transit,2015,0,3.3564227,0.0000025,-0.0000025,0,11.65736,0.44836,-0.44836,0,290.946,2.692,-2.645
WASP-90 b,WASP-90,Transit,2016,0,3.916243,0.000003,-0.000003,0,18.27067,1.00881,-1.00881,0,466.433,19.928,-18.384
WASP-91 b,WASP-91,Transit,2017,0,2.798581,0.000003,-0.000003,0,11.54527,0.44836,-0.44836,0,149.942,0.519,-0.516
WASP-92 b,WASP-92,Transit,2016,0,2.1746742,0.0000016,-0.0000016,0,16.376349,0.863093,-0.863093,0,575.889,6.527,-6.385
WASP-93 b,WASP-93,Transit,2016,0,2.7325321,0.000002,-0.000002,0,17.900773,0.863093,-0.863093,0,370.284,7.938,-7.617
WASP-94 A b,WASP-94 A,Transit,2014,0,3.95019,0.000004,-0.000004,0,17.71022,1.45717,-1.45717,0,211.211,2.513,-2.454
WASP-94 B b,WASP-94 B,Radial Velocity,2014,0,2.00839,0.00024,-0.00024,0,14.1,,,0,208.696,2.064,-2.024
WASP-95 b,WASP-95,Transit,2014,0,2.18467,0.000001,-0.000001,0,13.78707,1.00881,-1.00881,0,137.544,0.795,-0.786
WASP-96 b,WASP-96,Transit,2014,0,3.4252602,0.0000027,-0.0000027,0,13.45,0.67,-0.67,0,352.464,4.746,-4.623
WASP-97 b,WASP-97,Transit,2014,0,2.07276,0.000001,-0.000001,0,12.77826,0.67254,-0.67254,0,151.068,0.511,-0.507
WASP-98 b,WASP-98,Transit,2014,0,2.96264036,0.00000043,-0.00000043,0,12.823096,0.381106,-0.381106,0,281.742,1.631,-1.612
WASP-99 b,WASP-99,Transit,2014,0,5.75251,0.00004,-0.00004,0,11.43318,0.67254,-0.67254,0,158.66,0.809,-0.8
WD 0806-661 b,WD 0806-661,Imaging,2011,0,,,,,12.10569916,0.22417961,-0.22417961,0,19.2444,0.0073,-0.0073
WD 1856+534 b,WD 1856+534,Transit,2020,0,1.4079405,0.0000011,-0.0000011,0,10.4,1,-1,0,24.7359,0.0435,-0.0433
WISE J033605.05-014350.4 b,WISE J033605.05-014350.4,Imaging,2023,0,2560,730,-730,0,12.6,,,0,,,
WISEP J121756.91+162640.2 A b,WISEP J121756.91+162640.2 A,Imaging,2012,0,,,,,10.468,0.327,-0.327,0,10.1,1.9,-1.4
WISPIT 1 b,WISPIT 1,Imaging,2025,0,,,,,12.4,,,0,230.007,1.228,-1.215
WISPIT 1 c,WISPIT 1,Imaging,2025,0,,,,,12.8,,,0,230.007,1.228,-1.215
WISPIT 2 b,WISPIT 2,Imaging,2025,0,,,,,17.93436912,,,0,134.907,2.37,-2.291
WISPIT 2 c,WISPIT 2,Imaging,2026,0,,,,,17.93436912,6.72538842,-7.84628649,0,134.907,2.37,-2.291
WTS-1 b,WTS-1,Transit,2012,0,3.352057,0.000013,-0.000015,0,16.7,1.79,-2.02,0,2346.01,341.4,-265.8
WTS-2 b,WTS-2,Transit,2014,0,1.0187068,0.00000065,-0.00000065,0,15.277867,0.683749,-0.683749,0,1030.768344,143.325494,-143.325494
Wendelstein-1 b,Wendelstein-1,Transit,2020,0,2.663416,0.000001,-0.000001,0,11.5609626,0.0683749,-0.0683749,0,305.3,3.002,-2.945
Wendelstein-2 b,Wendelstein-2,Transit,2020,0,1.7522239,0.0000008,-0.0000008,0,12.9934728,0.2286636,-0.235389,0,565.541,14.296,-13.619
Wolf 1061 b,Wolf 1061,Radial Velocity,2015,0,4.8869,0.0005,-0.0005,0,1.21,,,0,4.30592,0.00118,-0.00118
Wolf 1061 c,Wolf 1061,Radial Velocity,2015,0,17.8719,0.0059,-0.0059,0,1.66,,,0,4.30592,0.00118,-0.00118
Wolf 1061 d,Wolf 1061,Radial Velocity,2015,0,217.21,0.55,-0.52,0,2.69,,,0,4.30592,0.00118,-0.00118
Wolf 1069 b,Wolf 1069,Radial Velocity,2023,0,15.564,0.015,-0.015,0,1.08,,,0,9.58341,0.00485,-0.00485
Wolf 327 b,Wolf 327,Transit,2024,0,0.5734745,0.0000003,-0.0000003,0,1.24,0.06,-0.06,0,28.5321,0.0512,-0.0512
Wolf 503 b,Wolf 503,Transit,2018,0,6.00127,0.000021,-0.000021,0,2.043,0.069,-0.069,0,44.526,0.0964,-0.0961
XO-1 b,XO-1,Transit,2006,0,3.94153,0.000027,-0.000027,0,12.77826,0.78463,-0.78463,0,163.553,0.622,-0.617
XO-2 N b,XO-2 N,Transit,2007,0,2.61585906,0.000000252,-0.000000252,0,11.130537,0.134508,-0.134508,0,154.273,1.459,-1.433
XO-2 S b,XO-2 S,Radial Velocity,2014,0,18.22,0.001,-0.001,0,10.9,,,0,151.398,0.955,-0.944
XO-2 S c,XO-2 S,Radial Velocity,2014,0,120.059,0.013,-0.013,0,13.6,,,0,151.398,0.955,-0.944
XO-2 S d,XO-2 S,Radial Velocity,2024,0,4696,1133,-489,0,13,,,0,151.398,0.955,-0.944
XO-3 b,XO-3,Transit,2007,0,3.19152309,0.00000014,-0.00000014,0,14.79585452,0.28022452,-0.28022452,0,213.053,2.724,-2.658
XO-4 b,XO-4,Transit,2010,0,4.12508,0.000004,-0.000004,0,14.01125,0.89672,-0.89672,0,272.655,2.914,-2.855
XO-5 b,XO-5,Transit,2008,0,4.1877558,0.0000006,-0.0000006,0,12.78,0.34,-0.34,0,276.211,3.919,-3.812
XO-6 b,XO-6,Transit,2016,0,3.7650007,0.0000081,-0.0000081,0,23.20263,2.46598,-2.46598,0,235.479,2.443,-2.393
XO-7 b,XO-7,Transit,2019,0,2.8641424,0.0000043,-0.0000043,0,15.389957,0.291434,-0.291434,0,234.149,1.194,-1.181
YZ Cet b,YZ Cet,Radial Velocity,2017,0,2.02087,0.00007,-0.00009,0,0.913,,,0,3.71207,0.00109,-0.00109
YZ Cet c,YZ Cet,Radial Velocity,2017,0,3.05989,0.0001,-0.0001,0,1.05,,,0,3.71207,0.00109,-0.00109
YZ Cet d,YZ Cet,Radial Velocity,2017,0,4.65626,0.00028,-0.00029,0,1.03,,,0,3.71207,0.00109,-0.00109
ZTF J1230-2655 b,ZTF J1230-2655,Transit,2025,0,0.23597766,0.00000095,-0.00000095,0,13.78704626,0.00560449,-0.00560449,0,186.69,15.112,-13.034
ZTF J1828+2308 b,ZTF J1828+2308,Transit,2025,0,0.1120067,0.00000087,-0.00000087,0,11.13051784,0.21297063,-0.21297063,0,201.827,5.77,-5.464
alf Ari b,alf Ari,Radial Velocity,2010,0,380.8,0.3,-0.3,0,13.4,,,0,20.21019,0.404367,-0.404367
alf Tau b,alf Tau,Radial Velocity,2015,1,628.96,0.9,-0.9,0,12.7,,,0,20.4332,0.3214,-0.3214
b Cen AB b,b Cen A,Imaging,2021,0,1790000,830000,-830000,0,12.4,,,0,98.0935,6.7875,-5.9734
bet Cnc b,bet Cnc,Radial Velocity,2014,0,605.2,4,-4,0,12.6,,,0,89.0472,7.69152,-7.69152
bet Pic b,bet Pic,Imaging,2008,0,8682,55,-58,0,18.49485,0.67254,-0.67254,0,19.7442,0.132,-0.1303
bet Pic c,bet Pic,Radial Velocity,2019,0,1202,26,-11,0,12.5,,,0,19.7442,0.132,-0.1303
bet Pic d,bet Pic,Imaging,2026,0,33200,6600,-9900,0,14.12331568,0.33626942,-0.33626942,0,19.7442,0.132,-0.1303
bet UMi b,bet UMi,Radial Velocity,2014,0,522.3,2.7,-2.7,0,12.7,,,0,38.77472,0.781809,-0.781809
eps CrB b,eps CrB,Radial Velocity,2012,0,417.9,0.5,-0.5,0,12.7,,,0,69.8683,1.073,-1.0415
eps Eri b,eps Eri,Radial Velocity,2000,0,2680,30,-30,0,13.8,,,0,3.2026,0.00483,-0.00483
eps Ind A b,eps Ind A,Radial Velocity,2019,0,25450,4387,-3302,0,12.7,,,0,3.63857,0.00333,-0.00333
eps Tau b,eps Tau,Radial Velocity,2006,0,585.82,0.26,-0.33,0,12.7,,,0,47.52852,1.85235,-1.85235
gam Cep b,gam Cep,Radial Velocity,2003,0,913,3,-3,0,12.7,,,0,14.1024,0.0989298,-0.0989298
gam Lib b,gam Lib,Radial Velocity,2018,0,414.88,1.24,-1.47,0,13.7,,,0,47.4017,0.90845,-0.90845
gam Lib c,gam Lib,Radial Velocity,2018,0,966.49,2.27,-1.96,0,12.8,,,0,47.4017,0.90845,-0.90845
gam Psc b,gam Psc,Radial Velocity,2021,0,555.1,6,-2.5,0,13.6,,,0,41.3107,0.6738,-0.6738
gam1 Leo b,gam1 Leo,Radial Velocity,2009,0,428.5,1.25,-1.25,0,12.5,,,0,39.8883,0.82736,-0.82736
iot Dra b,iot Dra,Radial Velocity,2002,0,510.8544,0.0128,-0.0128,0,12.4,,,0,31.32832,0.500546,-0.500546
iot Dra c,iot Dra,Radial Velocity,2021,0,25000,22000,-13000,0,12.2,,,0,31.32832,0.500546,-0.500546
kap And b,kap And,Imaging,2012,0,,,,,15.91675259,0.67253884,-0.67253884,0,50.0177,0.8766,-0.8474
kap CrB b,kap CrB,Radial Velocity,2007,0,1253.68,3.07,-6.48,0,13.3,,,0,30.0651,0.09865,-0.09865
mu Leo b,mu Leo,Radial Velocity,2014,0,357.8,1.2,-1.2,0,13.3,,,0,32.6081,0.4521,-0.4521
mu2 Sco b,mu2 Sco,Imaging,2022,0,,,,,12.3,,,0,,,
nu Oct A b,nu Oct A,Radial Velocity,2016,1,402.4,7.7,-6,0,13.3,,,0,21.1999,1.30061,-1.30061
nu Oph b,nu Oph,Radial Velocity,2012,0,529.93,0.08,-0.07,0,12,,,0,46.2107,1.73313,-1.73313
nu Oph c,nu Oph,Radial Velocity,2012,0,3180.6,5.01,-4.52,0,12,,,0,46.2107,1.73313,-1.73313
ome Ser b,ome Ser,Radial Velocity,2013,0,278.59,0.8,-0.61,0,14,,,0,76.7556,0.7949,-0.7949
omi CrB b,omi CrB,Radial Velocity,2012,0,187.01,0.15,-0.16,0,13.7,,,0,84.7883,0.5533,-0.5533
omi UMa b,omi UMa,Radial Velocity,2012,0,1569.81,12.76,-13.59,0,13,,,0,54.9149,2.06076,-2.06076
pi Men c,HD 39091,Transit,2018,0,6.2678399,0.000011,-0.000011,0,2.0189,0.0465,-0.0448,0,18.2702,0.0226,-0.0226
pi Men d,HD 39091,Radial Velocity,2022,0,124.64,0.48,-0.52,0,3.72,,,0,18.2702,0.0226,-0.0226
psi1 Dra B b,psi1 Dra B,Radial Velocity,2015,0,3117,42,-42,0,13.5,,,0,22.7188,0.0258,-0.0258
rho CrB b,rho CrB,Radial Velocity,1997,1,39.849,0.002,-0.002,0,13.7,,,0,17.4671,0.0241,-0.024
rho CrB c,rho CrB,Radial Velocity,2016,0,102.036,0.204,-0.204,0,5.68,,,0,17.4671,0.0241,-0.024
rho CrB e,rho CrB,Radial Velocity,2023,0,12.904,0.011,-0.011,0,1.75,,,0,17.4671,0.0241,-0.024
tau Boo b,tau Boo,Radial Velocity,1996,0,3.3124568,0.0000069,-0.0000069,0,12.8,,,0,15.6521,0.0847,-0.0838
tau Cet f,tau Cet,Radial Velocity,2017,1,636.13,11.7,-47.69,0,1.81,,,0,3.60304,0.00678,-0.00675
tau Cet g,tau Cet,Radial Velocity,2017,1,20,0.02,-0.01,0,1.18,,,0,3.60304,0.00678,-0.00675
tau Cet h,tau Cet,Radial Velocity,2017,1,49.41,0.08,-0.1,0,1.19,,,0,3.60304,0.00678,-0.00675
tau Gem b,tau Gem,Radial Velocity,2013,0,305.5,0.1,-0.1,0,12.1,,,0,112.537,4.253,-3.959
ups And b,ups And,Radial Velocity,1996,0,4.617033,0.000023,-0.000023,0,14,,,0,13.4054,0.0635,-0.0629
ups And c,ups And,Radial Velocity,1999,0,241.258,0.064,-0.064,0,12.3,,,0,13.4054,0.0635,-0.0629
ups And d,ups And,Radial Velocity,1999,0,1276.46,0.57,-0.57,0,12.5,,,0,13.4054,0.0635,-0.0629
ups Leo b,ups Leo,Radial Velocity,2021,0,385.2,2.8,-1.3,0,14.2,,,0,52.5973,0.9272,-0.8963
xi Aql b,xi Aql,Radial Velocity,2007,0,136.97,0.11,-0.18,0,13.4,,,0,56.1858,0.55975,-0.55975
